{"skeleton":{"hash":"Dmug2gS174bY73jLUciWee/G5xQ","spine":"3.8.99","x":-130.7,"y":-94,"width":260.5,"height":284.21,"images":"./images/","audio":"D:/01 JOB/01. ZEN STUDIO/24. RED BALL/ANIMATION/RollerBall_Anim_Enemy/Enemy01"},"bones":[{"name":"root"},{"name":"char","parent":"root","scaleX":0.5,"scaleY":0.5},{"name":"pelvid","parent":"char","color":"e84141ff"},{"name":"facial","parent":"pelvid","x":247.39,"y":100.83,"color":"e84141ff"},{"name":"M","parent":"facial","x":-3.68,"y":-59.62,"color":"e84141ff"},{"name":"effect","parent":"root","x":-6.94,"y":-5.14,"scaleX":0.5,"scaleY":0.5},{"name":"effect2","parent":"effect","x":56.38,"y":-0.55},{"name":"Y","parent":"facial","x":-3.39,"y":-33.63,"color":"e84141ff"},{"name":"Y2","parent":"Y","x":-313.77,"y":-14.83,"color":"e84141ff"},{"name":"Y3","parent":"Y","x":-169.81,"y":-14.83,"color":"e84141ff"}],"slots":[{"name":"sau","bone":"effect2","attachment":"sau"},{"name":"body","bone":"pelvid","attachment":"body"},{"name":"effect_body","bone":"effect","attachment":"effect_body"},{"name":"M1","bone":"M","attachment":"M1"},{"name":"Y1","bone":"Y","attachment":"Y1"},{"name":"icon_star","bone":"effect"},{"name":"Ellipse 1","bone":"Y2"},{"name":"Ellipse 2","bone":"Y3"},{"name":"Matkinh","bone":"facial","attachment":"Matkinh"},{"name":"effect_1","bone":"effect","attachment":"effect_1"}],"skins":[{"name":"default","attachments":{"Ellipse 1":{"Ellipse 1":{"type":"mesh","uvs":[1,1,0,1,0,0,1,0],"triangles":[1,2,3,1,3,0],"vertices":[50.41,-37.88,-55.59,-37.88,-55.59,55.12,50.41,55.12],"hull":4,"edges":[0,2,2,4,4,6,0,6],"width":106,"height":93}},"Ellipse 2":{"Ellipse 1":{"type":"mesh","uvs":[1,1,0,1,0,0,1,0],"triangles":[1,2,3,1,3,0],"vertices":[50.41,-37.88,-55.59,-37.88,-55.59,55.12,50.41,55.12],"hull":4,"edges":[0,2,2,4,4,6,0,6],"width":106,"height":93}},"M1":{"M1":{"type":"mesh","uvs":[1,1,0,1,0,0,1,0],"triangles":[1,2,3,1,3,0],"vertices":[-94.59,-178.12,-390.59,-178.12,-390.59,-57.12,-94.59,-57.12],"hull":4,"edges":[0,2,2,4,4,6,0,6],"width":296,"height":121},"M2":{"type":"mesh","uvs":[1,1,0,1,0,0,1,0],"triangles":[1,2,3,1,3,0],"vertices":[-119.09,-144.44,-386.09,-144.44,-386.09,-72.44,-119.09,-72.44],"hull":4,"edges":[0,2,2,4,4,6,0,6],"width":267,"height":72}},"Matkinh":{"Matkinh":{"type":"mesh","uvs":[1,1,0,1,0,0,1,0],"triangles":[1,2,3,1,3,0],"vertices":[-40.51,-137.03,-464.51,-137.03,-464.51,15.97,-40.51,15.97],"hull":4,"edges":[0,2,2,4,4,6,0,6],"width":424,"height":153}},"Y1":{"Y1":{"type":"mesh","uvs":[1,1,0,1,0,0,1,0],"triangles":[1,2,3,1,3,0],"vertices":[-105,-80.93,-383,-80.93,-383,55.07,-105,55.07],"hull":4,"edges":[0,2,2,4,4,6,0,6],"width":278,"height":136},"Y2":{"type":"mesh","uvs":[1,1,0,1,0,0,1,0],"triangles":[1,2,3,1,3,0],"vertices":[-105.04,-79.93,-382.11,-79.93,-382.11,54.07,-105.04,54.07],"hull":4,"edges":[0,2,2,4,4,6,0,6],"width":258,"height":115},"Y3":{"type":"mesh","uvs":[1,1,0,1,0,0,1,0],"triangles":[1,2,3,1,3,0],"vertices":[-102.5,-84.93,-385.5,-84.93,-385.5,55.07,-102.5,55.07],"hull":4,"edges":[0,2,2,4,4,6,0,6],"width":283,"height":140}},"body":{"body":{"y":0.52,"width":348,"height":348}},"effect_1":{"effect_1":{"type":"mesh","uvs":[1,1,0,1,0,0,1,0],"triangles":[1,2,3,1,3,0],"vertices":[234.16,-130.91,-202.85,-130.91,-202.85,390.7,234.16,390.7],"hull":4,"edges":[0,2,2,4,4,6,0,6],"width":1000,"height":1000},"effect_2":{"type":"mesh","uvs":[1,1,0,1,0,0,1,0],"triangles":[1,2,3,1,3,0],"vertices":[234.16,-130.91,-202.85,-130.91,-202.85,390.7,234.16,390.7],"hull":4,"edges":[0,2,2,4,4,6,0,6],"width":1000,"height":1000},"effect_3":{"type":"mesh","uvs":[1,1,0,1,0,0,1,0],"triangles":[1,2,3,1,3,0],"vertices":[234.16,-130.91,-202.85,-130.91,-202.85,390.7,234.16,390.7],"hull":4,"edges":[0,2,2,4,4,6,0,6],"width":1000,"height":1000},"effect_4":{"type":"mesh","uvs":[1,1,0,1,0,0,1,0],"triangles":[1,2,3,1,3,0],"vertices":[234.16,-130.91,-202.85,-130.91,-202.85,390.7,234.16,390.7],"hull":4,"edges":[0,2,2,4,4,6,0,6],"width":1000,"height":1000},"effect_5":{"type":"mesh","uvs":[1,1,0,1,0,0,1,0],"triangles":[1,2,3,1,3,0],"vertices":[234.16,-130.91,-202.85,-130.91,-202.85,390.7,234.16,390.7],"hull":4,"edges":[0,2,2,4,4,6,0,6],"width":1000,"height":1000},"effect_6":{"type":"mesh","uvs":[1,1,0,1,0,0,1,0],"triangles":[1,2,3,1,3,0],"vertices":[234.16,-130.91,-202.85,-130.91,-202.85,390.7,234.16,390.7],"hull":4,"edges":[0,2,2,4,4,6,0,6],"width":1000,"height":1000},"effect_7":{"type":"mesh","uvs":[1,1,0,1,0,0,1,0],"triangles":[1,2,3,1,3,0],"vertices":[234.16,-130.91,-202.85,-130.91,-202.85,390.7,234.16,390.7],"hull":4,"edges":[0,2,2,4,4,6,0,6],"width":1000,"height":1000},"effect_8":{"type":"mesh","uvs":[1,1,0,1,0,0,1,0],"triangles":[1,2,3,1,3,0],"vertices":[234.16,-130.91,-202.85,-130.91,-202.85,390.7,234.16,390.7],"hull":4,"edges":[0,2,2,4,4,6,0,6],"width":1000,"height":1000},"effect_9":{"type":"mesh","uvs":[1,1,0,1,0,0,1,0],"triangles":[1,2,3,1,3,0],"vertices":[234.16,-130.91,-202.85,-130.91,-202.85,390.7,234.16,390.7],"hull":4,"edges":[0,2,2,4,4,6,0,6],"width":1000,"height":1000},"effect_10":{"type":"mesh","uvs":[1,1,0,1,0,0,1,0],"triangles":[1,2,3,1,3,0],"vertices":[234.16,-130.91,-202.85,-130.91,-202.85,390.7,234.16,390.7],"hull":4,"edges":[0,2,2,4,4,6,0,6],"width":1000,"height":1000}},"effect_body":{"effect_body":{"x":12.97,"y":29.28,"width":521,"height":414}},"icon_star":{"icon_star":{"type":"mesh","uvs":[1,1,0,1,0,0,1,0],"triangles":[1,2,3,1,3,0],"vertices":[-156.6,136.76,-229.6,136.76,-229.6,213.76,-156.6,213.76],"hull":4,"edges":[0,2,2,4,4,6,0,6],"width":73,"height":77}},"sau":{"sau":{"type":"mesh","uvs":[1,1,0,1,0,0,1,0],"triangles":[1,2,3,1,3,0],"vertices":[204.99,-61.84,-290.01,-61.84,-290.01,223.16,204.99,223.16],"hull":4,"edges":[0,2,2,4,4,6,0,6],"width":495,"height":285}}}}],"animations":{"01 Idle":{"slots":{"M1":{"attachment":[{"name":"M2"}]},"Y1":{"attachment":[{"time":0.3667,"name":"Y1"},{"time":0.4333,"name":"Y2"},{"time":0.6,"name":"Y1"}]},"effect_1":{"attachment":[{"name":"effect_1"},{"time":0.1,"name":"effect_2"},{"time":0.2333,"name":"effect_3"},{"time":0.3333,"name":"effect_4"},{"time":0.4333,"name":"effect_5"},{"time":0.5667,"name":"effect_6"},{"time":0.6667,"name":"effect_7"},{"time":0.7667,"name":"effect_8"},{"time":0.9,"name":"effect_9"},{"time":1,"name":"effect_10"}]},"effect_body":{"color":[{"color":"ffffffff","curve":0.25,"c3":0.75},{"time":0.2333,"color":"ffffff00","curve":0.25,"c3":0.75},{"time":0.4667,"color":"ffffffff","curve":0.25,"c3":0.75},{"time":0.7333,"color":"ffffff00","curve":0.25,"c3":0.75},{"time":1,"color":"ffffffff"}]}},"bones":{"pelvid":{"scale":[{}]},"facial":{"translate":[{},{"time":0.5,"y":-3.68},{"time":1}]}},"deform":{"default":{"M1":{"M2":[{"vertices":[18.964,-10.34399,18.964,-10.34399,18.964,-10.34399,18.964,-10.34399]},{"time":0.6,"vertices":[18.964,-21.54997,18.964,-21.54997,18.964,-21.54997,18.964,-21.54997]},{"time":1,"vertices":[18.964,-10.34399,18.964,-10.34399,18.964,-10.34399,18.964,-10.34399]}]}}}},"02 Hit":{"slots":{"M1":{"attachment":[{"name":"M2"},{"time":0.1,"name":"M1"},{"time":0.2667,"name":"M2"}]},"Y1":{"attachment":[{"name":"Y1"},{"time":0.1,"name":"Y2"},{"time":0.2,"name":"Y1"},{"time":0.3333,"name":"Y2"}]},"effect_1":{"attachment":[{"name":"effect_1"},{"time":0.0667,"name":"effect_3"},{"time":0.1333,"name":"effect_7"},{"time":0.2,"name":"effect_8"},{"time":0.2667,"name":"effect_9"},{"time":0.3333,"name":"effect_10"}]},"effect_body":{"color":[{"color":"ffffff00","curve":0.25,"c3":0.75},{"time":0.1,"color":"ffffffff","curve":0.25,"c3":0.75},{"time":0.2333,"color":"ffffff00","curve":"stepped"},{"time":0.3333,"color":"ffffff00"}]}},"bones":{"pelvid":{"scale":[{}]},"facial":{"translate":[{"curve":"stepped"},{"time":0.3333}]}},"deform":{"default":{"M1":{"M2":[{},{"time":0.0667,"vertices":[40.51395,-12.06805,-16.37801,-12.06805,-16.37799,-7.75797,40.51396,-7.75797],"curve":"stepped"},{"time":0.2667,"vertices":[40.51395,-12.06805,-16.37801,-12.06805,-16.37799,-7.75797,40.51396,-7.75797]},{"time":0.3333}],"M1":[{"time":0.1,"offset":1,"vertices":[19.82602,2.0E-5,19.82602,0,-18.96401,0,-18.96401]},{"time":0.1667}]}}}},"03 Tired":{"slots":{"Ellipse 1":{"attachment":[{"name":"Ellipse 1"}]},"Ellipse 2":{"attachment":[{"name":"Ellipse 1"}]},"M1":{"attachment":[{"name":"M1"}]},"Y1":{"attachment":[{"name":"Y3"}]},"effect_1":{"attachment":[{"name":null}]},"effect_body":{"attachment":[{"name":null}]},"icon_star":{"attachment":[{"name":"icon_star"}]}},"bones":{"pelvid":{"scale":[{"curve":"stepped"},{"time":1}]},"facial":{"translate":[{},{"time":0.6,"y":-3.68},{"time":1}]},"Y2":{"rotate":[{"curve":0.25,"c3":0.75},{"time":0.3667,"angle":-120,"curve":0.25,"c3":0.75},{"time":0.7,"angle":120,"curve":0.25,"c3":0.75},{"time":1}]},"Y3":{"rotate":[{"angle":113.82,"curve":0.293,"c2":0.18,"c3":0.755},{"time":0.2667,"curve":0.25,"c3":0.75},{"time":0.6333,"angle":-120,"curve":0.25,"c3":0.75},{"time":0.9667,"angle":120,"curve":0.302,"c3":0.638,"c4":0.36},{"time":1,"angle":113.82}]}},"deform":{"default":{"Ellipse 1":{"Ellipse 1":[{}]},"Ellipse 2":{"Ellipse 1":[{}]},"M1":{"M1":[{},{"time":0.5333,"offset":1,"vertices":[12.06799,2.0E-5,12.06799,-6.0E-5,-14.654,-6.0E-5,-14.654]},{"time":1}]},"Matkinh":{"Matkinh":[{"vertices":[12.04327,30.43777,23.92863,-69.24896,-12.04335,-73.53783,-23.92857,26.14898]}]},"icon_star":{"icon_star":[{"vertices":[-9.90471,-7.4041,-7.92146,9.49605,9.90471,7.40413,7.92146,-9.49605]},{"time":0.1,"vertices":[78.11401,-43.3663,79.49239,-29.24718,94.38516,-30.70108,93.00673,-44.82022]},{"time":0.2333,"vertices":[201.24895,-46.61703,201.24895,-46.61703,201.24895,-46.61703,201.24895,-46.61703]},{"time":0.4,"vertices":[318.76636,-21.20135,320.10056,-35.09423,305.44656,-36.50148,304.11224,-22.60859]},{"time":0.5,"vertices":[390.5298,16.79529,396.02704,-10.99673,366.71222,-16.79529,361.21497,10.99675]},{"time":0.6333,"vertices":[283.84137,40.18079,285.13797,26.48304,270.6897,25.11536,269.3931,38.8131]},{"time":0.7333,"vertices":[201.24895,37.52103,201.24895,37.52103,201.24895,37.52103,201.24895,37.52103]},{"time":0.9,"vertices":[67.26408,28.4446,68.66421,42.67344,83.67271,41.19657,82.27255,26.96772]},{"time":1}]}}},"drawOrder":[{"time":0.5333,"offsets":[{"slot":"icon_star","offset":-5}]}]},"04 Attack 1":{"slots":{"M1":{"attachment":[{"time":0.1,"name":"M1"}]},"Y1":{"attachment":[{"time":0.3333,"name":"Y2"},{"time":0.4667,"name":"Y1"}]},"effect_1":{"attachment":[{"name":"effect_1"},{"time":0.1,"name":"effect_2"},{"time":0.2333,"name":"effect_3"},{"time":0.3333,"name":"effect_4"},{"time":0.4333,"name":"effect_5"},{"time":0.5667,"name":"effect_6"},{"time":0.6667,"name":"effect_7"},{"time":0.7667,"name":"effect_8"},{"time":0.8667,"name":"effect_9"},{"time":1,"name":"effect_10"}]},"effect_body":{"color":[{"color":"ffffff00"}]}},"bones":{"pelvid":{"scale":[{}]},"facial":{"translate":[{"curve":"stepped"},{"time":1}]}},"deform":{"default":{"M1":{"M1":[{},{"time":0.5,"offset":1,"vertices":[19.82602,0,19.82602,0,-17.24,0,-17.24]},{"time":1}]},"Y1":{"Y1":[{"curve":"stepped"},{"time":0.1667},{"time":0.2667,"offset":1,"vertices":[2.58595,0,2.58595,0,-13.79199,0,-13.79199]}]}}}}}}