{"skeleton":{"hash":"/aYc/uCzCNynheOEK7RTJm9pb4g","spine":"3.8.99","x":-32.55,"y":-31.58,"width":62.47,"height":62.63,"images":"./images/","audio":"D:/01 JOB/01. ZEN STUDIO/24. RED BALL/ANIMATION/RollerBall_Anim_Enemy/Enemy01"},"bones":[{"name":"root"},{"name":"char","parent":"root","scaleX":0.17,"scaleY":0.17},{"name":"pelvid","parent":"char","color":"e84141ff"},{"name":"facial","parent":"pelvid","x":247.39,"y":100.83,"color":"e84141ff"},{"name":"Y black","parent":"facial","x":-2.21,"y":-21.34,"color":"e84141ff"},{"name":"Y","parent":"facial","x":-2.21,"y":-34.59,"color":"e84141ff"},{"name":"M","parent":"facial","x":-3.68,"y":-59.62,"color":"e84141ff"},{"name":"Y2","parent":"facial","x":128.82,"y":-50.64,"color":"e84141ff"}],"slots":[{"name":"sau","bone":"pelvid","attachment":"sau"},{"name":"body","bone":"pelvid","attachment":"body"},{"name":"Y1","bone":"Y","attachment":"Y1"},{"name":"Ellipse 1","bone":"Y black","attachment":"Ellipse 1"},{"name":"M1","bone":"M","attachment":"M2"},{"name":"Y2","bone":"Y2","attachment":"YR1"},{"name":"cheek","bone":"facial"},{"name":"cheek2","bone":"facial"}],"skins":[{"name":"default","attachments":{"Ellipse 1":{"Ellipse 1":{"type":"mesh","uvs":[1,1,0,1,0,0,1,0],"triangles":[1,2,3,1,3,0],"vertices":[-163.66,-58.95,-333.66,-58.95,-333.66,-2.95,-163.66,-2.95],"hull":4,"edges":[0,2,2,4,4,6,0,6],"width":170,"height":56}},"M1":{"M1":{"type":"mesh","uvs":[1,1,0,1,0,0,1,0],"triangles":[1,2,3,1,3,0],"vertices":[-94.85,-178.51,-392.85,-178.51,-392.85,-55.51,-94.85,-55.51],"hull":4,"edges":[0,2,2,4,4,6,0,6],"width":298,"height":123},"M2":{"type":"mesh","uvs":[1,1,0,1,0,0,1,0],"triangles":[1,2,3,1,3,0],"vertices":[-100.08,-163.73,-380.08,-163.73,-380.08,-75.73,-100.08,-75.73],"hull":4,"edges":[0,2,2,4,4,6,0,6],"width":280,"height":88},"M3":{"type":"mesh","uvs":[1,1,0,1,0,0,1,0],"triangles":[1,2,3,1,3,0],"vertices":[-203.79,-159,-283.79,-159,-283.79,-61,-203.79,-61],"hull":4,"edges":[0,2,2,4,4,6,0,6],"width":79,"height":96}},"Y1":{"Y1":{"type":"mesh","uvs":[1,1,0,1,0,0,1,0],"triangles":[1,2,3,1,3,0],"vertices":[-112.45,-80.49,-377.45,-80.49,-377.45,57.51,-112.45,57.51],"hull":4,"edges":[0,2,2,4,4,6,0,6],"width":265,"height":138},"Y2":{"type":"mesh","uvs":[1,1,0,1,0,0,1,0],"triangles":[1,2,3,1,3,0],"vertices":[-116.56,-79.84,-376.56,-79.84,-376.56,37.16,-116.56,37.16],"hull":4,"edges":[0,2,2,4,4,6,0,6],"width":260,"height":117},"Y3":{"type":"mesh","uvs":[1,1,0,1,0,0,1,0],"triangles":[1,2,3,1,3,0],"vertices":[-110.12,-79.33,-377.12,-79.33,-377.12,61.67,-110.12,61.67],"hull":4,"edges":[0,2,2,4,4,6,0,6],"width":267,"height":141}},"Y2":{"YR1":{"type":"mesh","uvs":[1,1,0,1,0,0,1,0],"triangles":[1,2,3,1,3,0],"vertices":[-223.45,-84.99,-377.45,-84.99,-377.45,62.01,-223.45,62.01],"hull":4,"edges":[0,2,2,4,4,6,0,6],"width":154,"height":147},"YR2":{"type":"mesh","uvs":[1,1,0,1,0,0,1,0],"triangles":[1,2,3,1,3,0],"vertices":[-223.45,-77.99,-377.45,-77.99,-377.45,62.01,-223.45,62.01],"hull":4,"edges":[0,2,2,4,4,6,0,6],"width":154,"height":140}},"body":{"body":{"y":0.52,"width":353,"height":339}},"cheek":{"cheek":{"type":"mesh","uvs":[1,1,0,1,0,0,1,0],"triangles":[1,2,3,1,3,0],"vertices":[-281.87,-233.08,-421.87,-233.08,-421.87,-90.08,-281.87,-90.08],"hull":4,"edges":[0,2,2,4,4,6,0,6],"width":138,"height":141}},"cheek2":{"cheek":{"type":"mesh","uvs":[1,1,0,1,0,0,1,0],"triangles":[1,2,3,1,3,0],"vertices":[-80.72,-233.08,-220.72,-233.08,-220.72,-90.08,-80.72,-90.08],"hull":4,"edges":[0,2,2,4,4,6,0,6],"width":138,"height":141}},"sau":{"sau":{"x":-7.93,"y":-1.56,"width":377,"height":378}}}}],"animations":{"01 Idle":{"slots":{"Ellipse 1":{"attachment":[{"time":0.4333,"name":null},{"time":0.5333,"name":"Ellipse 1"}]},"Y1":{"attachment":[{"time":0.4333,"name":"Y2"},{"time":0.5333,"name":"Y1"}]}},"bones":{"pelvid":{"scale":[{}]},"facial":{"translate":[{},{"time":0.5,"y":-3.68},{"time":1}]}},"deform":{"default":{"Ellipse 1":{"Ellipse 1":[{"curve":"stepped"},{"time":1}]},"M1":{"M1":[{},{"time":0.6,"offset":1,"vertices":[-7.36,0,-7.36,0,1.472,0,1.472]},{"time":1}]}}}},"02 Alert":{"slots":{"M1":{"attachment":[{"time":0.2,"name":"M1"},{"time":0.8667,"name":"M2"}]},"Y2":{"attachment":[{"name":"YR1"},{"time":0.2,"name":"YR2"},{"time":0.4333,"name":"YR1"},{"time":0.6333,"name":"YR2"},{"time":0.8,"name":"YR1"},{"time":1,"name":"YR2"}]}},"bones":{"pelvid":{"scale":[{}]},"facial":{"translate":[{}]},"Y black":{"translate":[{}]},"Y":{"translate":[{}]},"Y2":{"translate":[{}]}},"deform":{"default":{"Ellipse 1":{"Ellipse 1":[{"vertices":[-26.74005,0,-26.74005,0,-26.74005,0,-26.74005]}]},"M1":{"M1":[{},{"time":0.2,"offset":1,"vertices":[-12.03304,0,-12.03304]},{"time":0.4333},{"time":0.6667,"offset":1,"vertices":[-5.15701,0,-5.15701]}],"M2":[{"time":0.1333,"offset":1,"vertices":[-5.34795,-2.0E-5,-5.34795,0,4.01102,0,4.01102]}]}}}},"03 Hit":{"slots":{"Ellipse 1":{"attachment":[{"time":0.1333,"name":null},{"time":0.3,"name":"Ellipse 1"}]},"M1":{"attachment":[{"time":0.1333,"name":"M1"},{"time":0.4333,"name":"M2"}]},"Y1":{"attachment":[{"time":0.1333,"name":"Y2"},{"time":0.3,"name":"Y1"}]}},"bones":{"pelvid":{"scale":[{}]},"facial":{"translate":[{},{"time":0.5,"y":-3.68},{"time":0.8333}]},"Y black":{"translate":[{},{"time":0.1333,"y":-20.11},{"time":0.3,"curve":"stepped"},{"time":0.8333}]},"Y":{"translate":[{},{"time":0.1333,"y":-20.11},{"time":0.3,"curve":"stepped"},{"time":0.8333}]},"Y2":{"translate":[{"curve":"stepped"},{"time":0.1},{"time":0.1667,"y":-22.73},{"time":0.2667,"curve":"stepped"},{"time":0.8333}]}},"deform":{"default":{"Ellipse 1":{"Ellipse 1":[{"curve":"stepped"},{"time":0.8333}]},"M1":{"M1":[{},{"time":0.1333,"offset":1,"vertices":[34.21098,0,34.21098,-1.4E-4,-38.75798,-1.4E-4,-38.75798]},{"time":0.2667,"offset":1,"vertices":[2.025,0,2.025,-1.4E-4,-20.36601,-1.4E-4,-20.36601]},{"time":0.3667,"offset":1,"vertices":[8.56468,0,8.56468,-1.7E-4,-30.56608,-1.7E-4,-30.56608]},{"time":0.4,"offset":1,"vertices":[33.24186,2.0E-5,33.24186,-1.6E-4,-46.77488,-1.6E-4,-46.77488]},{"time":0.8333}]}}}},"04 Drown":{"slots":{"Ellipse 1":{"attachment":[{"name":"Ellipse 1"},{"time":0.8333,"name":"Ellipse 1"}]},"M1":{"attachment":[{"name":"M3"},{"time":0.8333,"name":"M3"}]},"Y1":{"attachment":[{"name":"Y3"},{"time":0.8333,"name":"Y3"}]},"Y2":{"attachment":[{"name":"YR1"}]},"cheek":{"attachment":[{"name":"cheek"},{"time":0.8333,"name":"cheek"}]},"cheek2":{"attachment":[{"name":"cheek"},{"time":0.8333,"name":"cheek"}]}},"bones":{"pelvid":{"scale":[{"curve":"stepped"},{"time":0.8333}]},"facial":{"translate":[{},{"time":0.5,"y":-3.68},{"time":0.8333}]},"Y black":{"translate":[{"curve":"stepped"},{"time":0.8333}]},"Y":{"translate":[{"curve":"stepped"},{"time":0.8333}]},"Y2":{"translate":[{"y":32.09}]}},"deform":{"default":{"Ellipse 1":{"Ellipse 1":[{"vertices":[6.70496,13.41005,6.70496,13.41005,6.70496,13.41005,6.70496,13.41005],"curve":"stepped"},{"time":0.8333,"vertices":[6.70496,13.41005,6.70496,13.41005,6.70496,13.41005,6.70496,13.41005]}]},"M1":{"M1":[{"curve":"stepped"},{"time":0.8333}],"M3":[{"vertices":[-9.38696,0,-9.38696,0,-9.38696,0,-9.38696]},{"time":0.4333,"vertices":[-5.99715,7.34651,5.99713,7.34651,5.99719,-7.34651,-5.99715,-7.34651]},{"time":0.8333,"vertices":[-9.38696,0,-9.38696,0,-9.38696,0,-9.38696]}]},"cheek":{"cheek":[{"vertices":[12.599,-5.03645,2.73743,-5.03645,2.73744,5.03645,12.59901,5.03645]},{"time":0.3333},{"time":0.8333,"vertices":[12.599,-5.03645,2.73743,-5.03645,2.73744,5.03645,12.59901,5.03645]}]},"cheek2":{"cheek":[{"vertices":[-0.81099,-5.03645,-10.67256,-5.03645,-10.67255,5.03645,-0.81097,5.03645]},{"time":0.3333},{"time":0.8333,"vertices":[-0.81099,-5.03645,-10.67256,-5.03645,-10.67255,5.03645,-0.81097,5.03645]}]}}}}}}