{"skeleton":{"hash":"cWKwwQkx0qaK+JkC2TLPIT9aIyg","spine":"3.8.99","x":-98.68,"y":-97.95,"width":193.97,"height":192,"images":"./images/","audio":"D:/01 JOB/01. ZEN STUDIO/24. RED BALL/ANIMATION/RollerBall_Anim_Enemy/Enemy01"},"bones":[{"name":"root"},{"name":"char","parent":"root","y":-0.52,"scaleX":0.5,"scaleY":0.5},{"name":"pelvid","parent":"char","color":"e84141ff"},{"name":"facial","parent":"pelvid","x":247.39,"y":100.83,"color":"e84141ff"},{"name":"M","parent":"facial","x":-3.68,"y":-59.62,"color":"e84141ff"},{"name":"effect","parent":"root","x":-6.94,"y":-5.14,"scaleX":0.5,"scaleY":0.5},{"name":"effect2","parent":"effect","x":56.38,"y":-0.55},{"name":"Y","parent":"facial","x":-3.39,"y":-33.63,"color":"e84141ff"}],"slots":[{"name":"sau","bone":"effect2","attachment":"sau"},{"name":"body","bone":"pelvid","attachment":"body"},{"name":"effect_body","bone":"effect","attachment":"effect_body"},{"name":"M1","bone":"M","attachment":"M1"},{"name":"truoc","bone":"effect2","attachment":"truoc"},{"name":"icon_star","bone":"effect"},{"name":"Y1","bone":"Y","attachment":"Y1"}],"skins":[{"name":"default","attachments":{"M1":{"M1":{"type":"mesh","uvs":[1,1,0,1,0,0,1,0],"triangles":[1,2,3,1,3,0],"vertices":[-99.09,-176.12,-386.09,-176.12,-386.09,-59.12,-99.09,-59.12],"hull":4,"edges":[0,2,2,4,4,6,0,6],"width":287,"height":117},"M2":{"type":"mesh","uvs":[1,1,0,1,0,0,1,0],"triangles":[1,2,3,1,3,0],"vertices":[-99.09,-182.62,-386.09,-182.62,-386.09,-52.62,-99.09,-52.62],"hull":4,"edges":[0,2,2,4,4,6,0,6],"width":287,"height":130}},"Y1":{"Y1":{"type":"mesh","uvs":[1,1,0,1,0,0,1,0],"triangles":[1,2,3,1,3,0],"vertices":[-99,-79.93,-389,-79.93,-389,54.07,-99,54.07],"hull":4,"edges":[0,2,2,4,4,6,0,6],"width":290,"height":134},"Y2":{"type":"mesh","uvs":[1,1,0,1,0,0,1,0],"triangles":[1,2,3,1,3,0],"vertices":[-99,-79.93,-389,-79.93,-389,54.07,-99,54.07],"hull":4,"edges":[0,2,2,4,4,6,0,6],"width":290,"height":134}},"body":{"body":{"y":0.52,"width":338,"height":338}},"effect_body":{"effect_body":{"x":12.97,"y":9.45,"width":338,"height":338}},"icon_star":{"icon_star":{"type":"mesh","uvs":[1,1,0,1,0,0,1,0],"triangles":[1,2,3,1,3,0],"vertices":[-156.6,136.76,-229.6,136.76,-229.6,213.76,-156.6,213.76],"hull":4,"edges":[0,2,2,4,4,6,0,6],"width":73,"height":77}},"sau":{"sau":{"type":"mesh","uvs":[1,1,0,1,0,0,1,0],"triangles":[1,2,3,1,3,0],"vertices":[138.14,-180.91,-239.86,-180.91,-239.86,197.09,138.14,197.09],"hull":4,"edges":[0,2,2,4,4,6,0,6],"width":378,"height":378}},"truoc":{"truoc":{"type":"mesh","uvs":[1,1,0,1,0,0,1,0],"triangles":[1,2,3,1,3,0],"vertices":[148.07,-185.06,-235.93,-185.06,-235.93,198.94,148.07,198.94],"hull":4,"edges":[0,2,2,4,4,6,0,6],"width":384,"height":384}}}}],"animations":{"01 Idle":{"slots":{"effect_body":{"color":[{"color":"ffffffff","curve":0.25,"c3":0.75},{"time":0.2333,"color":"ffffff00","curve":0.25,"c3":0.75},{"time":0.4667,"color":"ffffffff","curve":0.25,"c3":0.75},{"time":0.7333,"color":"ffffff00","curve":0.25,"c3":0.75},{"time":1,"color":"ffffffff"}]}},"bones":{"pelvid":{"scale":[{}]},"facial":{"translate":[{},{"time":0.5,"y":-3.68},{"time":1}]}},"deform":{"default":{"M1":{"M1":[{"curve":0.25,"c3":0.75},{"time":0.5,"offset":1,"vertices":[18.10201,2.0E-5,18.10201,-3.0E-5,-6.89597,-3.0E-5,-6.89597],"curve":0.25,"c3":0.75},{"time":1}]}}}},"02 Hit":{"slots":{"M1":{"attachment":[{"time":0.1,"name":"M1"},{"time":0.1667,"name":"M2"}]},"Y1":{"attachment":[{"name":"Y2"},{"time":0.3333,"name":"Y2"}]},"effect_body":{"color":[{"color":"ffffff00","curve":0.25,"c3":0.75},{"time":0.1,"color":"ffffffff","curve":0.25,"c3":0.75},{"time":0.2333,"color":"ffffff00","curve":"stepped"},{"time":0.3333,"color":"ffffff00"}]}},"bones":{"pelvid":{"scale":[{}]},"facial":{"translate":[{"curve":"stepped"},{"time":0.3333}]}},"deform":{"default":{"M1":{"M1":[{},{"time":0.1,"offset":1,"vertices":[6.58002,0,6.58002,0,-9.21194,0,-9.21194]},{"time":0.1667,"offset":1,"vertices":[-1.31601,-2.0E-5,-1.31601,0,2.63211,0,2.63211]}],"M2":[{"time":0.3,"offset":1,"vertices":[17.10799,2.0E-5,17.10799,0,-9.21194,0,-9.21194]}]}}}},"03 Tired":{"slots":{"M1":{"attachment":[{"name":"M2"}]},"effect_body":{"attachment":[{"name":null}]},"icon_star":{"attachment":[{"name":"icon_star"}]}},"bones":{"pelvid":{"scale":[{"curve":"stepped"},{"time":1}]},"facial":{"translate":[{},{"time":0.6,"y":-3.68},{"time":1}]}},"deform":{"default":{"M1":{"M2":[{"vertices":[-13.79198,0,12.06799,0,12.06799,-23.68802,-13.79198,-23.68802]},{"time":0.5,"vertices":[-17.24002,0,17.23993,0,17.23993,-9.25804,-17.24002,-9.25804]},{"time":1,"vertices":[-13.79198,0,12.06799,0,12.06799,-23.68802,-13.79198,-23.68802]}]},"icon_star":{"icon_star":[{"vertices":[-9.90471,-7.4041,-7.92146,9.49605,9.90471,7.40413,7.92146,-9.49605]},{"time":0.1,"vertices":[78.11401,-43.3663,79.49239,-29.24718,94.38516,-30.70108,93.00673,-44.82022]},{"time":0.2333,"vertices":[201.24895,-46.61703,201.24895,-46.61703,201.24895,-46.61703,201.24895,-46.61703]},{"time":0.4,"vertices":[318.76636,-21.20135,320.10056,-35.09423,305.44656,-36.50148,304.11224,-22.60859]},{"time":0.5,"vertices":[390.5298,16.79529,396.02704,-10.99673,366.71222,-16.79529,361.21497,10.99675]},{"time":0.6333,"vertices":[283.84137,40.18079,285.13797,26.48304,270.6897,25.11536,269.3931,38.8131]},{"time":0.7333,"vertices":[201.24895,37.52103,201.24895,37.52103,201.24895,37.52103,201.24895,37.52103]},{"time":0.9,"vertices":[67.26408,28.4446,68.66421,42.67344,83.67271,41.19657,82.27255,26.96772]},{"time":1}]}}},"drawOrder":[{"time":0.5333,"offsets":[{"slot":"icon_star","offset":-5}]}]},"04 Attack 1":{"slots":{"M1":{"attachment":[{"time":0.1,"name":"M1"},{"time":0.2,"name":"M2"}]},"effect_body":{"color":[{"color":"ffffffff","curve":0.25,"c3":0.75},{"time":0.1667,"color":"ffffff00","curve":0.25,"c3":0.75},{"time":0.3333,"color":"ffffffff","curve":0.25,"c3":0.75},{"time":0.5,"color":"ffffff00","curve":0.25,"c3":0.75},{"time":0.6667,"color":"ffffffff","curve":0.25,"c3":0.75},{"time":0.8333,"color":"ffffff00","curve":0.25,"c3":0.75},{"time":1,"color":"ffffffff"}]}},"bones":{"pelvid":{"scale":[{}]},"facial":{"translate":[{"curve":"stepped"},{"time":1}]}},"deform":{"default":{"M1":{"M1":[{"curve":0.25,"c3":0.75},{"time":0.1,"offset":1,"vertices":[6.58002,0,6.58002,0,-9.21194,0,-9.21194],"curve":0.25,"c3":0.75},{"time":0.1667,"offset":1,"vertices":[-1.31601,-2.0E-5,-1.31601,0,2.63211,0,2.63211]}],"M2":[{"time":0.2,"curve":0.25,"c3":0.75},{"time":0.3333,"offset":1,"vertices":[12.06799,2.0E-5,12.06799,0,-15.51601,0,-15.51601],"curve":0.25,"c3":0.75},{"time":0.4667,"curve":0.25,"c3":0.75},{"time":0.6,"offset":1,"vertices":[12.06799,2.0E-5,12.06799,0,-15.51601,0,-15.51601],"curve":0.25,"c3":0.75},{"time":0.7333,"curve":0.25,"c3":0.75},{"time":0.8667,"offset":1,"vertices":[17.10799,2.0E-5,17.10799,0,-9.21194,0,-9.21194],"curve":0.25,"c3":0.75},{"time":1,"offset":1,"vertices":[12.06799,2.0E-5,12.06799,0,-15.51601,0,-15.51601]}]}}}},"05 Attack 2":{"slots":{"M1":{"attachment":[{"time":0.2667,"name":"M1"},{"time":0.6,"name":"M2"}]},"Y1":{"attachment":[{"name":"Y2"}]},"effect_body":{"color":[{"color":"ffffff00","curve":"stepped"},{"time":0.1667,"color":"ffffff00","curve":0.25,"c3":0.75},{"time":0.3333,"color":"ffffffff","curve":"stepped"},{"time":0.8333,"color":"ffffffff","curve":0.25,"c3":0.75},{"time":1,"color":"ffffff00"}]}},"bones":{"pelvid":{"scale":[{}]},"facial":{"translate":[{"curve":"stepped"},{"time":1}]}},"deform":{"default":{"M1":{"M1":[{"curve":0.25,"c3":0.75},{"time":0.2667,"offset":1,"vertices":[6.58002,0,6.58002,0,-9.21194,0,-9.21194],"curve":0.25,"c3":0.75},{"time":0.5333,"offset":1,"vertices":[-1.31601,-2.0E-5,-1.31601,0,2.63211,0,2.63211]}],"M2":[{"time":0.8667,"offset":1,"vertices":[17.10799,2.0E-5,17.10799,0,-9.21194,0,-9.21194]}]},"sau":{"sau":[{"curve":"stepped"},{"time":0.1,"curve":0.25,"c3":0.75},{"time":0.2667,"vertices":[-8.96053,8.96054,8.96056,8.96054,8.96054,-8.96054,-8.96054,-8.96054],"curve":"stepped"},{"time":0.6333,"vertices":[-8.96053,8.96054,8.96056,8.96054,8.96054,-8.96054,-8.96054,-8.96054],"curve":0.25,"c3":0.75},{"time":0.7333,"curve":"stepped"},{"time":1}]},"truoc":{"truoc":[{"curve":0.25,"c3":0.75},{"time":0.2,"vertices":[-11.25546,11.25546,11.25546,11.25546,11.25546,-11.25546,-11.25546,-11.25546],"curve":"stepped"},{"time":0.5667,"vertices":[-11.25546,11.25546,11.25546,11.25546,11.25546,-11.25546,-11.25546,-11.25546],"curve":0.25,"c3":0.75},{"time":0.6667,"curve":"stepped"},{"time":1}]}}}}}}