{"skeleton":{"hash":"hXthMFlaIIJtoayG8QF3Il+biyU","spine":"3.8.99","x":-37.63,"y":-31.07,"width":76.68,"height":87.26,"images":"./images/","audio":"D:/01 JOB/01. ZEN STUDIO/24. RED BALL/ANIMATION/RollerBall_Anim_Enemy/Enemy01"},"bones":[{"name":"root"},{"name":"char","parent":"root","scaleX":0.17,"scaleY":0.17},{"name":"pelvid","parent":"char","color":"e84141ff"},{"name":"facial","parent":"pelvid","x":247.39,"y":100.83,"color":"e84141ff"},{"name":"Y black","parent":"facial","x":-2.21,"y":-21.34,"color":"e84141ff"},{"name":"Y","parent":"facial","x":-2.21,"y":-34.59,"color":"e84141ff"},{"name":"M","parent":"facial","x":-3.68,"y":-59.62,"color":"e84141ff"},{"name":"effect","parent":"root","scaleX":0.167,"scaleY":0.167}],"slots":[{"name":"sau","bone":"pelvid","attachment":"sau"},{"name":"body","bone":"pelvid","attachment":"body"},{"name":"Y1","bone":"Y","attachment":"Y1"},{"name":"Ellipse 1","bone":"Y black","attachment":"Ellipse 1"},{"name":"M1","bone":"M","attachment":"M2"},{"name":"cheek","bone":"facial"},{"name":"cheek2","bone":"facial"},{"name":"effect_2","bone":"effect","attachment":"effect_1"},{"name":"effect_body","bone":"effect","attachment":"effect_body"}],"skins":[{"name":"default","attachments":{"Ellipse 1":{"Ellipse 1":{"type":"mesh","uvs":[1,1,0,1,0,0,1,0],"triangles":[1,2,3,1,3,0],"vertices":[-163.66,-58.95,-333.66,-58.95,-333.66,-2.95,-163.66,-2.95],"hull":4,"edges":[0,2,2,4,4,6,0,6],"width":170,"height":56}},"M1":{"M1":{"type":"mesh","uvs":[1,1,0,1,0,0,1,0],"triangles":[1,2,3,1,3,0],"vertices":[-96.19,-162.47,-394.19,-162.47,-394.19,-39.47,-96.19,-39.47],"hull":4,"edges":[0,2,2,4,4,6,0,6],"width":296,"height":121},"M2":{"type":"mesh","uvs":[1,1,0,1,0,0,1,0],"triangles":[1,2,3,1,3,0],"vertices":[-106.58,-127.66,-373.58,-127.66,-373.58,-55.66,-106.58,-55.66],"hull":4,"edges":[0,2,2,4,4,6,0,6],"width":267,"height":72},"M3":{"type":"mesh","uvs":[1,1,0,1,0,0,1,0],"triangles":[1,2,3,1,3,0],"vertices":[-203.79,-140.28,-283.79,-140.28,-283.79,-42.28,-203.79,-42.28],"hull":4,"edges":[0,2,2,4,4,6,0,6],"width":78,"height":96}},"Y1":{"Y1":{"type":"mesh","uvs":[1,1,0,1,0,0,1,0],"triangles":[1,2,3,1,3,0],"vertices":[-112.45,-80.49,-377.45,-80.49,-377.45,57.51,-112.45,57.51],"hull":4,"edges":[0,2,2,4,4,6,0,6],"width":265,"height":138},"Y2":{"type":"mesh","uvs":[1,1,0,1,0,0,1,0],"triangles":[1,2,3,1,3,0],"vertices":[-116.56,-79.84,-376.56,-79.84,-376.56,37.16,-116.56,37.16],"hull":4,"edges":[0,2,2,4,4,6,0,6],"width":258,"height":115},"Y3":{"type":"mesh","uvs":[1,1,0,1,0,0,1,0],"triangles":[1,2,3,1,3,0],"vertices":[-110.12,-79.33,-377.12,-79.33,-377.12,61.67,-110.12,61.67],"hull":4,"edges":[0,2,2,4,4,6,0,6],"width":267,"height":141}},"body":{"body":{"width":343,"height":343}},"cheek":{"cheek":{"type":"mesh","uvs":[1,1,0,1,0,0,1,0],"triangles":[1,2,3,1,3,0],"vertices":[-281.87,-233.08,-421.87,-233.08,-421.87,-90.08,-281.87,-90.08],"hull":4,"edges":[0,2,2,4,4,6,0,6],"width":138,"height":141}},"cheek2":{"cheek":{"type":"mesh","uvs":[1,1,0,1,0,0,1,0],"triangles":[1,2,3,1,3,0],"vertices":[-80.72,-233.08,-220.72,-233.08,-220.72,-90.08,-80.72,-90.08],"hull":4,"edges":[0,2,2,4,4,6,0,6],"width":138,"height":141}},"effect_2":{"effect_1":{"type":"mesh","uvs":[1,1,0,1,0,0,1,0],"triangles":[1,2,3,1,3,0],"vertices":[233.8,-108.61,-211.2,-108.61,-211.2,336.39,233.8,336.39],"hull":4,"edges":[0,2,2,4,4,6,0,6],"width":1000,"height":1000},"effect_2":{"type":"mesh","uvs":[1,1,0,1,0,0,1,0],"triangles":[1,2,3,1,3,0],"vertices":[233.8,-108.61,-211.2,-108.61,-211.2,336.39,233.8,336.39],"hull":4,"edges":[0,2,2,4,4,6,0,6],"width":1000,"height":1000},"effect_3":{"type":"mesh","uvs":[1,1,0,1,0,0,1,0],"triangles":[1,2,3,1,3,0],"vertices":[233.8,-108.61,-211.2,-108.61,-211.2,336.39,233.8,336.39],"hull":4,"edges":[0,2,2,4,4,6,0,6],"width":1000,"height":1000},"effect_4":{"type":"mesh","uvs":[1,1,0,1,0,0,1,0],"triangles":[1,2,3,1,3,0],"vertices":[233.8,-108.61,-211.2,-108.61,-211.2,336.39,233.8,336.39],"hull":4,"edges":[0,2,2,4,4,6,0,6],"width":1000,"height":1000},"effect_5":{"type":"mesh","uvs":[1,1,0,1,0,0,1,0],"triangles":[1,2,3,1,3,0],"vertices":[233.8,-108.61,-211.2,-108.61,-211.2,336.39,233.8,336.39],"hull":4,"edges":[0,2,2,4,4,6,0,6],"width":1000,"height":1000},"effect_6":{"type":"mesh","uvs":[1,1,0,1,0,0,1,0],"triangles":[1,2,3,1,3,0],"vertices":[233.8,-108.61,-211.2,-108.61,-211.2,336.39,233.8,336.39],"hull":4,"edges":[0,2,2,4,4,6,0,6],"width":1000,"height":1000},"effect_7":{"type":"mesh","uvs":[1,1,0,1,0,0,1,0],"triangles":[1,2,3,1,3,0],"vertices":[233.8,-108.61,-211.2,-108.61,-211.2,336.39,233.8,336.39],"hull":4,"edges":[0,2,2,4,4,6,0,6],"width":1000,"height":1000},"effect_8":{"type":"mesh","uvs":[1,1,0,1,0,0,1,0],"triangles":[1,2,3,1,3,0],"vertices":[233.8,-108.61,-211.2,-108.61,-211.2,336.39,233.8,336.39],"hull":4,"edges":[0,2,2,4,4,6,0,6],"width":1000,"height":1000},"effect_9":{"type":"mesh","uvs":[1,1,0,1,0,0,1,0],"triangles":[1,2,3,1,3,0],"vertices":[233.8,-108.61,-211.2,-108.61,-211.2,336.39,233.8,336.39],"hull":4,"edges":[0,2,2,4,4,6,0,6],"width":1000,"height":1000},"effect_10":{"type":"mesh","uvs":[1,1,0,1,0,0,1,0],"triangles":[1,2,3,1,3,0],"vertices":[233.8,-108.61,-211.2,-108.61,-211.2,336.39,233.8,336.39],"hull":4,"edges":[0,2,2,4,4,6,0,6],"width":1000,"height":1000}},"effect_body":{"effect_body":{"x":-1.77,"y":6.48,"width":447,"height":385}},"sau":{"sau":{"x":-0.84,"y":56.63,"width":417,"height":254}}}}],"animations":{"01 Idle":{"slots":{"Ellipse 1":{"attachment":[{"time":0.4333,"name":null},{"time":0.5333,"name":"Ellipse 1"}]},"Y1":{"attachment":[{"time":0.4333,"name":"Y2"},{"time":0.5333,"name":"Y1"}]},"effect_2":{"attachment":[{"name":"effect_1"},{"time":0.1,"name":"effect_2"},{"time":0.2,"name":"effect_3"},{"time":0.3333,"name":"effect_4"},{"time":0.4333,"name":"effect_5"},{"time":0.5667,"name":"effect_6"},{"time":0.6667,"name":"effect_7"},{"time":0.8,"name":"effect_8"},{"time":0.9,"name":"effect_9"},{"time":1,"name":"effect_10"}]},"effect_body":{"color":[{"color":"ffffffff","curve":0.25,"c3":0.75},{"time":0.2333,"color":"ffffff00","curve":0.25,"c3":0.75},{"time":0.4667,"color":"ffffffff","curve":0.25,"c3":0.75},{"time":0.7333,"color":"ffffff00","curve":0.25,"c3":0.75},{"time":1,"color":"ffffffff"}]}},"bones":{"pelvid":{"scale":[{}]},"facial":{"translate":[{},{"time":0.5,"y":-3.68},{"time":1}]}},"deform":{"default":{"Ellipse 1":{"Ellipse 1":[{"curve":"stepped"},{"time":1}]},"M1":{"M1":[{},{"time":0.6,"offset":1,"vertices":[-7.36,0,-7.36,0,1.472,0,1.472]},{"time":1}]}}}},"02 Alert":{"slots":{"Ellipse 1":{"attachment":[{"time":0.1,"name":null},{"time":0.1667,"name":"Ellipse 1"},{"time":0.4,"name":"Ellipse 1"},{"time":0.8333,"name":"Ellipse 1"},{"time":0.9333,"name":null},{"time":1,"name":"Ellipse 1"}]},"M1":{"attachment":[{"name":"M2"},{"time":0.2333,"name":"M1"},{"time":0.9333,"name":"M2"},{"time":1.0333,"name":"M1"}]},"Y1":{"attachment":[{"time":0.1,"name":"Y2"},{"time":0.1667,"name":"Y1"},{"time":0.4,"name":"Y1"},{"time":0.8333,"name":"Y1"},{"time":0.9333,"name":"Y2"},{"time":1,"name":"Y1"}]}},"bones":{"pelvid":{"scale":[{}]},"facial":{"translate":[{},{"time":0.1,"y":-3.68},{"time":0.2,"y":6.32},{"time":0.4,"y":-3.68,"curve":"stepped"},{"time":0.8333,"y":-3.68},{"time":0.9667,"x":15,"y":-3.68},{"time":1.0333,"x":15,"y":16.32},{"time":1.1667,"x":15,"y":3.32,"curve":"stepped"},{"time":1.5,"x":15,"y":3.32}]},"M":{"scale":[{"time":0.9333,"x":-1}]}}},"03 Hit":{"slots":{"Ellipse 1":{"attachment":[{"time":0.1333,"name":null},{"time":0.3,"name":"Ellipse 1"}]},"M1":{"attachment":[{"time":0.1333,"name":"M1"},{"time":0.4333,"name":"M2"}]},"Y1":{"attachment":[{"time":0.1333,"name":"Y2"},{"time":0.3,"name":"Y1"}]},"effect_2":{"attachment":[{"name":"effect_1"},{"time":0.0333,"name":"effect_2"},{"time":0.1,"name":"effect_3"},{"time":0.1667,"name":"effect_4"},{"time":0.2,"name":"effect_5"},{"time":0.2667,"name":"effect_6"},{"time":0.3,"name":"effect_7"},{"time":0.3667,"name":"effect_8"},{"time":0.4333,"name":"effect_9"},{"time":0.4667,"name":"effect_10"}]},"effect_body":{"color":[{"color":"ffffffff","curve":0.25,"c3":0.75},{"time":0.2333,"color":"ffffff00","curve":0.25,"c3":0.75},{"time":0.5,"color":"ffffffff"}]}},"bones":{"pelvid":{"scale":[{}]},"facial":{"translate":[{"curve":"stepped"},{"time":0.5}]},"Y black":{"translate":[{},{"time":0.1333,"y":-20.11},{"time":0.3,"curve":"stepped"},{"time":0.5}]},"Y":{"translate":[{},{"time":0.1333,"y":-20.11},{"time":0.3,"curve":"stepped"},{"time":0.5}]}},"deform":{"default":{"Ellipse 1":{"Ellipse 1":[{"curve":"stepped"},{"time":0.5}]},"M1":{"M1":[{},{"time":0.1333,"offset":1,"vertices":[34.21098,0,34.21098,-1.4E-4,-38.75798,-1.4E-4,-38.75798]},{"time":0.2667,"offset":1,"vertices":[2.025,0,2.025,-1.4E-4,-20.36601,-1.4E-4,-20.36601]},{"time":0.3667,"offset":1,"vertices":[8.56468,0,8.56468,-1.7E-4,-30.56608,-1.7E-4,-30.56608]},{"time":0.4,"offset":1,"vertices":[33.24186,2.0E-5,33.24186,-1.6E-4,-46.77488,-1.6E-4,-46.77488]},{"time":0.5}],"M2":[{"time":0.1}]}}}},"04 Drown":{"slots":{"Ellipse 1":{"attachment":[{"name":"Ellipse 1"},{"time":1,"name":"Ellipse 1"}]},"M1":{"attachment":[{"name":"M3"},{"time":1,"name":"M3"}]},"Y1":{"attachment":[{"name":"Y3"},{"time":1,"name":"Y3"}]},"cheek":{"attachment":[{"name":"cheek"},{"time":1,"name":"cheek"}]},"cheek2":{"attachment":[{"name":"cheek"},{"time":1,"name":"cheek"}]},"effect_2":{"attachment":[{"name":"effect_1"},{"time":0.1,"name":"effect_2"},{"time":0.2,"name":"effect_3"},{"time":0.3333,"name":"effect_4"},{"time":0.4333,"name":"effect_5"},{"time":0.5667,"name":"effect_6"},{"time":0.6667,"name":"effect_7"},{"time":0.8,"name":"effect_8"},{"time":0.9,"name":"effect_9"},{"time":1,"name":"effect_10"}]},"effect_body":{"color":[{"color":"ffffffff","curve":0.25,"c3":0.75},{"time":0.2333,"color":"ffffff00","curve":0.25,"c3":0.75},{"time":0.4667,"color":"ffffffff","curve":0.25,"c3":0.75},{"time":0.7333,"color":"ffffff00","curve":0.25,"c3":0.75},{"time":1,"color":"ffffffff"}]}},"bones":{"pelvid":{"scale":[{"curve":"stepped"},{"time":1}]},"facial":{"translate":[{},{"time":0.6,"y":-3.68},{"time":1}]},"Y black":{"translate":[{"curve":"stepped"},{"time":1}]},"Y":{"translate":[{"curve":"stepped"},{"time":1}]}},"deform":{"default":{"Ellipse 1":{"Ellipse 1":[{"vertices":[6.70496,13.41005,6.70496,13.41005,6.70496,13.41005,6.70496,13.41005],"curve":"stepped"},{"time":1,"vertices":[6.70496,13.41005,6.70496,13.41005,6.70496,13.41005,6.70496,13.41005]}]},"M1":{"M1":[{"curve":"stepped"},{"time":1}],"M3":[{"vertices":[-9.38696,0,-9.38696,0,-9.38696,0,-9.38696]},{"time":0.5333,"vertices":[-5.99715,7.34651,5.99713,7.34651,5.99719,-7.34651,-5.99715,-7.34651]},{"time":1,"vertices":[-9.38696,0,-9.38696,0,-9.38696,0,-9.38696]}]},"cheek":{"cheek":[{"vertices":[12.599,-5.03645,2.73743,-5.03645,2.73744,5.03645,12.59901,5.03645]},{"time":0.4},{"time":1,"vertices":[12.599,-5.03645,2.73743,-5.03645,2.73744,5.03645,12.59901,5.03645]}]},"cheek2":{"cheek":[{"vertices":[-0.81099,-5.03645,-10.67256,-5.03645,-10.67255,5.03645,-0.81097,5.03645]},{"time":0.4},{"time":1,"vertices":[-0.81099,-5.03645,-10.67256,-5.03645,-10.67255,5.03645,-0.81097,5.03645]}]}}}}}}