{"skeleton":{"hash":"trLVV3JMVMTarSs1163BQlKvp0g","spine":"3.8.99","x":-260.14,"y":-171.79,"width":88,"height":60,"images":"./images/","audio":"D:/01 JOB/01. ZEN STUDIO/24. RED BALL/ANIMATION/RollerBall_Anim_Enemy/Enemy01"},"bones":[{"name":"root"},{"name":"char","parent":"root","scaleX":0.17,"scaleY":0.17},{"name":"pelvid","parent":"char","color":"e84141ff"},{"name":"facial","parent":"pelvid","x":247.39,"y":100.83,"color":"e84141ff"},{"name":"Y black","parent":"facial","x":-2.21,"y":-21.34,"color":"e84141ff"},{"name":"Y","parent":"facial","x":-2.21,"y":-34.59,"color":"e84141ff"},{"name":"pelvid2","parent":"pelvid","length":55.12,"rotation":53.91,"x":166.33,"y":103.63,"color":"e84141ff"},{"name":"pelvid3","parent":"pelvid","length":53.96,"rotation":-17.93,"x":161.05,"y":89.29,"color":"e84141ff"}],"slots":[{"name":"sau_3","bone":"pelvid","attachment":"sau_3"},{"name":"sau_4","bone":"pelvid","attachment":"sau_3"},{"name":"sau_1","bone":"pelvid2","attachment":"sau_1"},{"name":"sau_2","bone":"pelvid3","attachment":"sau_2"},{"name":"body","bone":"pelvid","attachment":"body"},{"name":"Y1","bone":"Y","attachment":"Y1"},{"name":"Ellipse 1","bone":"Y black","attachment":"Ellipse 1"},{"name":"cheek2","bone":"facial"},{"name":"M3","bone":"Y black"},{"name":"cheek","bone":"facial"}],"skins":[{"name":"default","attachments":{"Ellipse 1":{"Ellipse 1":{"type":"mesh","uvs":[1,1,0,1,0,0,1,0],"triangles":[1,2,3,1,3,0],"vertices":[-163.66,-58.95,-333.66,-58.95,-333.66,-2.95,-163.66,-2.95],"hull":4,"edges":[0,2,2,4,4,6,0,6],"width":170,"height":56}},"M3":{"M3":{"type":"mesh","uvs":[1,1,0,1,0,0,1,0],"triangles":[1,2,3,1,3,0],"vertices":[-203.19,-173.34,-282.19,-173.34,-282.19,-77.34,-203.19,-77.34],"hull":4,"edges":[0,2,2,4,4,6,0,6],"width":79,"height":96}},"Y1":{"Y1":{"type":"mesh","uvs":[1,1,0,1,0,0,1,0],"triangles":[1,2,3,1,3,0],"vertices":[-112.45,-80.49,-377.45,-80.49,-377.45,57.51,-112.45,57.51],"hull":4,"edges":[0,2,2,4,4,6,0,6],"width":265,"height":138},"Y2":{"type":"mesh","uvs":[1,1,0,1,0,0,1,0],"triangles":[1,2,3,1,3,0],"vertices":[-116.56,-79.84,-376.56,-79.84,-376.56,37.16,-116.56,37.16],"hull":4,"edges":[0,2,2,4,4,6,0,6],"width":260,"height":117},"Y3":{"type":"mesh","uvs":[1,1,0,1,0,0,1,0],"triangles":[1,2,3,1,3,0],"vertices":[-110.12,-79.33,-377.12,-79.33,-377.12,61.67,-110.12,61.67],"hull":4,"edges":[0,2,2,4,4,6,0,6],"width":267,"height":141}},"body":{"body":{"y":0.52,"width":349,"height":340}},"cheek":{"cheek":{"type":"mesh","uvs":[1,1,0,1,0,0,1,0],"triangles":[1,2,3,1,3,0],"vertices":[-281.87,-233.08,-421.87,-233.08,-421.87,-90.08,-281.87,-90.08],"hull":4,"edges":[0,2,2,4,4,6,0,6],"width":138,"height":141}},"cheek2":{"cheek":{"type":"mesh","uvs":[1,1,0,1,0,0,1,0],"triangles":[1,2,3,1,3,0],"vertices":[-80.72,-233.08,-220.72,-233.08,-220.72,-90.08,-80.72,-90.08],"hull":4,"edges":[0,2,2,4,4,6,0,6],"width":138,"height":141}},"sau_1":{"sau_1":{"x":36.92,"y":-5.79,"rotation":-34.81,"width":96,"height":74}},"sau_2":{"sau_2":{"x":32.24,"y":0.91,"rotation":18.39,"width":81,"height":63}},"sau_3":{"sau_3":{"type":"mesh","uvs":[1,1,0,1,0,0,1,0],"triangles":[1,2,3,1,3,0],"vertices":[230.25,-171.27,-204.96,-121.89,-175.42,138.44,259.78,89.06],"hull":4,"edges":[0,2,2,4,4,6,0,6],"width":438,"height":262}},"sau_4":{"sau_3":{"type":"mesh","uvs":[1,1,0,1,0,0,1,0],"triangles":[1,2,3,1,3,0],"vertices":[-228.56,-170.58,206.24,-117.8,174.67,142.29,-260.14,89.51],"hull":4,"edges":[0,2,2,4,4,6,0,6],"width":438,"height":262}}}}],"animations":{"01 Idle":{"slots":{"Ellipse 1":{"attachment":[{"time":0.4333,"name":null},{"time":0.5333,"name":"Ellipse 1"}]},"Y1":{"attachment":[{"time":0.4333,"name":"Y2"},{"time":0.5333,"name":"Y1"}]}},"bones":{"pelvid":{"scale":[{}]},"facial":{"translate":[{},{"time":0.5,"y":-3.68},{"time":1}]},"pelvid2":{"rotate":[{"curve":0.25,"c3":0.75},{"time":0.3667,"angle":-6.97,"curve":0.25,"c3":0.75},{"time":1}]},"pelvid3":{"rotate":[{"curve":0.25,"c3":0.75},{"time":0.6,"angle":-7.95,"curve":0.25,"c3":0.75},{"time":1}]}},"deform":{"default":{"Ellipse 1":{"Ellipse 1":[{"curve":"stepped"},{"time":1}]},"sau_3":{"sau_3":[{},{"time":0.4,"vertices":[-7.78555,-9.69829,-4.86282,11.44658,7.78555,9.69829,4.86282,-11.44658]},{"time":1}]},"sau_4":{"sau_3":[{},{"time":0.4,"vertices":[5.54877,-6.90062,3.45572,8.15267,-5.54877,6.90062,-3.45581,-8.15268]},{"time":1}]}}}},"02 Alert":{"slots":{"Ellipse 1":{"attachment":[{"time":0.1,"name":null},{"time":0.1667,"name":"Ellipse 1"},{"time":0.4,"name":"Ellipse 1"},{"time":0.8333,"name":"Ellipse 1"},{"time":0.9333,"name":null},{"time":1,"name":"Ellipse 1"}]},"Y1":{"attachment":[{"time":0.1,"name":"Y2"},{"time":0.1667,"name":"Y1"},{"time":0.4,"name":"Y1"},{"time":0.8333,"name":"Y1"},{"time":0.9333,"name":"Y2"},{"time":1,"name":"Y1"}]}},"bones":{"pelvid":{"scale":[{}]},"facial":{"translate":[{"curve":0.25,"c3":0.75},{"time":0.1,"y":-3.68,"curve":0.25,"c3":0.75},{"time":0.2,"x":-29.44,"y":6.32,"curve":0.25,"c3":0.75},{"time":0.3333,"x":-29.44,"y":-6.51,"curve":"stepped"},{"time":0.8333,"x":-29.44,"y":-6.51,"curve":0.25,"c3":0.75},{"time":0.9667,"x":-3.12,"y":-3.68,"curve":0.25,"c3":0.75},{"time":1.0667,"x":33.88,"y":16.32,"curve":0.25,"c3":0.75},{"time":1.1667,"x":33.88,"y":11.03,"curve":"stepped"},{"time":1.5,"x":33.88,"y":11.03}]},"pelvid2":{"rotate":[{"angle":10.05,"curve":0.25,"c3":0.75},{"time":0.1333,"curve":0.25,"c3":0.75},{"time":0.2667,"angle":-28.43,"curve":0.25,"c3":0.75},{"time":0.4,"angle":-16.1,"curve":"stepped"},{"time":0.8333,"angle":-16.1,"curve":0.25,"c3":0.75},{"time":1,"angle":-27.32,"curve":0.25,"c3":0.75},{"time":1.1333,"angle":-14.28,"curve":0.25,"c3":0.75},{"time":1.2333,"angle":-27.32,"curve":"stepped"},{"time":1.5,"angle":-27.32}],"translate":[{"curve":0.25,"c3":0.75},{"time":0.1333,"x":4.53,"curve":0.25,"c3":0.75},{"time":0.4,"x":10.57,"curve":"stepped"},{"time":0.8333,"x":10.57,"curve":0.25,"c3":0.75},{"time":1,"x":-21.14,"curve":"stepped"},{"time":1.5,"x":-21.14}]},"pelvid3":{"rotate":[{"angle":10.05,"curve":0.25,"c3":0.75},{"time":0.2,"curve":0.25,"c3":0.75},{"time":0.3333,"angle":-28.43,"curve":0.25,"c3":0.75},{"time":0.4667,"angle":-16.1,"curve":"stepped"},{"time":0.9,"angle":-16.1,"curve":0.25,"c3":0.75},{"time":1.0667,"angle":-27.32,"curve":0.25,"c3":0.75},{"time":1.2,"angle":-14.28,"curve":0.25,"c3":0.75},{"time":1.3,"angle":-27.32,"curve":"stepped"},{"time":1.5,"angle":-27.32}],"translate":[{"curve":0.25,"c3":0.75},{"time":0.1333,"x":4.53,"curve":"stepped"},{"time":0.4,"x":4.53,"curve":"stepped"},{"time":0.8333,"x":4.53,"curve":0.25,"c3":0.75},{"time":1,"x":-21.14,"curve":"stepped"},{"time":1.5,"x":-21.14}]}},"deform":{"default":{"Ellipse 1":{"Ellipse 1":[{"curve":"stepped"},{"time":0.0667,"curve":0.25,"c3":0.75},{"time":0.1667,"vertices":[-29.28281,-16.55698,-25.79404,17.7062,-14.50717,16.55695,-17.99588,-17.70619],"curve":"stepped"},{"time":0.8333,"vertices":[-29.28281,-16.55698,-25.79404,17.7062,-14.50717,16.55695,-17.99588,-17.70619],"curve":0.25,"c3":0.75},{"time":0.9,"vertices":[-24.65619,-7.29542,-24.01031,7.50813,-19.13376,7.29538,-19.7796,-7.50813],"curve":0.25,"c3":0.75},{"time":1,"vertices":[31.28215,11.45796,33.39978,-15.29061,24.58859,-15.98812,22.47095,10.76053],"curve":"stepped"},{"time":1.4,"vertices":[31.28215,11.45796,33.39978,-15.29061,24.58859,-15.98812,22.47095,10.76053],"curve":0.25,"c3":0.75},{"time":1.5,"vertices":[13.84511,-6.7649,13.85223,-8.33293,13.33582,-8.33529,13.32874,-6.76717]}]},"sau_3":{"sau_3":[{},{"time":0.1333,"offset":1,"vertices":[-10.57003,0,-10.57003,0,-10.57003,0,-10.57003]},{"time":0.2667,"vertices":[20.38498,0,20.38498,0,20.38498,0,20.38498],"curve":"stepped"},{"time":0.8333,"vertices":[20.38498,0,20.38498,0,20.38498,0,20.38498]},{"time":0.9667,"vertices":[-3.34356,-13.59,-3.34356,-13.59,-3.34356,-13.59,-3.34356,-13.59]},{"time":1.0667,"vertices":[-18.11997,0,-18.11997,0,-18.11997,0,-18.11997],"curve":"stepped"},{"time":1.4333,"vertices":[-18.11997,0,-18.11997,0,-18.11997,0,-18.11997]},{"time":1.5}]},"sau_4":{"sau_3":[{},{"time":0.1333,"offset":1,"vertices":[-10.57003,0,-10.57003,0,-10.57003,0,-10.57003]},{"time":0.2667,"vertices":[20.38498,0,20.38498,0,20.38498,0,20.38498],"curve":"stepped"},{"time":0.8333,"vertices":[20.38498,0,20.38498,0,20.38498,0,20.38498]},{"time":0.9667,"vertices":[-3.34356,-13.59,-3.34356,-13.59,-3.34356,-13.59,-3.34356,-13.59]},{"time":1.0667,"vertices":[-18.11997,0,-18.11997,0,-18.11997,0,-18.11997],"curve":"stepped"},{"time":1.4333,"vertices":[-18.11997,0,-18.11997,0,-18.11997,0,-18.11997]},{"time":1.5}]}}}},"03 Hit":{"slots":{"Ellipse 1":{"attachment":[{"time":0.1333,"name":null},{"time":0.3,"name":"Ellipse 1"}]},"Y1":{"attachment":[{"time":0.1333,"name":"Y2"},{"time":0.3,"name":"Y1"}]}},"bones":{"pelvid":{"scale":[{}]},"facial":{"translate":[{},{"time":0.5,"y":-3.68},{"time":0.8333}]},"Y black":{"translate":[{},{"time":0.1333,"y":-20.11},{"time":0.3,"curve":"stepped"},{"time":0.8333}]},"Y":{"translate":[{},{"time":0.1333,"y":-20.11},{"time":0.3,"curve":"stepped"},{"time":0.8333}]},"pelvid2":{"rotate":[{"curve":0.25,"c3":0.75},{"time":0.2,"angle":-8.43,"curve":0.25,"c3":0.75},{"time":0.5,"curve":"stepped"},{"time":0.8333}]},"pelvid3":{"rotate":[{"curve":0.25,"c3":0.75},{"time":0.3333,"angle":-8.43,"curve":0.25,"c3":0.75},{"time":0.5667,"curve":"stepped"},{"time":0.8333}]}},"deform":{"default":{"Ellipse 1":{"Ellipse 1":[{"curve":"stepped"},{"time":0.8333}]},"sau_3":{"sau_3":[{},{"time":0.2,"vertices":[-8.25066,-10.24818,-5.12729,12.11646,8.25066,10.24818,5.12729,-12.11646]},{"time":0.4667,"curve":"stepped"},{"time":0.8333}]},"sau_4":{"sau_3":[{},{"time":0.2,"vertices":[8.15569,-9.97997,4.93587,11.90599,-8.15569,9.97993,-4.93604,-11.906]},{"time":0.4667,"curve":"stepped"},{"time":0.8333}]}}}},"04 Drown":{"slots":{"Ellipse 1":{"attachment":[{"name":"Ellipse 1"},{"time":0.8333,"name":"Ellipse 1"}]},"M3":{"attachment":[{"name":"M3"}]},"Y1":{"attachment":[{"name":"Y3"},{"time":0.8333,"name":"Y3"}]},"cheek":{"attachment":[{"name":"cheek"},{"time":0.8333,"name":"cheek"}]},"cheek2":{"attachment":[{"name":"cheek"},{"time":0.8333,"name":"cheek"}]}},"bones":{"pelvid":{"scale":[{"curve":"stepped"},{"time":0.8333}]},"facial":{"translate":[{},{"time":0.5,"y":-3.68},{"time":0.8333}]},"Y black":{"translate":[{"curve":"stepped"},{"time":0.8333}]},"Y":{"translate":[{"curve":"stepped"},{"time":0.8333}]},"pelvid2":{"rotate":[{"curve":0.25,"c3":0.75},{"time":0.3333,"angle":-6.44,"curve":0.25,"c3":0.75},{"time":0.8333}]},"pelvid3":{"rotate":[{"curve":0.25,"c3":0.75},{"time":0.5667,"angle":-6.44,"curve":0.25,"c3":0.75},{"time":0.8333}]}},"deform":{"default":{"Ellipse 1":{"Ellipse 1":[{"vertices":[6.70496,13.41005,6.70496,13.41005,6.70496,13.41005,6.70496,13.41005],"curve":"stepped"},{"time":0.8333,"vertices":[6.70496,13.41005,6.70496,13.41005,6.70496,13.41005,6.70496,13.41005]}]},"M3":{"M3":[{"vertices":[-8.30498,-15.85495,-8.30498,-15.85495,-8.30498,-15.85495,-8.30498,-15.85495]},{"time":0.4,"vertices":[-10.6342,-13.02451,-5.97575,-13.02451,-5.97575,-18.6854,-10.6342,-18.6854]},{"time":0.8333,"vertices":[-8.30498,-15.85495,-8.30498,-15.85495,-8.30498,-15.85495,-8.30498,-15.85495]}]},"cheek":{"cheek":[{"vertices":[12.599,-5.03645,2.73743,-5.03645,2.73744,5.03645,12.59901,5.03645]},{"time":0.3333},{"time":0.8333,"vertices":[12.599,-5.03645,2.73743,-5.03645,2.73744,5.03645,12.59901,5.03645]}]},"cheek2":{"cheek":[{"vertices":[-0.81099,-5.03645,-10.67256,-5.03645,-10.67255,5.03645,-0.81097,5.03645]},{"time":0.3333},{"time":0.8333,"vertices":[-0.81099,-5.03645,-10.67256,-5.03645,-10.67255,5.03645,-0.81097,5.03645]}]},"sau_3":{"sau_3":[{"curve":0.25,"c3":0.75},{"time":0.4,"vertices":[-9.01166,-11.14085,-5.55388,13.20923,9.01166,11.14087,5.55386,-13.20923],"curve":0.25,"c3":0.75},{"time":0.8333}]},"sau_4":{"sau_3":[{"curve":0.25,"c3":0.75},{"time":0.4,"vertices":[4.18239,-5.24626,2.64435,6.16635,-4.18239,5.24626,-2.64447,-6.16635],"curve":0.25,"c3":0.75},{"time":0.8333}]}}}}}}