{"skeleton":{"hash":"r8QAwPaKgOevRBqH2WSitsvJrZA","spine":"3.8.99","x":-36.16,"y":-34.21,"width":70.42,"height":68.01,"images":"./images/","audio":"D:/01 JOB/01. ZEN STUDIO/24. RED BALL/ANIMATION/RollerBall_Anim_Enemy/Enemy01"},"bones":[{"name":"root"},{"name":"char","parent":"root","scaleX":0.17,"scaleY":0.17},{"name":"pelvid","parent":"char","color":"e84141ff"},{"name":"facial","parent":"pelvid","x":247.39,"y":100.83,"color":"e84141ff"},{"name":"Y black","parent":"facial","x":-2.21,"y":-21.34,"color":"e84141ff"},{"name":"Y","parent":"facial","x":-2.21,"y":-34.59,"color":"e84141ff"},{"name":"M","parent":"facial","x":-3.68,"y":-59.62,"color":"e84141ff"},{"name":"Y2","parent":"facial","x":128.82,"y":-50.64,"color":"e84141ff"},{"name":"gai","parent":"root","scaleX":0.17,"scaleY":0.17}],"slots":[{"name":"Helmet_back","bone":"gai","attachment":"Helmet_back"},{"name":"body","bone":"pelvid","attachment":"body"},{"name":"Y1","bone":"Y","attachment":"Y1"},{"name":"Y2","bone":"Y2"},{"name":"Ellipse 1","bone":"Y black","attachment":"Ellipse 1"},{"name":"M1","bone":"M","attachment":"M2"},{"name":"cheek","bone":"facial"},{"name":"cheek2","bone":"facial"},{"name":"Helmet","bone":"gai","attachment":"Helmet"}],"skins":[{"name":"default","attachments":{"Ellipse 1":{"Ellipse 1":{"type":"mesh","uvs":[1,1,0,1,0,0,1,0],"triangles":[1,2,3,1,3,0],"vertices":[-163.66,-58.95,-333.66,-58.95,-333.66,-2.95,-163.66,-2.95],"hull":4,"edges":[0,2,2,4,4,6,0,6],"width":170,"height":56}},"Helmet":{"Helmet":{"type":"mesh","uvs":[1,1,0,1,0,0,1,0],"triangles":[1,2,3,1,3,0],"vertices":[202.21,-198.14,-214.79,-198.14,-214.79,199.86,202.21,199.86],"hull":4,"edges":[0,2,2,4,4,6,0,6],"width":417,"height":398}},"Helmet_back":{"Helmet_back":{"type":"mesh","uvs":[1,1,0,1,0,0,1,0],"triangles":[1,2,3,1,3,0],"vertices":[203.53,-203.24,-157.47,-203.24,-157.47,200.76,203.53,200.76],"hull":4,"edges":[0,2,2,4,4,6,0,6],"width":361,"height":404}},"M1":{"M1":{"type":"mesh","uvs":[1,0.88199,0,0.88199,0,0.11801,1,0.11801],"triangles":[1,2,3,1,3,0],"vertices":[-94.85,-178.51,-392.85,-178.51,-392.85,-55.51,-94.85,-55.51],"hull":4,"edges":[0,2,2,4,4,6,0,6],"width":298,"height":161},"M2":{"type":"mesh","uvs":[1,1,0,1,0,0,1,0],"triangles":[1,2,3,1,3,0],"vertices":[-77.57,-171.23,-410.08,-171.23,-410.08,-68.23,-77.57,-68.23],"hull":4,"edges":[0,2,2,4,4,6,0,6],"width":340,"height":103},"M3":{"type":"mesh","uvs":[0.99367,1,0.00633,1,0.00633,0,0.99367,0],"triangles":[1,2,3,1,3,0],"vertices":[-203.79,-159,-283.79,-159,-283.79,-61,-203.79,-61],"hull":4,"edges":[0,2,2,4,4,6,0,6],"width":79,"height":96},"M4":{"type":"mesh","uvs":[1,0.88199,0,0.88199,0,0.11801,1,0.11801],"triangles":[1,2,3,1,3,0],"vertices":[-94.85,-178.51,-392.85,-178.51,-392.85,-55.51,-94.85,-55.51],"hull":4,"edges":[0,2,2,4,4,6,0,6],"width":298,"height":161}},"Y1":{"Y1":{"type":"mesh","uvs":[1,1,0,1,0,0,1,0],"triangles":[1,2,3,1,3,0],"vertices":[-112.45,-80.49,-377.45,-80.49,-377.45,57.51,-112.45,57.51],"hull":4,"edges":[0,2,2,4,4,6,0,6],"width":265,"height":138},"Y2":{"type":"mesh","uvs":[1,1,0,1,0,0,1,0],"triangles":[1,2,3,1,3,0],"vertices":[-116.56,-79.84,-376.56,-79.84,-376.56,37.16,-116.56,37.16],"hull":4,"edges":[0,2,2,4,4,6,0,6],"width":260,"height":117},"Y3":{"type":"mesh","uvs":[1,1,0,1,0,0,1,0],"triangles":[1,2,3,1,3,0],"vertices":[-110.12,-79.33,-377.12,-79.33,-377.12,61.67,-110.12,61.67],"hull":4,"edges":[0,2,2,4,4,6,0,6],"width":267,"height":141}},"body":{"body":{"type":"mesh","uvs":[1,1,0,1,0,0,1,0],"triangles":[1,2,3,1,3,0],"vertices":[169.5,-168.98,-169.5,-168.98,-169.5,170.02,169.5,170.02],"hull":4,"edges":[0,2,2,4,4,6,0,6],"width":339,"height":339}},"cheek":{"cheek":{"type":"mesh","uvs":[1,1,0,1,0,0,1,0],"triangles":[1,2,3,1,3,0],"vertices":[-281.87,-233.08,-421.87,-233.08,-421.87,-90.08,-281.87,-90.08],"hull":4,"edges":[0,2,2,4,4,6,0,6],"width":138,"height":141}},"cheek2":{"cheek":{"type":"mesh","uvs":[1,1,0,1,0,0,1,0],"triangles":[1,2,3,1,3,0],"vertices":[-80.72,-233.08,-220.72,-233.08,-220.72,-90.08,-80.72,-90.08],"hull":4,"edges":[0,2,2,4,4,6,0,6],"width":138,"height":141}}}}],"animations":{"01 Idle":{"slots":{"Ellipse 1":{"attachment":[{"time":0.4333,"name":null},{"time":0.5333,"name":"Ellipse 1"}]},"Y1":{"attachment":[{"time":0.4333,"name":"Y2"},{"time":0.5333,"name":"Y1"}]}},"bones":{"pelvid":{"scale":[{}]},"facial":{"translate":[{},{"time":0.5,"y":-3.68},{"time":1}]}},"deform":{"default":{"Ellipse 1":{"Ellipse 1":[{"curve":"stepped"},{"time":1}]},"M1":{"M1":[{},{"time":0.6,"offset":1,"vertices":[-7.36,0,-7.36,0,1.472,0,1.472]},{"time":1}],"M4":[{},{"time":0.6,"offset":1,"vertices":[-7.36,0,-7.36,0,1.472,0,1.472]},{"time":1}]}}}},"02 Alert":{"slots":{"Helmet":{"color":[{"time":0.9,"color":"ffffffff"},{"time":1,"color":"ffffff00"}]},"Helmet_back":{"color":[{"time":0.9,"color":"ffffffff"},{"time":1,"color":"ffffff00"}]},"M1":{"attachment":[{"name":"M2"},{"time":0.3333,"name":"M4"},{"time":0.8667,"name":"M1"},{"time":1.3333,"name":"M2"}]}},"bones":{"pelvid":{"scale":[{"time":0.6667}]},"facial":{"translate":[{"time":0.6667}]},"Y black":{"translate":[{"time":0.6667}]},"Y":{"translate":[{"time":0.6667}]},"Y2":{"translate":[{"time":0.6667}]}},"deform":{"default":{"Ellipse 1":{"Ellipse 1":[{"time":0.6667,"vertices":[-26.74005,0,-26.74005,0,-26.74005,0,-26.74005]}]},"Helmet":{"Helmet":[{"time":0.6667},{"time":0.8333,"vertices":[-10.26007,9.73606,10.34437,9.73606,10.34437,-9.92958,-10.26007,-9.92958]},{"time":0.9333,"vertices":[86.42015,-82.00638,-87.13026,-82.00638,-87.13026,83.63644,86.42015,83.63644]},{"time":1,"vertices":[144.26186,-136.89392,-145.44725,-136.89392,-145.44725,139.61499,144.26186,139.61499]}]},"Helmet_back":{"Helmet_back":[{"time":0.6667},{"time":0.8333,"vertices":[-10.32524,9.98811,7.51217,9.98811,7.51217,-9.974,-10.32524,-9.974]},{"time":0.9333,"vertices":[86.96913,-84.12935,-63.27475,-84.12935,-63.27475,84.0106,86.96913,84.0106]},{"time":1,"vertices":[145.1783,-140.43782,-105.62505,-140.43782,-105.62505,140.23958,145.1783,140.23958]}]},"M1":{"M1":[{"time":0.6667},{"time":0.8667,"offset":1,"vertices":[-12.03304,0,-12.03304]},{"time":1.1},{"time":1.1667,"offset":1,"vertices":[-5.15701,0,-5.15701]}],"M4":[{"time":0.6667},{"time":0.8667,"offset":1,"vertices":[-12.03304,0,-12.03304]},{"time":1.1},{"time":1.1667,"offset":1,"vertices":[-5.15701,0,-5.15701]}],"M2":[{"curve":"stepped"},{"time":0.1667},{"time":0.3,"vertices":[-24.492,-11.30399,25.43399,-11.30399,25.43399,12.24604,-24.492,12.24604]}]}}}},"03 Hit":{"slots":{"Ellipse 1":{"attachment":[{"time":0.1333,"name":null},{"time":0.3,"name":"Ellipse 1"}]},"M1":{"attachment":[{"time":0.1333,"name":"M1"},{"time":0.4333,"name":"M2"}]},"Y1":{"attachment":[{"time":0.1333,"name":"Y2"},{"time":0.3,"name":"Y1"}]}},"bones":{"pelvid":{"scale":[{}]},"facial":{"translate":[{},{"time":0.5,"y":-3.68},{"time":0.8333}]},"Y black":{"translate":[{},{"time":0.1333,"y":-20.11},{"time":0.3,"curve":"stepped"},{"time":0.8333}]},"Y":{"translate":[{},{"time":0.1333,"y":-20.11},{"time":0.3,"curve":"stepped"},{"time":0.8333}]},"Y2":{"translate":[{"curve":"stepped"},{"time":0.1},{"time":0.1667,"y":-22.73},{"time":0.2667,"curve":"stepped"},{"time":0.8333}]}},"deform":{"default":{"Ellipse 1":{"Ellipse 1":[{"curve":"stepped"},{"time":0.8333}]},"M1":{"M1":[{},{"time":0.1333,"offset":1,"vertices":[34.21098,0,34.21098,-1.4E-4,-38.75798,-1.4E-4,-38.75798]},{"time":0.2667,"offset":1,"vertices":[2.025,0,2.025,-1.4E-4,-20.36601,-1.4E-4,-20.36601]},{"time":0.3667,"offset":1,"vertices":[8.56468,0,8.56468,-1.7E-4,-30.56608,-1.7E-4,-30.56608]},{"time":0.4,"offset":1,"vertices":[33.24186,2.0E-5,33.24186,-1.6E-4,-46.77488,-1.6E-4,-46.77488]},{"time":0.8333}],"M4":[{},{"time":0.1333,"offset":1,"vertices":[34.21098,0,34.21098,-1.4E-4,-38.75798,-1.4E-4,-38.75798]},{"time":0.2667,"offset":1,"vertices":[2.025,0,2.025,-1.4E-4,-20.36601,-1.4E-4,-20.36601]},{"time":0.3667,"offset":1,"vertices":[8.56468,0,8.56468,-1.7E-4,-30.56608,-1.7E-4,-30.56608]},{"time":0.4,"offset":1,"vertices":[33.24186,2.0E-5,33.24186,-1.6E-4,-46.77488,-1.6E-4,-46.77488]},{"time":0.8333}]}}}},"04 Drown":{"slots":{"Ellipse 1":{"attachment":[{"name":"Ellipse 1"},{"time":0.8333,"name":"Ellipse 1"}]},"M1":{"attachment":[{"name":"M3"},{"time":0.8333,"name":"M3"}]},"Y1":{"attachment":[{"name":"Y3"},{"time":0.8333,"name":"Y3"}]},"cheek":{"attachment":[{"name":"cheek"},{"time":0.8333,"name":"cheek"}]},"cheek2":{"attachment":[{"name":"cheek"},{"time":0.8333,"name":"cheek"}]}},"bones":{"pelvid":{"scale":[{"curve":"stepped"},{"time":0.8333}]},"facial":{"translate":[{},{"time":0.5,"y":-3.68},{"time":0.8333}]},"Y black":{"translate":[{"curve":"stepped"},{"time":0.8333}]},"Y":{"translate":[{"curve":"stepped"},{"time":0.8333}]},"Y2":{"translate":[{"y":32.09}]}},"deform":{"default":{"Ellipse 1":{"Ellipse 1":[{"vertices":[6.70496,13.41005,6.70496,13.41005,6.70496,13.41005,6.70496,13.41005],"curve":"stepped"},{"time":0.8333,"vertices":[6.70496,13.41005,6.70496,13.41005,6.70496,13.41005,6.70496,13.41005]}]},"M1":{"M1":[{"curve":"stepped"},{"time":0.8333}],"M3":[{"vertices":[-9.38696,0,-9.38696,0,-9.38696,0,-9.38696]},{"time":0.4333,"vertices":[-5.99715,7.34651,5.99713,7.34651,5.99719,-7.34651,-5.99715,-7.34651]},{"time":0.8333,"vertices":[-9.38696,0,-9.38696,0,-9.38696,0,-9.38696]}],"M4":[{"curve":"stepped"},{"time":0.8333}]},"cheek":{"cheek":[{"vertices":[12.599,-5.03645,2.73743,-5.03645,2.73744,5.03645,12.59901,5.03645]},{"time":0.3333},{"time":0.8333,"vertices":[12.599,-5.03645,2.73743,-5.03645,2.73744,5.03645,12.59901,5.03645]}]},"cheek2":{"cheek":[{"vertices":[-0.81099,-5.03645,-10.67256,-5.03645,-10.67255,5.03645,-0.81097,5.03645]},{"time":0.3333},{"time":0.8333,"vertices":[-0.81099,-5.03645,-10.67256,-5.03645,-10.67255,5.03645,-0.81097,5.03645]}]}}}}}}