<level_47>
  <checkPoints>
    <p0 x="-1517" y="-317.6"/>
    <p1 x="-1627" y="-735"/>
  </checkPoints>
  <viewPoints>
    <p0 x="-1761.15" f="0.3" h="-268"/>
    <p1 x="-1495" f="0.3" h="-268"/>
    <p2 x="-1030" f="0.3" h="-334"/>
    <p3 x="-681" f="0.5" h="-334"/>
    <p4 x="-240" f="0.3" h="-388"/>
    <p5 x="390" f="0.3" h="-600"/>
    <p6 x="-119.8" f="0.3" h="-600"/>
  </viewPoints>
  <joints/>
  <frame x="-1761.15" y="-1040.1" w="1641.35" h="1001.05"/>
  <frameLeft x="0" y="0" rot="0" type="0" den="0" frc="0" rst="0" sens="false" geom="1" category="65535" mask="65535">
    <v0 x="-1761.15" y="-1040.1"/>
    <v1 x="-1761.15" y="-39.05"/>
  </frameLeft>
  <frameRight x="0" y="0" rot="0" type="0" den="0" frc="0" rst="0" sens="false" geom="1" category="65535" mask="65239">
    <v0 x="-119.8" y="-39.05"/>
    <v1 x="-119.8" y="-1040.1"/>
  </frameRight>
  <body_3 x="-1032.7" y="-273.95" rot="-90.0052" type="0" den="0" frc="0.4" rst="0" sens="false" geom="2" image="balk90_cut1" z="2" dx="0.5" dy="0.5">
    <p0>
      <v0 x="42.55" y="-5.15"/>
      <v1 x="44.05" y="-2"/>
      <v2 x="44.05" y="0.85"/>
      <v3 x="43.35" y="3.6"/>
      <v4 x="42.05" y="5.75"/>
      <v5 x="39.35" y="8"/>
      <v6 x="-40" y="8"/>
      <v7 x="-42" y="5.75"/>
      <v8 x="-43.3" y="3.6"/>
      <v9 x="-44" y="0.85"/>
      <v10 x="-44" y="-2"/>
      <v11 x="-42.5" y="-5.15"/>
      <v12 x="-39.45" y="-8"/>
      <v13 x="39.4" y="-8"/>
    </p0>
  </body_3>
  <body_4 x="-1032.7" y="-205.45" rot="-90.0052" type="0" den="0" frc="0.4" rst="0" sens="false" geom="2" image="balk90_cut2" z="3" dx="0.5" dy="0.5">
    <p0>
      <v0 x="42.55" y="-5.15"/>
      <v1 x="44.05" y="-2"/>
      <v2 x="44.05" y="0.85"/>
      <v3 x="43.35" y="3.6"/>
      <v4 x="42.05" y="5.75"/>
      <v5 x="39.35" y="8"/>
      <v6 x="-40" y="8"/>
      <v7 x="-42" y="5.75"/>
      <v8 x="-43.3" y="3.6"/>
      <v9 x="-44" y="0.85"/>
      <v10 x="-44" y="-2"/>
      <v11 x="-42.5" y="-5.15"/>
      <v12 x="-39.45" y="-8"/>
      <v13 x="39.4" y="-8"/>
    </p0>
  </body_4>
  <body_5 x="-995.5" y="-161" rot="0" type="0" den="0" frc="0.4" rst="0" sens="false" geom="2" image="balk90_5" z="4" dx="0.5" dy="0.5">
    <p0>
      <v0 x="42.55" y="-5.15"/>
      <v1 x="44.05" y="-2"/>
      <v2 x="44.05" y="0.85"/>
      <v3 x="43.35" y="3.6"/>
      <v4 x="42.05" y="5.75"/>
      <v5 x="39.35" y="8"/>
      <v6 x="-40" y="8"/>
      <v7 x="-42" y="5.75"/>
      <v8 x="-43.3" y="3.6"/>
      <v9 x="-44" y="0.85"/>
      <v10 x="-44" y="-2"/>
      <v11 x="-42.5" y="-5.15"/>
      <v12 x="-39.45" y="-8"/>
      <v13 x="39.4" y="-8"/>
    </p0>
  </body_5>
  <body_6 x="-911.2" y="-161" rot="0" type="0" den="0" frc="0.4" rst="0" sens="false" geom="2" image="balk90" z="5" dx="0.5" dy="0.5">
    <p0>
      <v0 x="42.55" y="-5.15"/>
      <v1 x="44.05" y="-2"/>
      <v2 x="44.05" y="0.85"/>
      <v3 x="43.35" y="3.6"/>
      <v4 x="42.05" y="5.75"/>
      <v5 x="39.35" y="8"/>
      <v6 x="-40" y="8"/>
      <v7 x="-42" y="5.75"/>
      <v8 x="-43.3" y="3.6"/>
      <v9 x="-44" y="0.85"/>
      <v10 x="-44" y="-2"/>
      <v11 x="-42.5" y="-5.15"/>
      <v12 x="-39.45" y="-8"/>
      <v13 x="39.4" y="-8"/>
    </p0>
  </body_6>
  <body_7 x="-837.7" y="-161" rot="0" type="0" den="0" frc="0.4" rst="0" sens="false" geom="2" image="balk90_6" z="6" dx="0.5" dy="0.5">
    <p0>
      <v0 x="42.55" y="-5.15"/>
      <v1 x="44.05" y="-2"/>
      <v2 x="44.05" y="0.85"/>
      <v3 x="43.35" y="3.6"/>
      <v4 x="42.05" y="5.75"/>
      <v5 x="39.35" y="8"/>
      <v6 x="-40" y="8"/>
      <v7 x="-42" y="5.75"/>
      <v8 x="-43.3" y="3.6"/>
      <v9 x="-44" y="0.85"/>
      <v10 x="-44" y="-2"/>
      <v11 x="-42.5" y="-5.15"/>
      <v12 x="-39.45" y="-8"/>
      <v13 x="39.4" y="-8"/>
    </p0>
  </body_7>
  <body_8 x="-441.9" y="-198.05" rot="-90.0052" type="0" den="0" frc="0.4" rst="0" sens="false" geom="2" image="balk90_cut1" z="7" dx="0.5" dy="0.5">
    <p0>
      <v0 x="42.55" y="-5.15"/>
      <v1 x="44.05" y="-2"/>
      <v2 x="44.05" y="0.85"/>
      <v3 x="43.35" y="3.6"/>
      <v4 x="42.05" y="5.75"/>
      <v5 x="39.35" y="8"/>
      <v6 x="-40" y="8"/>
      <v7 x="-42" y="5.75"/>
      <v8 x="-43.3" y="3.6"/>
      <v9 x="-44" y="0.85"/>
      <v10 x="-44" y="-2"/>
      <v11 x="-42.5" y="-5.15"/>
      <v12 x="-39.45" y="-8"/>
      <v13 x="39.4" y="-8"/>
    </p0>
  </body_8>
  <body_9 x="-405.7" y="-159.45" rot="0" type="0" den="0" frc="0.4" rst="0" sens="false" geom="2" image="balk90_7" z="8" dx="0.5" dy="0.5">
    <p0>
      <v0 x="42.55" y="-5.15"/>
      <v1 x="44.05" y="-2"/>
      <v2 x="44.05" y="0.85"/>
      <v3 x="43.35" y="3.6"/>
      <v4 x="42.05" y="5.75"/>
      <v5 x="39.35" y="8"/>
      <v6 x="-40" y="8"/>
      <v7 x="-42" y="5.75"/>
      <v8 x="-43.3" y="3.6"/>
      <v9 x="-44" y="0.85"/>
      <v10 x="-44" y="-2"/>
      <v11 x="-42.5" y="-5.15"/>
      <v12 x="-39.45" y="-8"/>
      <v13 x="39.4" y="-8"/>
    </p0>
  </body_9>
  <body_10 x="-478.7" y="-233.75" rot="-0.0009" type="0" den="0" frc="0.4" rst="0" sens="false" geom="2" image="balk90_4" z="9" dx="0.5" dy="0.5">
    <p0>
      <v0 x="42.55" y="-5.15"/>
      <v1 x="44.05" y="-2"/>
      <v2 x="44.05" y="0.85"/>
      <v3 x="43.35" y="3.6"/>
      <v4 x="42.05" y="5.75"/>
      <v5 x="39.35" y="8"/>
      <v6 x="-40" y="8"/>
      <v7 x="-42" y="5.75"/>
      <v8 x="-43.3" y="3.6"/>
      <v9 x="-44" y="0.85"/>
      <v10 x="-44" y="-2"/>
      <v11 x="-42.5" y="-5.15"/>
      <v12 x="-39.45" y="-8"/>
      <v13 x="39.4" y="-8"/>
    </p0>
  </body_10>
  <body_11 x="-360.45" y="-196.4" rot="-90.0052" type="0" den="0" frc="0.4" rst="0" sens="false" geom="2" image="balk90_51" z="10" dx="0.5" dy="0.5">
    <p0>
      <v0 x="42.55" y="-5.15"/>
      <v1 x="44.05" y="-2"/>
      <v2 x="44.05" y="0.85"/>
      <v3 x="43.35" y="3.6"/>
      <v4 x="42.05" y="5.75"/>
      <v5 x="39.35" y="8"/>
      <v6 x="-40" y="8"/>
      <v7 x="-42" y="5.75"/>
      <v8 x="-43.3" y="3.6"/>
      <v9 x="-44" y="0.85"/>
      <v10 x="-44" y="-2"/>
      <v11 x="-42.5" y="-5.15"/>
      <v12 x="-39.45" y="-8"/>
      <v13 x="39.4" y="-8"/>
    </p0>
  </body_11>
  <body_12 x="-360.45" y="-274.35" rot="-90.0052" type="0" den="0" frc="0.4" rst="0" sens="false" geom="2" image="balk90_cut1" z="11" dx="0.5" dy="0.5">
    <p0>
      <v0 x="42.55" y="-5.15"/>
      <v1 x="44.05" y="-2"/>
      <v2 x="44.05" y="0.85"/>
      <v3 x="43.35" y="3.6"/>
      <v4 x="42.05" y="5.75"/>
      <v5 x="39.35" y="8"/>
      <v6 x="-40" y="8"/>
      <v7 x="-42" y="5.75"/>
      <v8 x="-43.3" y="3.6"/>
      <v9 x="-44" y="0.85"/>
      <v10 x="-44" y="-2"/>
      <v11 x="-42.5" y="-5.15"/>
      <v12 x="-39.45" y="-8"/>
      <v13 x="39.4" y="-8"/>
    </p0>
  </body_12>
  <body_13 x="-239.35" y="-311.5" rot="0" type="0" den="0" frc="0.4" rst="0" sens="false" geom="2" image="balk90_6" z="12" dx="0.5" dy="0.5">
    <p0>
      <v0 x="42.55" y="-5.15"/>
      <v1 x="44.05" y="-2"/>
      <v2 x="44.05" y="0.85"/>
      <v3 x="43.35" y="3.6"/>
      <v4 x="42.05" y="5.75"/>
      <v5 x="39.35" y="8"/>
      <v6 x="-40" y="8"/>
      <v7 x="-42" y="5.75"/>
      <v8 x="-43.3" y="3.6"/>
      <v9 x="-44" y="0.85"/>
      <v10 x="-44" y="-2"/>
      <v11 x="-42.5" y="-5.15"/>
      <v12 x="-39.45" y="-8"/>
      <v13 x="39.4" y="-8"/>
    </p0>
  </body_13>
  <body_14 x="-323.4" y="-311.5" rot="0" type="0" den="0" frc="0.4" rst="0" sens="false" geom="2" image="balk90_2" z="13" dx="0.5" dy="0.5">
    <p0>
      <v0 x="42.55" y="-5.15"/>
      <v1 x="44.05" y="-2"/>
      <v2 x="44.05" y="0.85"/>
      <v3 x="43.35" y="3.6"/>
      <v4 x="42.05" y="5.75"/>
      <v5 x="39.35" y="8"/>
      <v6 x="-40" y="8"/>
      <v7 x="-42" y="5.75"/>
      <v8 x="-43.3" y="3.6"/>
      <v9 x="-44" y="0.85"/>
      <v10 x="-44" y="-2"/>
      <v11 x="-42.5" y="-5.15"/>
      <v12 x="-39.45" y="-8"/>
      <v13 x="39.4" y="-8"/>
    </p0>
  </body_14>
  <body_15 x="-552.45" y="-233.75" rot="0" type="0" den="0" frc="0.4" rst="0" sens="false" geom="2" image="balk90_1" z="14" dx="0.5" dy="0.5">
    <p0>
      <v0 x="42.55" y="-5.15"/>
      <v1 x="44.05" y="-2"/>
      <v2 x="44.05" y="0.85"/>
      <v3 x="43.35" y="3.6"/>
      <v4 x="42.05" y="5.75"/>
      <v5 x="39.35" y="8"/>
      <v6 x="-40" y="8"/>
      <v7 x="-42" y="5.75"/>
      <v8 x="-43.3" y="3.6"/>
      <v9 x="-44" y="0.85"/>
      <v10 x="-44" y="-2"/>
      <v11 x="-42.5" y="-5.15"/>
      <v12 x="-39.45" y="-8"/>
      <v13 x="39.4" y="-8"/>
    </p0>
  </body_15>
  <body_16 x="-1003.25" y="-552.9" rot="0" type="0" den="0" frc="0.4" rst="0" sens="false" geom="2" image="balk90" z="16" dx="0.5" dy="0.5">
    <p0>
      <v0 x="42.55" y="-5.15"/>
      <v1 x="44.05" y="-2"/>
      <v2 x="44.05" y="0.85"/>
      <v3 x="43.35" y="3.6"/>
      <v4 x="42.05" y="5.75"/>
      <v5 x="39.35" y="8"/>
      <v6 x="-40" y="8"/>
      <v7 x="-42" y="5.75"/>
      <v8 x="-43.3" y="3.6"/>
      <v9 x="-44" y="0.85"/>
      <v10 x="-44" y="-2"/>
      <v11 x="-42.5" y="-5.15"/>
      <v12 x="-39.45" y="-8"/>
      <v13 x="39.4" y="-8"/>
    </p0>
  </body_16>
  <body_17 x="-1089.65" y="-552.9" rot="0" type="0" den="0" frc="0.4" rst="0" sens="false" geom="2" image="balk90" z="18" dx="0.5" dy="0.5">
    <p0>
      <v0 x="42.55" y="-5.15"/>
      <v1 x="44.05" y="-2"/>
      <v2 x="44.05" y="0.85"/>
      <v3 x="43.35" y="3.6"/>
      <v4 x="42.05" y="5.75"/>
      <v5 x="39.35" y="8"/>
      <v6 x="-40" y="8"/>
      <v7 x="-42" y="5.75"/>
      <v8 x="-43.3" y="3.6"/>
      <v9 x="-44" y="0.85"/>
      <v10 x="-44" y="-2"/>
      <v11 x="-42.5" y="-5.15"/>
      <v12 x="-39.45" y="-8"/>
      <v13 x="39.4" y="-8"/>
    </p0>
  </body_17>
  <body_18 x="-1174.65" y="-552.9" rot="0" type="0" den="0" frc="0.4" rst="0" sens="false" geom="2" image="balk90" z="19" dx="0.5" dy="0.5">
    <p0>
      <v0 x="42.55" y="-5.15"/>
      <v1 x="44.05" y="-2"/>
      <v2 x="44.05" y="0.85"/>
      <v3 x="43.35" y="3.6"/>
      <v4 x="42.05" y="5.75"/>
      <v5 x="39.35" y="8"/>
      <v6 x="-40" y="8"/>
      <v7 x="-42" y="5.75"/>
      <v8 x="-43.3" y="3.6"/>
      <v9 x="-44" y="0.85"/>
      <v10 x="-44" y="-2"/>
      <v11 x="-42.5" y="-5.15"/>
      <v12 x="-39.45" y="-8"/>
      <v13 x="39.4" y="-8"/>
    </p0>
  </body_18>
  <body_19 x="-1392.1" y="-235.6" rot="-89.9948" type="0" den="0" frc="0.4" rst="0" sens="false" geom="2" image="balk90_cut1" z="21" dx="0.5" dy="0.5">
    <p0>
      <v0 x="42.55" y="-5.15"/>
      <v1 x="44.05" y="-2"/>
      <v2 x="44.05" y="0.85"/>
      <v3 x="43.35" y="3.6"/>
      <v4 x="42.05" y="5.75"/>
      <v5 x="39.35" y="8"/>
      <v6 x="-40" y="8"/>
      <v7 x="-42" y="5.75"/>
      <v8 x="-43.3" y="3.6"/>
      <v9 x="-44" y="0.85"/>
      <v10 x="-44" y="-2"/>
      <v11 x="-42.5" y="-5.15"/>
      <v12 x="-39.45" y="-8"/>
      <v13 x="39.4" y="-8"/>
    </p0>
  </body_19>
  <body_20 x="-1301" y="-271.85" rot="0" type="0" den="0" frc="0.4" rst="0" sens="false" geom="2" image="balk90_6" z="22" dx="0.5" dy="0.5">
    <p0>
      <v0 x="42.55" y="-5.15"/>
      <v1 x="44.05" y="-2"/>
      <v2 x="44.05" y="0.85"/>
      <v3 x="43.35" y="3.6"/>
      <v4 x="42.05" y="5.75"/>
      <v5 x="39.35" y="8"/>
      <v6 x="-40" y="8"/>
      <v7 x="-42" y="5.75"/>
      <v8 x="-43.3" y="3.6"/>
      <v9 x="-44" y="0.85"/>
      <v10 x="-44" y="-2"/>
      <v11 x="-42.5" y="-5.15"/>
      <v12 x="-39.45" y="-8"/>
      <v13 x="39.4" y="-8"/>
    </p0>
  </body_20>
  <body_21 x="-1355.2" y="-271.85" rot="0" type="0" den="0" frc="0.4" rst="0" sens="false" geom="2" image="balk90_2" z="23" dx="0.5" dy="0.5">
    <p0>
      <v0 x="42.55" y="-5.15"/>
      <v1 x="44.05" y="-2"/>
      <v2 x="44.05" y="0.85"/>
      <v3 x="43.35" y="3.6"/>
      <v4 x="42.05" y="5.75"/>
      <v5 x="39.35" y="8"/>
      <v6 x="-40" y="8"/>
      <v7 x="-42" y="5.75"/>
      <v8 x="-43.3" y="3.6"/>
      <v9 x="-44" y="0.85"/>
      <v10 x="-44" y="-2"/>
      <v11 x="-42.5" y="-5.15"/>
      <v12 x="-39.45" y="-8"/>
      <v13 x="39.4" y="-8"/>
    </p0>
  </body_21>
  <body_22 x="-1428.2" y="-189.95" rot="0" type="0" den="0" frc="0.4" rst="0" sens="false" geom="2" image="balk90_3" z="24" dx="0.5" dy="0.5">
    <p0>
      <v0 x="42.55" y="-5.15"/>
      <v1 x="44.05" y="-2"/>
      <v2 x="44.05" y="0.85"/>
      <v3 x="43.35" y="3.6"/>
      <v4 x="42.05" y="5.75"/>
      <v5 x="39.35" y="8"/>
      <v6 x="-40" y="8"/>
      <v7 x="-42" y="5.75"/>
      <v8 x="-43.3" y="3.6"/>
      <v9 x="-44" y="0.85"/>
      <v10 x="-44" y="-2"/>
      <v11 x="-42.5" y="-5.15"/>
      <v12 x="-39.45" y="-8"/>
      <v13 x="39.4" y="-8"/>
    </p0>
  </body_22>
  <body_23 x="-1508" y="-189.95" rot="0" type="0" den="0" frc="0.4" rst="0" sens="false" geom="2" image="balk90" z="25" dx="0.5" dy="0.5">
    <p0>
      <v0 x="42.55" y="-5.15"/>
      <v1 x="44.05" y="-2"/>
      <v2 x="44.05" y="0.85"/>
      <v3 x="43.35" y="3.6"/>
      <v4 x="42.05" y="5.75"/>
      <v5 x="39.35" y="8"/>
      <v6 x="-40" y="8"/>
      <v7 x="-42" y="5.75"/>
      <v8 x="-43.3" y="3.6"/>
      <v9 x="-44" y="0.85"/>
      <v10 x="-44" y="-2"/>
      <v11 x="-42.5" y="-5.15"/>
      <v12 x="-39.45" y="-8"/>
      <v13 x="39.4" y="-8"/>
    </p0>
  </body_23>
  <body_24 x="-1565.25" y="-672.9" rot="-90.0052" type="0" den="0" frc="0.4" rst="0" sens="false" geom="2" image="balk90_31" z="26" dx="0.5" dy="0.5">
    <p0>
      <v0 x="42.55" y="-5.15"/>
      <v1 x="44.05" y="-2"/>
      <v2 x="44.05" y="0.85"/>
      <v3 x="43.35" y="3.6"/>
      <v4 x="42.05" y="5.75"/>
      <v5 x="39.35" y="8"/>
      <v6 x="-40" y="8"/>
      <v7 x="-42" y="5.75"/>
      <v8 x="-43.3" y="3.6"/>
      <v9 x="-44" y="0.85"/>
      <v10 x="-44" y="-2"/>
      <v11 x="-42.5" y="-5.15"/>
      <v12 x="-39.45" y="-8"/>
      <v13 x="39.4" y="-8"/>
    </p0>
  </body_24>
  <body_25 x="-1565.25" y="-597.7" rot="-90.0052" type="0" den="0" frc="0.4" rst="0" sens="false" geom="2" image="balk90_cut2" z="27" dx="0.5" dy="0.5">
    <p0>
      <v0 x="42.55" y="-5.15"/>
      <v1 x="44.05" y="-2"/>
      <v2 x="44.05" y="0.85"/>
      <v3 x="43.35" y="3.6"/>
      <v4 x="42.05" y="5.75"/>
      <v5 x="39.35" y="8"/>
      <v6 x="-40" y="8"/>
      <v7 x="-42" y="5.75"/>
      <v8 x="-43.3" y="3.6"/>
      <v9 x="-44" y="0.85"/>
      <v10 x="-44" y="-2"/>
      <v11 x="-42.5" y="-5.15"/>
      <v12 x="-39.45" y="-8"/>
      <v13 x="39.4" y="-8"/>
    </p0>
  </body_25>
  <body_26 x="-1524.5" y="-630.8" rot="0" type="0" den="0" frc="0.4" rst="0" sens="false" geom="2" image="balk90_6_cut1" z="28" dx="0.5" dy="0.5">
    <p0>
      <v0 x="42.55" y="-5.15"/>
      <v1 x="44.05" y="-2"/>
      <v2 x="44.05" y="0.85"/>
      <v3 x="43.35" y="3.6"/>
      <v4 x="42.05" y="5.75"/>
      <v5 x="39.35" y="8"/>
      <v6 x="-40" y="8"/>
      <v7 x="-42" y="5.75"/>
      <v8 x="-43.3" y="3.6"/>
      <v9 x="-44" y="0.85"/>
      <v10 x="-44" y="-2"/>
      <v11 x="-42.5" y="-5.15"/>
      <v12 x="-39.45" y="-8"/>
      <v13 x="39.4" y="-8"/>
    </p0>
  </body_26>
  <body_27 x="-1528.05" y="-552.9" rot="0" type="0" den="0" frc="0.4" rst="0" sens="false" geom="2" image="balk90_5" z="29" dx="0.5" dy="0.5">
    <p0>
      <v0 x="42.55" y="-5.15"/>
      <v1 x="44.05" y="-2"/>
      <v2 x="44.05" y="0.85"/>
      <v3 x="43.35" y="3.6"/>
      <v4 x="42.05" y="5.75"/>
      <v5 x="39.35" y="8"/>
      <v6 x="-40" y="8"/>
      <v7 x="-42" y="5.75"/>
      <v8 x="-43.3" y="3.6"/>
      <v9 x="-44" y="0.85"/>
      <v10 x="-44" y="-2"/>
      <v11 x="-42.5" y="-5.15"/>
      <v12 x="-39.45" y="-8"/>
      <v13 x="39.4" y="-8"/>
    </p0>
  </body_27>
  <body_28 x="-1443.75" y="-552.9" rot="0" type="0" den="0" frc="0.4" rst="0" sens="false" geom="2" image="balk90" z="30" dx="0.5" dy="0.5">
    <p0>
      <v0 x="42.55" y="-5.15"/>
      <v1 x="44.05" y="-2"/>
      <v2 x="44.05" y="0.85"/>
      <v3 x="43.35" y="3.6"/>
      <v4 x="42.05" y="5.75"/>
      <v5 x="39.35" y="8"/>
      <v6 x="-40" y="8"/>
      <v7 x="-42" y="5.75"/>
      <v8 x="-43.3" y="3.6"/>
      <v9 x="-44" y="0.85"/>
      <v10 x="-44" y="-2"/>
      <v11 x="-42.5" y="-5.15"/>
      <v12 x="-39.45" y="-8"/>
      <v13 x="39.4" y="-8"/>
    </p0>
  </body_28>
  <body_29 x="-1602.15" y="-709.75" rot="0" type="0" den="0" frc="0.4" rst="0" sens="false" geom="2" image="balk90_cut1" z="31" dx="0.5" dy="0.5">
    <p0>
      <v0 x="42.55" y="-5.15"/>
      <v1 x="44.05" y="-2"/>
      <v2 x="44.05" y="0.85"/>
      <v3 x="43.35" y="3.6"/>
      <v4 x="42.05" y="5.75"/>
      <v5 x="39.35" y="8"/>
      <v6 x="-40" y="8"/>
      <v7 x="-42" y="5.75"/>
      <v8 x="-43.3" y="3.6"/>
      <v9 x="-44" y="0.85"/>
      <v10 x="-44" y="-2"/>
      <v11 x="-42.5" y="-5.15"/>
      <v12 x="-39.45" y="-8"/>
      <v13 x="39.4" y="-8"/>
    </p0>
  </body_29>
  <body_30 x="-1657.95" y="-709.75" rot="0" type="0" den="0" frc="0.4" rst="0" sens="false" geom="2" image="balk90_1" z="32" dx="0.5" dy="0.5">
    <p0>
      <v0 x="42.55" y="-5.15"/>
      <v1 x="44.05" y="-2"/>
      <v2 x="44.05" y="0.85"/>
      <v3 x="43.35" y="3.6"/>
      <v4 x="42.05" y="5.75"/>
      <v5 x="39.35" y="8"/>
      <v6 x="-40" y="8"/>
      <v7 x="-42" y="5.75"/>
      <v8 x="-43.3" y="3.6"/>
      <v9 x="-44" y="0.85"/>
      <v10 x="-44" y="-2"/>
      <v11 x="-42.5" y="-5.15"/>
      <v12 x="-39.45" y="-8"/>
      <v13 x="39.4" y="-8"/>
    </p0>
  </body_30>
  <body_31 x="-1190" y="-750.55" rot="0" type="0" den="0" frc="0.4" rst="0" sens="false" geom="2" image="balk90" z="33" dx="0.5" dy="0.5">
    <p0>
      <v0 x="42.55" y="-5.15"/>
      <v1 x="44.05" y="-2"/>
      <v2 x="44.05" y="0.85"/>
      <v3 x="43.35" y="3.6"/>
      <v4 x="42.05" y="5.75"/>
      <v5 x="39.35" y="8"/>
      <v6 x="-40" y="8"/>
      <v7 x="-42" y="5.75"/>
      <v8 x="-43.3" y="3.6"/>
      <v9 x="-44" y="0.85"/>
      <v10 x="-44" y="-2"/>
      <v11 x="-42.5" y="-5.15"/>
      <v12 x="-39.45" y="-8"/>
      <v13 x="39.4" y="-8"/>
    </p0>
  </body_31>
  <body_32 x="-1190.9" y="-791.3" rot="-89.9948" type="0" den="0" frc="0.4" rst="0" sens="false" geom="2" image="balk90_6_cut1" z="34" dx="0.5" dy="0.5">
    <p0>
      <v0 x="42.55" y="-5.15"/>
      <v1 x="44.05" y="-2"/>
      <v2 x="44.05" y="0.85"/>
      <v3 x="43.35" y="3.6"/>
      <v4 x="42.05" y="5.75"/>
      <v5 x="39.35" y="8"/>
      <v6 x="-40" y="8"/>
      <v7 x="-42" y="5.75"/>
      <v8 x="-43.3" y="3.6"/>
      <v9 x="-44" y="0.85"/>
      <v10 x="-44" y="-2"/>
      <v11 x="-42.5" y="-5.15"/>
      <v12 x="-39.45" y="-8"/>
      <v13 x="39.4" y="-8"/>
    </p0>
  </body_32>
  <body_33 x="-1275" y="-750.55" rot="0" type="0" den="0" frc="0.4" rst="0" sens="false" geom="2" image="balk90_1" z="35" dx="0.5" dy="0.5">
    <p0>
      <v0 x="42.55" y="-5.15"/>
      <v1 x="44.05" y="-2"/>
      <v2 x="44.05" y="0.85"/>
      <v3 x="43.35" y="3.6"/>
      <v4 x="42.05" y="5.75"/>
      <v5 x="39.35" y="8"/>
      <v6 x="-40" y="8"/>
      <v7 x="-42" y="5.75"/>
      <v8 x="-43.3" y="3.6"/>
      <v9 x="-44" y="0.85"/>
      <v10 x="-44" y="-2"/>
      <v11 x="-42.5" y="-5.15"/>
      <v12 x="-39.45" y="-8"/>
      <v13 x="39.4" y="-8"/>
    </p0>
  </body_33>
  <body_34 x="-852.7" y="-957.75" rot="-90.0052" type="0" den="0" frc="0.4" rst="0" sens="false" geom="2" image="balk90_6" z="36" dx="0.5" dy="0.5">
    <p0>
      <v0 x="42.55" y="-5.15"/>
      <v1 x="44.05" y="-2"/>
      <v2 x="44.05" y="0.85"/>
      <v3 x="43.35" y="3.6"/>
      <v4 x="42.05" y="5.75"/>
      <v5 x="39.35" y="8"/>
      <v6 x="-40" y="8"/>
      <v7 x="-42" y="5.75"/>
      <v8 x="-43.3" y="3.6"/>
      <v9 x="-44" y="0.85"/>
      <v10 x="-44" y="-2"/>
      <v11 x="-42.5" y="-5.15"/>
      <v12 x="-39.45" y="-8"/>
      <v13 x="39.4" y="-8"/>
    </p0>
  </body_34>
  <body_35 x="-816.2" y="-911" rot="0" type="0" den="0" frc="0.4" rst="0" sens="false" geom="2" image="balk90_8" z="37" dx="0.5" dy="0.5">
    <p0>
      <v0 x="42.55" y="-5.15"/>
      <v1 x="44.05" y="-2"/>
      <v2 x="44.05" y="0.85"/>
      <v3 x="43.35" y="3.6"/>
      <v4 x="42.05" y="5.75"/>
      <v5 x="39.35" y="8"/>
      <v6 x="-40" y="8"/>
      <v7 x="-42" y="5.75"/>
      <v8 x="-43.3" y="3.6"/>
      <v9 x="-44" y="0.85"/>
      <v10 x="-44" y="-2"/>
      <v11 x="-42.5" y="-5.15"/>
      <v12 x="-39.45" y="-8"/>
      <v13 x="39.4" y="-8"/>
    </p0>
  </body_35>
  <body_36 x="-752.75" y="-830.75" rot="-0.0009" type="0" den="0" frc="0.4" rst="0" sens="false" geom="2" image="balk90_6" z="38" dx="0.5" dy="0.5">
    <p0>
      <v0 x="42.55" y="-5.15"/>
      <v1 x="44.05" y="-2"/>
      <v2 x="44.05" y="0.85"/>
      <v3 x="43.35" y="3.6"/>
      <v4 x="42.05" y="5.75"/>
      <v5 x="39.35" y="8"/>
      <v6 x="-40" y="8"/>
      <v7 x="-42" y="5.75"/>
      <v8 x="-43.3" y="3.6"/>
      <v9 x="-44" y="0.85"/>
      <v10 x="-44" y="-2"/>
      <v11 x="-42.5" y="-5.15"/>
      <v12 x="-39.45" y="-8"/>
      <v13 x="39.4" y="-8"/>
    </p0>
  </body_36>
  <body_37 x="-837.2" y="-830.75" rot="0" type="0" den="0" frc="0.4" rst="0" sens="false" geom="2" image="balk90_1" z="39" dx="0.5" dy="0.5">
    <p0>
      <v0 x="42.55" y="-5.15"/>
      <v1 x="44.05" y="-2"/>
      <v2 x="44.05" y="0.85"/>
      <v3 x="43.35" y="3.6"/>
      <v4 x="42.05" y="5.75"/>
      <v5 x="39.35" y="8"/>
      <v6 x="-40" y="8"/>
      <v7 x="-42" y="5.75"/>
      <v8 x="-43.3" y="3.6"/>
      <v9 x="-44" y="0.85"/>
      <v10 x="-44" y="-2"/>
      <v11 x="-42.5" y="-5.15"/>
      <v12 x="-39.45" y="-8"/>
      <v13 x="39.4" y="-8"/>
    </p0>
  </body_37>
  <body_38 x="-510.15" y="-717.3" rot="-90.0052" type="0" den="0" frc="0.4" rst="0" sens="false" geom="2" image="balk90_6" z="40" dx="0.5" dy="0.5">
    <p0>
      <v0 x="42.55" y="-5.15"/>
      <v1 x="44.05" y="-2"/>
      <v2 x="44.05" y="0.85"/>
      <v3 x="43.35" y="3.6"/>
      <v4 x="42.05" y="5.75"/>
      <v5 x="39.35" y="8"/>
      <v6 x="-40" y="8"/>
      <v7 x="-42" y="5.75"/>
      <v8 x="-43.3" y="3.6"/>
      <v9 x="-44" y="0.85"/>
      <v10 x="-44" y="-2"/>
      <v11 x="-42.5" y="-5.15"/>
      <v12 x="-39.45" y="-8"/>
      <v13 x="39.4" y="-8"/>
    </p0>
  </body_38>
  <body_39 x="-473.15" y="-673" rot="0" type="0" den="0" frc="0.4" rst="0" sens="false" geom="2" image="balk90_5" z="41" dx="0.5" dy="0.5">
    <p0>
      <v0 x="42.55" y="-5.15"/>
      <v1 x="44.05" y="-2"/>
      <v2 x="44.05" y="0.85"/>
      <v3 x="43.35" y="3.6"/>
      <v4 x="42.05" y="5.75"/>
      <v5 x="39.35" y="8"/>
      <v6 x="-40" y="8"/>
      <v7 x="-42" y="5.75"/>
      <v8 x="-43.3" y="3.6"/>
      <v9 x="-44" y="0.85"/>
      <v10 x="-44" y="-2"/>
      <v11 x="-42.5" y="-5.15"/>
      <v12 x="-39.45" y="-8"/>
      <v13 x="39.4" y="-8"/>
    </p0>
  </body_39>
  <body_40 x="-399.5" y="-673" rot="0" type="0" den="0" frc="0.4" rst="0" sens="false" geom="2" image="balk90_4" z="42" dx="0.5" dy="0.5">
    <p0>
      <v0 x="42.55" y="-5.15"/>
      <v1 x="44.05" y="-2"/>
      <v2 x="44.05" y="0.85"/>
      <v3 x="43.35" y="3.6"/>
      <v4 x="42.05" y="5.75"/>
      <v5 x="39.35" y="8"/>
      <v6 x="-40" y="8"/>
      <v7 x="-42" y="5.75"/>
      <v8 x="-43.3" y="3.6"/>
      <v9 x="-44" y="0.85"/>
      <v10 x="-44" y="-2"/>
      <v11 x="-42.5" y="-5.15"/>
      <v12 x="-39.45" y="-8"/>
      <v13 x="39.4" y="-8"/>
    </p0>
  </body_40>
  <body_41 x="-362.5" y="-635.9" rot="-90.0052" type="0" den="0" frc="0.4" rst="0" sens="false" geom="2" image="balk90_cut1" z="43" dx="0.5" dy="0.5">
    <p0>
      <v0 x="42.55" y="-5.15"/>
      <v1 x="44.05" y="-2"/>
      <v2 x="44.05" y="0.85"/>
      <v3 x="43.35" y="3.6"/>
      <v4 x="42.05" y="5.75"/>
      <v5 x="39.35" y="8"/>
      <v6 x="-40" y="8"/>
      <v7 x="-42" y="5.75"/>
      <v8 x="-43.3" y="3.6"/>
      <v9 x="-44" y="0.85"/>
      <v10 x="-44" y="-2"/>
      <v11 x="-42.5" y="-5.15"/>
      <v12 x="-39.45" y="-8"/>
      <v13 x="39.4" y="-8"/>
    </p0>
  </body_41>
  <body_42 x="-271" y="-636.9" rot="-89.9948" type="0" den="0" frc="0.4" rst="0" sens="false" geom="2" image="balk90_6" z="44" dx="0.5" dy="0.5">
    <p0>
      <v0 x="42.55" y="-5.15"/>
      <v1 x="44.05" y="-2"/>
      <v2 x="44.05" y="0.85"/>
      <v3 x="43.35" y="3.6"/>
      <v4 x="42.05" y="5.75"/>
      <v5 x="39.35" y="8"/>
      <v6 x="-40" y="8"/>
      <v7 x="-42" y="5.75"/>
      <v8 x="-43.3" y="3.6"/>
      <v9 x="-44" y="0.85"/>
      <v10 x="-44" y="-2"/>
      <v11 x="-42.5" y="-5.15"/>
      <v12 x="-39.45" y="-8"/>
      <v13 x="39.4" y="-8"/>
    </p0>
  </body_42>
  <body_43 x="-362.5" y="-561.5" rot="-90.0052" type="0" den="0" frc="0.4" rst="0" sens="false" geom="2" image="balk90_1" z="45" dx="0.5" dy="0.5">
    <p0>
      <v0 x="42.55" y="-5.15"/>
      <v1 x="44.05" y="-2"/>
      <v2 x="44.05" y="0.85"/>
      <v3 x="43.35" y="3.6"/>
      <v4 x="42.05" y="5.75"/>
      <v5 x="39.35" y="8"/>
      <v6 x="-40" y="8"/>
      <v7 x="-42" y="5.75"/>
      <v8 x="-43.3" y="3.6"/>
      <v9 x="-44" y="0.85"/>
      <v10 x="-44" y="-2"/>
      <v11 x="-42.5" y="-5.15"/>
      <v12 x="-39.45" y="-8"/>
      <v13 x="39.4" y="-8"/>
    </p0>
  </body_43>
  <body_44 x="-271" y="-561.5" rot="-89.9948" type="0" den="0" frc="0.4" rst="0" sens="false" geom="2" image="balk90_1" z="46" dx="0.5" dy="0.5">
    <p0>
      <v0 x="42.55" y="-5.15"/>
      <v1 x="44.05" y="-2"/>
      <v2 x="44.05" y="0.85"/>
      <v3 x="43.35" y="3.6"/>
      <v4 x="42.05" y="5.75"/>
      <v5 x="39.35" y="8"/>
      <v6 x="-40" y="8"/>
      <v7 x="-42" y="5.75"/>
      <v8 x="-43.3" y="3.6"/>
      <v9 x="-44" y="0.85"/>
      <v10 x="-44" y="-2"/>
      <v11 x="-42.5" y="-5.15"/>
      <v12 x="-39.45" y="-8"/>
      <v13 x="39.4" y="-8"/>
    </p0>
  </body_44>
  <body_45 x="-1105.6" y="-750.55" rot="0" type="0" den="0" frc="0.4" rst="0" sens="false" geom="2" image="balk90_6" z="47" dx="0.5" dy="0.5">
    <p0>
      <v0 x="42.55" y="-5.15"/>
      <v1 x="44.05" y="-2"/>
      <v2 x="44.05" y="0.85"/>
      <v3 x="43.35" y="3.6"/>
      <v4 x="42.05" y="5.75"/>
      <v5 x="39.35" y="8"/>
      <v6 x="-40" y="8"/>
      <v7 x="-42" y="5.75"/>
      <v8 x="-43.3" y="3.6"/>
      <v9 x="-44" y="0.85"/>
      <v10 x="-44" y="-2"/>
      <v11 x="-42.5" y="-5.15"/>
      <v12 x="-39.45" y="-8"/>
      <v13 x="39.4" y="-8"/>
    </p0>
  </body_45>
  <body_46 x="-1577.95" y="-189.95" rot="0" type="0" den="0" frc="0.4" rst="0" sens="false" geom="2" image="balk90_1" z="49" dx="0.5" dy="0.5">
    <p0>
      <v0 x="42.55" y="-5.15"/>
      <v1 x="44.05" y="-2"/>
      <v2 x="44.05" y="0.85"/>
      <v3 x="43.35" y="3.6"/>
      <v4 x="42.05" y="5.75"/>
      <v5 x="39.35" y="8"/>
      <v6 x="-40" y="8"/>
      <v7 x="-42" y="5.75"/>
      <v8 x="-43.3" y="3.6"/>
      <v9 x="-44" y="0.85"/>
      <v10 x="-44" y="-2"/>
      <v11 x="-42.5" y="-5.15"/>
      <v12 x="-39.45" y="-8"/>
      <v13 x="39.4" y="-8"/>
    </p0>
  </body_46>
  <body_47 x="-707.45" y="-507.5" rot="-90.0061" type="0" den="0" frc="0.4" rst="0" sens="false" geom="2" image="balk90_cut3" z="50" dx="0.5" dy="0.5">
    <p0>
      <v0 x="42.55" y="-5.15"/>
      <v1 x="44.05" y="-2"/>
      <v2 x="44.05" y="0.85"/>
      <v3 x="43.35" y="3.6"/>
      <v4 x="42.05" y="5.75"/>
      <v5 x="39.35" y="8"/>
      <v6 x="-40" y="8"/>
      <v7 x="-42" y="5.75"/>
      <v8 x="-43.3" y="3.6"/>
      <v9 x="-44" y="0.85"/>
      <v10 x="-44" y="-2"/>
      <v11 x="-42.5" y="-5.15"/>
      <v12 x="-39.45" y="-8"/>
      <v13 x="39.4" y="-8"/>
    </p0>
  </body_47>
  <body_48 x="-670.65" y="-473.45" rot="-0.0009" type="0" den="0" frc="0.4" rst="0" sens="false" geom="2" image="balk90_5" z="51" dx="0.5" dy="0.5">
    <p0>
      <v0 x="42.55" y="-5.15"/>
      <v1 x="44.05" y="-2"/>
      <v2 x="44.05" y="0.85"/>
      <v3 x="43.35" y="3.6"/>
      <v4 x="42.05" y="5.75"/>
      <v5 x="39.35" y="8"/>
      <v6 x="-40" y="8"/>
      <v7 x="-42" y="5.75"/>
      <v8 x="-43.3" y="3.6"/>
      <v9 x="-44" y="0.85"/>
      <v10 x="-44" y="-2"/>
      <v11 x="-42.5" y="-5.15"/>
      <v12 x="-39.45" y="-8"/>
      <v13 x="39.4" y="-8"/>
    </p0>
  </body_48>
  <body_49 x="-626.95" y="-436.45" rot="-90.0052" type="0" den="0" frc="0.4" rst="0" sens="false" geom="2" image="balk90_31" z="52" dx="0.5" dy="0.5">
    <p0>
      <v0 x="42.55" y="-5.15"/>
      <v1 x="44.05" y="-2"/>
      <v2 x="44.05" y="0.85"/>
      <v3 x="43.35" y="3.6"/>
      <v4 x="42.05" y="5.75"/>
      <v5 x="39.35" y="8"/>
      <v6 x="-40" y="8"/>
      <v7 x="-42" y="5.75"/>
      <v8 x="-43.3" y="3.6"/>
      <v9 x="-44" y="0.85"/>
      <v10 x="-44" y="-2"/>
      <v11 x="-42.5" y="-5.15"/>
      <v12 x="-39.45" y="-8"/>
      <v13 x="39.4" y="-8"/>
    </p0>
  </body_49>
  <body_50 x="-590.8" y="-392.5" rot="0" type="0" den="0" frc="0.4" rst="0" sens="false" geom="2" image="balk90_52" z="53" dx="0.5" dy="0.5">
    <p0>
      <v0 x="42.55" y="-5.15"/>
      <v1 x="44.05" y="-2"/>
      <v2 x="44.05" y="0.85"/>
      <v3 x="43.35" y="3.6"/>
      <v4 x="42.05" y="5.75"/>
      <v5 x="39.35" y="8"/>
      <v6 x="-40" y="8"/>
      <v7 x="-42" y="5.75"/>
      <v8 x="-43.3" y="3.6"/>
      <v9 x="-44" y="0.85"/>
      <v10 x="-44" y="-2"/>
      <v11 x="-42.5" y="-5.15"/>
      <v12 x="-39.45" y="-8"/>
      <v13 x="39.4" y="-8"/>
    </p0>
  </body_50>
  <body_51 x="-744.25" y="-552.9" rot="-0.0009" type="0" den="0" frc="0.4" rst="0" sens="false" geom="2" image="balk90_4" z="54" dx="0.5" dy="0.5">
    <p0>
      <v0 x="42.55" y="-5.15"/>
      <v1 x="44.05" y="-2"/>
      <v2 x="44.05" y="0.85"/>
      <v3 x="43.35" y="3.6"/>
      <v4 x="42.05" y="5.75"/>
      <v5 x="39.35" y="8"/>
      <v6 x="-40" y="8"/>
      <v7 x="-42" y="5.75"/>
      <v8 x="-43.3" y="3.6"/>
      <v9 x="-44" y="0.85"/>
      <v10 x="-44" y="-2"/>
      <v11 x="-42.5" y="-5.15"/>
      <v12 x="-39.45" y="-8"/>
      <v13 x="39.4" y="-8"/>
    </p0>
  </body_51>
  <body_52 x="-995.7" y="-311" rot="0" type="0" den="0" frc="0.4" rst="0" sens="false" geom="2" image="balk90_2" z="57" dx="0.5" dy="0.5">
    <p0>
      <v0 x="42.55" y="-5.15"/>
      <v1 x="44.05" y="-2"/>
      <v2 x="44.05" y="0.85"/>
      <v3 x="43.35" y="3.6"/>
      <v4 x="42.05" y="5.75"/>
      <v5 x="39.35" y="8"/>
      <v6 x="-40" y="8"/>
      <v7 x="-42" y="5.75"/>
      <v8 x="-43.3" y="3.6"/>
      <v9 x="-44" y="0.85"/>
      <v10 x="-44" y="-2"/>
      <v11 x="-42.5" y="-5.15"/>
      <v12 x="-39.45" y="-8"/>
      <v13 x="39.4" y="-8"/>
    </p0>
  </body_52>
  <body_53 x="-874.2" y="-273.15" rot="-90.0052" type="0" den="0" frc="0.4" rst="0" sens="false" geom="2" image="balk90_1_cut1" z="58" dx="0.5" dy="0.5">
    <p0>
      <v0 x="42.55" y="-5.15"/>
      <v1 x="44.05" y="-2"/>
      <v2 x="44.05" y="0.85"/>
      <v3 x="43.35" y="3.6"/>
      <v4 x="42.05" y="5.75"/>
      <v5 x="39.35" y="8"/>
      <v6 x="-40" y="8"/>
      <v7 x="-42" y="5.75"/>
      <v8 x="-43.3" y="3.6"/>
      <v9 x="-44" y="0.85"/>
      <v10 x="-44" y="-2"/>
      <v11 x="-42.5" y="-5.15"/>
      <v12 x="-39.45" y="-8"/>
      <v13 x="39.4" y="-8"/>
    </p0>
  </body_53>
  <body_54 x="-911.2" y="-311" rot="0" type="0" den="0" frc="0.4" rst="0" sens="false" geom="2" image="balk90_4" z="59" dx="0.5" dy="0.5">
    <p0>
      <v0 x="42.55" y="-5.15"/>
      <v1 x="44.05" y="-2"/>
      <v2 x="44.05" y="0.85"/>
      <v3 x="43.35" y="3.6"/>
      <v4 x="42.05" y="5.75"/>
      <v5 x="39.35" y="8"/>
      <v6 x="-40" y="8"/>
      <v7 x="-42" y="5.75"/>
      <v8 x="-43.3" y="3.6"/>
      <v9 x="-44" y="0.85"/>
      <v10 x="-44" y="-2"/>
      <v11 x="-42.5" y="-5.15"/>
      <v12 x="-39.45" y="-8"/>
      <v13 x="39.4" y="-8"/>
    </p0>
  </body_54>
  <decor_1 x="-830.95" y="-141.8" rot="0" z="75" dx="0.5" dy="0.5" image="decor_2"/>
  <decor_2 x="-1000" y="-131.35" rot="0" z="76" dx="0.5487" dy="0.4659" image="decor_5"/>
  <decor_3 x="-488.55" y="-204.15" rot="0" z="77" dx="0.5487" dy="0.4659" image="decor_5"/>
  <decor_4 x="-340.05" y="-283.35" rot="0" z="78" dx="0.4682" dy="0.6394" image="decor_1"/>
  <decor_5 x="-249.8" y="-274.65" rot="0" z="79" dx="0.5131" dy="0.4127" image="decor_3"/>
  <decor_6 x="-565.5" y="-215.65" rot="0" z="80" dx="0.5" dy="0.5" image="decor_2"/>
  <decor_7 x="-1013.8" y="-522.5" rot="0" z="81" dx="0.5487" dy="0.4659" image="decor_5"/>
  <decor_8 x="-1353.6" y="-239.4" rot="0" z="82" dx="0.4975" dy="0.5511" image="decor_4"/>
  <decor_9 x="-1583.05" y="-560.25" rot="90" z="83" dx="0.5" dy="0.5" image="decor_2"/>
  <decor_10 x="-1604.95" y="-690.15" rot="0" z="84" dx="0.5" dy="0.5" image="decor_2"/>
  <decor_11 x="-1656.6" y="-672.8" rot="0" z="85" dx="0.5131" dy="0.4127" image="decor_3"/>
  <decor_12 x="-1108.4" y="-730.7" rot="0" z="86" dx="0.5" dy="0.5" image="decor_2"/>
  <decor_13 x="-840" y="-811.5" rot="0" z="87" dx="0.5" dy="0.5" image="decor_2"/>
  <decor_14 x="-394.2" y="-634.3" rot="90" z="88" dx="0.4975" dy="0.5511" image="decor_4"/>
  <decor_15 x="-1258.35" y="-713.7" rot="0" z="89" dx="0.5131" dy="0.4127" image="decor_3"/>
  <decor_16 x="-1592.2" y="-153.05" rot="0" z="90" dx="0.5131" dy="0.4127" image="decor_3"/>
  <decor_17 x="-739.85" y="-514.9" rot="90" z="91" dx="0.4975" dy="0.5511" image="decor_4"/>
  <decor_18 x="-666.25" y="-453.45" rot="0" z="92" dx="0.5" dy="0.5" image="decor_2"/>
  <decor_19 x="-480.5" y="-636.25" rot="0" z="93" dx="0.5131" dy="0.4127" image="decor_3"/>
  <decor_20 x="-760" y="-811.5" rot="0" z="94" dx="0.5" dy="0.5" image="decor_2"/>
  <playerBall x="-1517" y="-317.6" rot="0" type="2" den="1" frc="0.15" rst="0" sens="false" geom="0" z="56" dx="0.4824" dy="0.2923" category="100" mask="65533">
    <radius>40</radius>
  </playerBall>
  <beginTeleport x="-1517" y="-316.75" rot="0" z="15" dx="0.5" dy="0.5"/>
  <star1 x="-984.9" y="-277" rot="0" type="0" den="0" frc="0" rst="0" sens="true" geom="0" z="50" dx="0.494" dy="0.5008">
    <radius>20</radius>
  </star1>
  <star2 x="-922.85" y="-277" rot="0" type="0" den="0" frc="0" rst="0" sens="true" geom="0" z="50" dx="0.494" dy="0.5008">
    <radius>20</radius>
  </star2>
  <star3 x="-983.9" y="-225.05" rot="0" type="0" den="0" frc="0" rst="0" sens="true" geom="0" z="50" dx="0.494" dy="0.5008">
    <radius>20</radius>
  </star3>
  <star4 x="-921.85" y="-225.05" rot="0" type="0" den="0" frc="0" rst="0" sens="true" geom="0" z="50" dx="0.494" dy="0.5008">
    <radius>20</radius>
  </star4>
  <star5 x="-400.2" y="-192.9" rot="0" type="0" den="0" frc="0" rst="0" sens="true" geom="0" z="50" dx="0.494" dy="0.5008">
    <radius>20</radius>
  </star5>
  <star6 x="-400.2" y="-245.75" rot="0" type="0" den="0" frc="0" rst="0" sens="true" geom="0" z="50" dx="0.494" dy="0.5008">
    <radius>20</radius>
  </star6>
  <star7 x="-584" y="-420.95" rot="0" type="0" den="0" frc="0" rst="0" sens="true" geom="0" z="50" dx="0.494" dy="0.5008">
    <radius>20</radius>
  </star7>
  <star8 x="-1428.15" y="-222.4" rot="0" type="0" den="0" frc="0" rst="0" sens="true" geom="0" z="50" dx="0.494" dy="0.5008">
    <radius>20</radius>
  </star8>
  <star9 x="-1527.55" y="-589.65" rot="0" type="0" den="0" frc="0" rst="0" sens="true" geom="0" z="50" dx="0.494" dy="0.5008">
    <radius>20</radius>
  </star9>
  <star10 x="-1527.55" y="-666.65" rot="0" type="0" den="0" frc="0" rst="0" sens="true" geom="0" z="50" dx="0.494" dy="0.5008">
    <radius>20</radius>
  </star10>
  <star11 x="-812.3" y="-956" rot="0" type="0" den="0" frc="0" rst="0" sens="true" geom="0" z="50" dx="0.494" dy="0.5008">
    <radius>20</radius>
  </star11>
  <star12 x="-468.55" y="-701.85" rot="0" type="0" den="0" frc="0" rst="0" sens="true" geom="0" z="50" dx="0.494" dy="0.5008">
    <radius>20</radius>
  </star12>
  <star13 x="-319.95" y="-642" rot="0" type="0" den="0" frc="0" rst="0" sens="true" geom="0" z="50" dx="0.494" dy="0.5008">
    <radius>20</radius>
  </star13>
  <star14 x="-1080.15" y="-577.6" rot="0" type="0" den="0" frc="0" rst="0" sens="true" geom="0" z="50" dx="0.494" dy="0.5008">
    <radius>20</radius>
  </star14>
  <star15 x="-1192.15" y="-857.8" rot="0" type="0" den="0" frc="0" rst="0" sens="true" geom="0" z="50" dx="0.494" dy="0.5008">
    <radius>20</radius>
  </star15>
  <star16 x="-661.15" y="-501.3" rot="0" type="0" den="0" frc="0" rst="0" sens="true" geom="0" z="50" dx="0.494" dy="0.5008">
    <radius>20</radius>
  </star16>
  <winTeleport x="-317" y="-560" rot="0" type="0" den="0" frc="0" rst="0" sens="true" geom="0" z="1" dx="0.5" dy="0.5">
    <radius>50</radius>
  </winTeleport>
  <roll1 x="-1141.4" y="-577.4" rot="0" type="2" den="1" frc="0.5" rst="0" sens="false" geom="2" z="48" dx="0.4824" dy="0.4473" x1="-1187" x2="-984" phase="1">
    <p0>
      <v0 x="12.25" y="-17.75"/>
      <v1 x="16.95" y="-16.95"/>
      <v2 x="17.75" y="-11.95"/>
      <v3 x="17.75" y="11.95"/>
      <v4 x="17" y="17.1"/>
      <v5 x="12.25" y="17.75"/>
      <v6 x="-12" y="17.75"/>
      <v7 x="-16.9" y="16.85"/>
      <v8 x="-17.75" y="12.4"/>
      <v9 x="-17.75" y="-12"/>
      <v10 x="-17.1" y="-17"/>
      <v11 x="-12.75" y="-17.75"/>
    </p0>
  </roll1>
  <laser_1 body="body_74">
    <emitter1/>
    <emitter2/>
  </laser_1>
  <emitter1 x="-1378.75" y="-553.65" rot="0" z="96" dx="0.793" dy="0.5"/>
  <emitter2 x="-1239.9" y="-553.65" rot="0" z="20" dx="0.207" dy="0.5"/>
  <body_74 x="0" y="0" rot="0" type="0" den="0" frc="0" rst="0" sens="true" geom="1">
    <v0 x="-1378.75" y="-553.65"/>
    <v1 x="-1239.9" y="-553.65"/>
  </body_74>
  <laser_2 body="body_75">
    <emitter3/>
    <emitter4/>
  </laser_2>
  <emitter3 x="-937.75" y="-553.65" rot="0" z="17" dx="0.793" dy="0.5"/>
  <emitter4 x="-809.4" y="-553.65" rot="0" z="97" dx="0.207" dy="0.5"/>
  <body_75 x="0" y="0" rot="0" type="0" den="0" frc="0" rst="0" sens="true" geom="1">
    <v0 x="-937.75" y="-553.65"/>
    <v1 x="-809.4" y="-553.65"/>
  </body_75>
  <precipice1 x="0" y="0" rot="0" type="0" den="0" frc="0" rst="0" sens="true" geom="2">
    <p0>
      <v0 x="-560" y="-200"/>
      <v1 x="-480" y="-120"/>
      <v2 x="-800" y="-120"/>
    </p0>
    <p2>
      <v0 x="-1052.9" y="-240"/>
      <v1 x="-1052.9" y="-120"/>
      <v2 x="-1360" y="-160"/>
      <v3 x="-1280" y="-240"/>
    </p2>
    <p3>
      <v0 x="-1360" y="-160"/>
      <v1 x="-1052.9" y="-120"/>
      <v2 x="-1800" y="0"/>
      <v3 x="-1800" y="-160"/>
    </p3>
    <p4>
      <v0 x="-1052.9" y="-120"/>
      <v1 x="-480" y="-120"/>
      <v2 x="-80" y="0"/>
      <v3 x="-1800" y="0"/>
    </p4>
    <p5>
      <v0 x="-80" y="-280"/>
      <v1 x="-80" y="0"/>
      <v2 x="-320" y="-120"/>
      <v3 x="-200" y="-280"/>
    </p5>
    <p6>
      <v0 x="-320" y="-120"/>
      <v1 x="-80" y="0"/>
      <v2 x="-480" y="-120"/>
    </p6>
  </precipice1>
</level_47>