<level_66>
  <checkPoints>
    <p0 x="-284.95" y="-1066.95"/>
  </checkPoints>
  <viewPoints>
    <p0 x="-659.85" f="0.5" h="-695"/>
    <p1 x="1950.2" f="0.5" h="-570"/>
  </viewPoints>
  <joints>
    <j1 type="1" bA="cargo1" bB="wheel1" col="false">
      <anchor x="-521.35" y="-780.95"/>
    </j1>
    <j2 type="1" bA="cargo1" bB="wheel2" col="false">
      <anchor x="-464.95" y="-765"/>
    </j2>
  </joints>
  <frame x="-659.85" y="-1110.05" w="2610.05" h="1080.1"/>
  <frameLeft x="0" y="0" rot="0" type="0" den="0" frc="0" rst="0" sens="false" geom="1" category="65535" mask="65535">
    <v0 x="-659.85" y="-1110.05"/>
    <v1 x="-659.85" y="-29.95"/>
  </frameLeft>
  <frameRight x="0" y="0" rot="0" type="0" den="0" frc="0" rst="0" sens="false" geom="1" category="65535" mask="65239">
    <v0 x="1950.2" y="-29.95"/>
    <v1 x="1950.2" y="-1110.05"/>
  </frameRight>
  <decor_1 x="-582.1" y="-809.3" rot="10.721" z="56" dx="0.5" dy="0.4991" sx="1" sy="1" image="backStones"/>
  <decor_2 x="-505.2" y="-820.35" rot="5.6902" z="57" dx="0.5" dy="0.5" sx="1" sy="0.4588" image="backWood"/>
  <decor_3 x="-280.45" y="-1002.75" rot="-46.2676" z="58" dx="0.5" dy="0.5" sx="1" sy="0.6731" image="backWood"/>
  <decor_4 x="-282.55" y="-870.55" rot="-37.7868" z="59" dx="0.5" dy="0.5" sx="1" sy="0.7559" image="backWood"/>
  <decor_5 x="-281.7" y="-1116.35" rot="-52.2842" z="60" dx="0.5" dy="0.5" sx="1" sy="0.6029" image="backWood"/>
  <decor_6 x="-283.45" y="-874.1" rot="42.9405" z="61" dx="0.5" dy="0.5" sx="1" sy="0.7177" image="backWood"/>
  <decor_7 x="-289.4" y="-997.15" rot="42.9405" z="62" dx="0.5" dy="0.5" sx="1" sy="0.7177" image="backWood"/>
  <decor_8 x="-285.65" y="-1099.75" rot="51.6626" z="63" dx="0.5" dy="0.5" sx="1" sy="0.6417" image="backWood"/>
  <decor_9 x="-345.65" y="-765.3" rot="5.6902" z="64" dx="0.5" dy="0.5" sx="1" sy="0.4588" image="backWood"/>
  <decor_10 x="-228.1" y="-731.6" rot="5.6902" z="65" dx="0.5" dy="0.5" sx="1" sy="0.4588" image="backWood"/>
  <decor_11 x="221.7" y="-571.5" rot="-46.4476" z="66" dx="0.5" dy="0.5" sx="1" sy="1.1649" image="backWood"/>
  <decor_12 x="104.8" y="-597.9" rot="5.6902" z="67" dx="0.5" dy="0.5" sx="1" sy="0.5656" image="backWood"/>
  <decor_13 x="-62.55" y="-679.9" rot="5.6902" z="68" dx="0.5" dy="0.5" sx="1" sy="0.4563" image="backWood"/>
  <decor_14 x="338.85" y="-539" rot="5.6902" z="69" dx="0.5" dy="0.5" sx="1" sy="0.6092" image="backWood"/>
  <decor_15 x="621.55" y="-517.5" rot="1.2351" z="70" dx="0.5" dy="0.5" sx="1" sy="0.7277" image="backWood"/>
  <decor_16 x="1034.4" y="-350.1" rot="23.4383" z="71" dx="0.5" dy="0.4992" sx="1.628" sy="1.628" image="backStones"/>
  <decor_17 x="974.1" y="-438.65" rot="1.2351" z="72" dx="0.5" dy="0.5" sx="1" sy="0.9935" image="backWood"/>
  <decor_18 x="1365.85" y="-50.8" rot="139.9372" z="73" dx="0.5" dy="0.5" sx="1" sy="0.6621" image="backWood"/>
  <decor_19 x="1361.4" y="-46.5" rot="41.4615" z="74" dx="0.5" dy="0.5" sx="1" sy="0.6621" image="backWood"/>
  <decor_20 x="1365.85" y="-155.8" rot="139.9372" z="75" dx="0.5" dy="0.5" sx="1" sy="0.6621" image="backWood"/>
  <decor_21 x="1361.4" y="-151.5" rot="41.4615" z="76" dx="0.5" dy="0.5" sx="1" sy="0.6621" image="backWood"/>
  <decor_22 x="1310.35" y="-318.85" rot="1.2351" z="77" dx="0.5" dy="0.5" sx="1" sy="0.9935" image="backWood"/>
  <decor_23 x="1427.4" y="-327.9" rot="0.9188" z="78" dx="0.5" dy="0.5" sx="1" sy="1.0631" image="backWood"/>
  <decor_24 x="1665.6" y="-363.2" rot="-18.2874" z="79" dx="0.5" dy="0.4991" sx="1" sy="1" image="backStones"/>
  <decor_25 x="1639.1" y="-440.45" rot="0.9188" z="80" dx="0.5" dy="0.5" sx="1" sy="1.3816" image="backWood"/>
  <decor_26 x="1363.15" y="-209.6" rot="90.0096" z="81" dx="0.5" dy="0.5" sx="1" sy="0.5522" image="backWood"/>
  <decor_27 x="1362.15" y="-101.6" rot="90.0096" z="82" dx="0.5" dy="0.5" sx="1" sy="0.5522" image="backWood"/>
  <decor_28 x="-283.85" y="-810.1" rot="-74.0696" z="83" dx="0.5" dy="0.5" sx="1" sy="0.5142" image="backWood"/>
  <decor_29 x="-284.85" y="-942.1" rot="-91.2666" z="84" dx="0.5" dy="0.5" sx="1" sy="0.5142" image="backWood"/>
  <decor_30 x="-285.85" y="-1062.15" rot="-91.2666" z="85" dx="0.5" dy="0.5" sx="1" sy="0.5142" image="backWood"/>
  <decor_31 x="-144.5" y="-705.9" rot="-38.2594" z="86" dx="0.5" dy="0.5" sx="1" sy="0.902" image="backWood"/>
  <decor_32 x="19.9" y="-640.8" rot="-40.9633" z="87" dx="0.5" dy="0.5" sx="1" sy="0.9963" image="backWood"/>
  <decor_33 x="-575.85" y="-840.55" rot="-42.494" z="88" dx="0.5" dy="0.5" sx="0.9999" sy="0.7899" image="backWood"/>
  <decor_34 x="-421.7" y="-793.2" rot="-46.9935" z="89" dx="0.5" dy="0.5" sx="0.9999" sy="0.8604" image="backWood"/>
  <decor_35 x="-301.5" y="-733.05" rot="10.721" z="90" dx="0.5" dy="0.4991" sx="1" sy="1" image="backStones"/>
  <decor_36 x="-51.4" y="-639.25" rot="24.6955" z="91" dx="0.5" dy="0.4991" sx="1" sy="1" image="backStones"/>
  <decor_37 x="358.8" y="-504.3" rot="5.4624" z="92" dx="0.5" dy="0.4991" sx="1" sy="1" image="backStones"/>
  <decor_38 x="473.15" y="-485.25" rot="5.4624" z="93" dx="0.5" dy="0.4991" sx="1" sy="1" image="backStones"/>
  <decor_39 x="941.45" y="-377" rot="23.4376" z="94" dx="0.5" dy="0.4991" sx="1" sy="1" image="backStones"/>
  <decor_40 x="1558.2" y="-308.9" rot="-24.7705" z="95" dx="0.5" dy="0.4992" sx="1.628" sy="1.628" image="backStones"/>
  <decor_41 x="1841.75" y="-474.65" rot="-18.2874" z="96" dx="0.5" dy="0.4991" sx="1" sy="1" image="backStones"/>
  <decor_42 x="411.6" y="-597.9" rot="0" z="97" dx="0.5" dy="0.9569" sx="1" sy="1" image="bat_0004"/>
  <decor_43 x="1173.25" y="-248.95" rot="6.9519" z="98" dx="0.6288" dy="0.003" sx="1" sy="1" image="dangerPlate"/>
  <decor_44 x="1081.3" y="-459.2" rot="19.9458" z="99" dx="0.5036" dy="0.0217" sx="1" sy="1" image="chainB"/>
  <decor_45 x="1152.7" y="-465.45" rot="0" z="100" dx="0.5054" dy="0.8987" sx="1" sy="1" image="chainA"/>
  <decor_46 x="-588.55" y="-858.7" rot="16.9997" z="101" dx="0.6742" dy="0.5077" sx="1" sy="1" image="spiderNetB"/>
  <decor_47 x="601.75" y="-560.05" rot="0" z="102" dx="0.5036" dy="0.0217" sx="1" sy="1" image="chainB"/>
  <decor_48 x="670.7" y="-605.35" rot="0" z="103" dx="0.5054" dy="0.8987" sx="1" sy="1" image="chainA"/>
  <decor_49 x="1535.35" y="-532.3" rot="0" z="104" dx="0.5054" dy="0.8987" sx="1" sy="1" image="chainA"/>
  <decor_50 x="1536.3" y="-486.5" rot="0" z="105" dx="0.5" dy="0.9569" sx="1" sy="1" image="bat_0004"/>
  <decor_51 x="1025.35" y="-478.45" rot="24.4221" z="106" dx="0.5036" dy="0.0217" sx="1" sy="1" image="chainB"/>
  <decor_52 x="812.7" y="-589.25" rot="0" z="107" dx="0.4907" dy="0.8132" sx="1" sy="1" image="lamp"/>
  <decor_53 x="1741.45" y="-611.4" rot="0" z="108" dx="0.4907" dy="0.8132" sx="1" sy="1" image="lamp"/>
  <decor_54 x="1312.5" y="-422.7" rot="0" z="109" dx="0.4907" dy="0.8132" sx="1" sy="1" image="lamp"/>
  <decor_55 x="-286.55" y="-974.8" rot="0" z="110" dx="0.5009" dy="0.5" sx="4.302" sy="3.8347" image="backShadow"/>
  <decor_56 x="1364.6" y="-98.95" rot="180" z="111" dx="0.5009" dy="0.5" sx="4.4175" sy="2.4654" image="backShadow"/>
  <decor_57 x="1307.15" y="-151.95" rot="90" z="113" dx="0.5" dy="0.5" sx="0.9389" sy="1" image="woodStandart"/>
  <decor_58 x="-570.4" y="-886.45" rot="14.2147" z="114" dx="0.5" dy="0.5" sx="0.9746" sy="1" image="woodStandart"/>
  <decor_59 x="-342.5" y="-921.5" rot="-90" z="115" dx="0.5" dy="0.5" sx="1.4128" sy="1" image="woodStandart"/>
  <decor_60 x="-228.75" y="-892.5" rot="90" z="116" dx="0.5" dy="0.5" sx="1.5044" sy="1" image="woodStandart"/>
  <decor_61 x="-582.45" y="-778.6" rot="14.4731" z="117" dx="0.5" dy="0.5" sx="1.1255" sy="1" image="groundLong"/>
  <decor_62 x="-643.3" y="-856.15" rot="-90" z="118" dx="0.5" dy="0.5" sx="0.8089" sy="1" image="woodStandart"/>
  <decor_63 x="-252.8" y="-687.65" rot="15.8762" z="119" dx="0.5" dy="0.5" sx="1.0888" sy="1" image="groundShort"/>
  <decor_64 x="-419.15" y="-846.45" rot="15.1644" z="120" dx="0.5" dy="0.5" sx="1.1718" sy="1" image="woodStandart"/>
  <decor_65 x="-168.55" y="-769.55" rot="18.1004" z="121" dx="0.5" dy="0.5" sx="0.9604" sy="1" image="woodStandart"/>
  <decor_66 x="-37" y="-723" rot="20.5223" z="122" dx="0.5" dy="0.5" sx="0.9604" sy="1" image="woodStandart"/>
  <decor_67 x="90.6" y="-678.05" rot="18.4189" z="123" dx="0.5" dy="0.5" sx="0.8787" sy="1" image="woodStandart"/>
  <decor_68 x="211.45" y="-645" rot="11.9246" z="124" dx="0.5" dy="0.5" sx="0.8787" sy="1" image="woodStandart"/>
  <decor_69 x="338.55" y="-621.15" rot="9.4737" z="125" dx="0.5" dy="0.5" sx="0.9039" sy="1" image="woodStandart"/>
  <decor_70 x="456.1" y="-606.05" rot="5.2041" z="126" dx="0.5" dy="0.5" sx="0.748" sy="1" image="woodStandart"/>
  <decor_71 x="558.3" y="-605" rot="-4.1742" z="127" dx="0.5" dy="0.5" sx="0.7085" sy="1" image="woodStandart"/>
  <decor_72 x="656.2" y="-608.25" rot="0.3558" z="128" dx="0.5" dy="0.5" sx="0.778" sy="1" image="woodStandart"/>
  <decor_73 x="788.4" y="-598.5" rot="7.0312" z="129" dx="0.5" dy="0.5" sx="1.0715" sy="0.9999" image="woodStandart"/>
  <decor_74 x="915.95" y="-576.45" rot="13.7487" z="130" dx="0.5" dy="0.5" sx="0.7088" sy="0.9999" image="woodStandart"/>
  <decor_75 x="1021.15" y="-537.25" rot="25.7707" z="131" dx="0.5" dy="0.5" sx="0.867" sy="0.9999" image="woodStandart"/>
  <decor_76 x="1106.85" y="-495.45" rot="26.6978" z="132" dx="0.5" dy="0.5" sx="0.5073" sy="0.9999" image="woodStandart"/>
  <decor_77 x="1180" y="-464.75" rot="20.0169" z="133" dx="0.5" dy="0.5" sx="0.6779" sy="0.9999" image="woodStandart"/>
  <decor_78 x="1264.25" y="-441.1" rot="10.6661" z="134" dx="0.5" dy="0.5" sx="0.6242" sy="0.9999" image="woodStandart"/>
  <decor_79 x="1348.9" y="-437.15" rot="-9.1732" z="135" dx="0.5" dy="0.5" sx="0.4289" sy="0.9999" image="woodStandart"/>
  <decor_80 x="1313.65" y="-433.35" rot="0.9633" z="136" dx="0.5" dy="0.5" sx="0.1543" sy="1.0422" image="woodStandart"/>
  <decor_81 x="1408.3" y="-452.6" rot="-18.1873" z="137" dx="0.5" dy="0.5" sx="0.4469" sy="0.9999" image="woodStandart"/>
  <decor_82 x="1452.45" y="-470.4" rot="-26.6336" z="138" dx="0.5" dy="0.5" sx="0.2835" sy="0.9999" image="woodStandart"/>
  <decor_83 x="1490.55" y="-493.65" rot="-33.8154" z="139" dx="0.5" dy="0.5" sx="0.4187" sy="0.9999" image="woodStandart"/>
  <decor_84 x="1533.15" y="-529.15" rot="-44.9532" z="140" dx="0.5" dy="0.5" sx="0.3846" sy="0.9999" image="woodStandart"/>
  <decor_85 x="1579.5" y="-570.2" rot="-38.2367" z="141" dx="0.5" dy="0.5" sx="0.4719" sy="0.9999" image="woodStandart"/>
  <decor_86 x="1623.7" y="-600.75" rot="-27.9958" z="142" dx="0.5" dy="0.5" sx="0.2913" sy="0.9999" image="woodStandart"/>
  <decor_87 x="1659.35" y="-614.95" rot="-14.5387" z="143" dx="0.5" dy="0.5" sx="0.2701" sy="0.9999" image="woodStandart"/>
  <decor_88 x="1702.95" y="-622.4" rot="-5.5542" z="144" dx="0.5" dy="0.5" sx="0.3617" sy="0.9999" image="woodStandart"/>
  <decor_89 x="1750.05" y="-621.55" rot="8.9447" z="145" dx="0.5" dy="0.5" sx="0.3268" sy="0.9999" image="woodStandart"/>
  <decor_90 x="1795.4" y="-608" rot="22.4306" z="146" dx="0.5" dy="0.5" sx="0.3568" sy="0.9999" image="woodStandart"/>
  <decor_91 x="1847.5" y="-575.25" rot="38.671" z="147" dx="0.5" dy="0.5" sx="0.5237" sy="0.9999" image="woodStandart"/>
  <decor_92 x="1887.85" y="-535.1" rot="54.111" z="148" dx="0.5" dy="0.5" sx="0.3159" sy="0.9999" image="woodStandart"/>
  <decor_93 x="-342.5" y="-1056.75" rot="-90" z="149" dx="0.5" dy="0.5" sx="1.4557" sy="1" image="woodStandart"/>
  <decor_94 x="-228.75" y="-1055.1" rot="90" z="150" dx="0.5" dy="0.5" sx="1.4723" sy="1" image="woodStandart"/>
  <decor_95 x="-285.3" y="-1152.85" rot="180" z="151" dx="0.5" dy="0.5" sx="0.9353" sy="1" image="woodStandart"/>
  <decor_96 x="-459.65" y="-745.4" rot="15.497" z="152" dx="0.5" dy="0.5" sx="1.0531" sy="1" image="groundLong"/>
  <decor_97 x="-341.95" y="-712.55" rot="15.4978" z="153" dx="0.5" dy="0.5" sx="1.0531" sy="1" image="groundLong"/>
  <decor_98 x="-167.9" y="-657.85" rot="21.1956" z="154" dx="0.5" dy="0.5" sx="1.0531" sy="1" image="groundLong"/>
  <decor_99 x="-4.25" y="-587.1" rot="27.1689" z="155" dx="0.5" dy="0.5" sx="1.0186" sy="1" image="groundLong"/>
  <decor_100 x="-83.55" y="-625.05" rot="21.3088" z="156" dx="0.5" dy="0.5" sx="1.0896" sy="1" image="groundShort"/>
  <decor_101 x="67.15" y="-550.9" rot="26.2628" z="157" dx="0.5" dy="0.5" sx="0.7553" sy="1" image="groundShort"/>
  <decor_102 x="101.45" y="-533.9" rot="26.2628" z="158" dx="0.5" dy="0.5" sx="0.6701" sy="1" image="groundShort"/>
  <decor_103 x="155.55" y="-512.8" rot="19.4755" z="159" dx="0.5" dy="0.5" sx="0.7745" sy="0.9999" image="groundLong"/>
  <decor_104 x="217.2" y="-493.2" rot="13.5754" z="160" dx="0.5" dy="0.5" sx="0.7879" sy="1" image="groundShort"/>
  <decor_105 x="279.5" y="-480.8" rot="9.7507" z="161" dx="0.5" dy="0.5" sx="0.7745" sy="0.9999" image="groundLong"/>
  <decor_106 x="366.5" y="-468.3" rot="6.7804" z="162" dx="0.5" dy="0.5" sx="0.7745" sy="0.9999" image="groundLong"/>
  <decor_107 x="457.4" y="-459.75" rot="4.3403" z="163" dx="0.5" dy="0.5" sx="0.8217" sy="0.9999" image="groundLong"/>
  <decor_108 x="524.6" y="-453.95" rot="4.8354" z="164" dx="0.5" dy="0.5" sx="0.7577" sy="1" image="groundShort"/>
  <decor_109 x="589.75" y="-445.3" rot="8.8269" z="165" dx="0.5" dy="0.5" sx="0.8217" sy="0.9999" image="groundLong"/>
  <decor_110 x="661.6" y="-434.1" rot="8.568" z="166" dx="0.5" dy="0.5" sx="0.9148" sy="1" image="groundShort"/>
  <decor_111 x="717.1" y="-422.5" rot="13.5332" z="167" dx="0.5" dy="0.5" sx="0.6001" sy="0.9999" image="groundLong"/>
  <decor_112 x="789.1" y="-401.55" rot="18.218" z="168" dx="0.5" dy="0.5" sx="0.7372" sy="0.9999" image="groundLong"/>
  <decor_113 x="915.7" y="-355.85" rot="22.6834" z="169" dx="0.5" dy="0.5" sx="0.7372" sy="0.9999" image="groundLong"/>
  <decor_114 x="854.9" y="-379.65" rot="18.9954" z="170" dx="0.5" dy="0.5" sx="1" sy="1" image="groundShort"/>
  <decor_115 x="980.25" y="-328.1" rot="24.9526" z="171" dx="0.5" dy="0.5" sx="0.9148" sy="0.9999" image="groundShort"/>
  <decor_116 x="1040.5" y="-298.8" rot="26.9193" z="172" dx="0.5" dy="0.5" sx="0.7372" sy="0.9999" image="groundLong"/>
  <decor_117 x="1103.85" y="-267.2" rot="26.2108" z="173" dx="0.5" dy="0.5" sx="0.6582" sy="0.9999" image="groundLong"/>
  <decor_118 x="1157.65" y="-244.2" rot="17.4639" z="174" dx="0.5" dy="0.5" sx="0.749" sy="1" image="groundShort"/>
  <decor_119 x="1361.8" y="5.05" rot="0" z="175" dx="0.5" dy="0.5" sx="1" sy="1" image="groundLong"/>
  <decor_120 x="1190.4" y="-235.45" rot="13.2213" z="176" dx="0.5" dy="0.5" sx="0.7556" sy="1" image="groundShort"/>
  <decor_121 x="1423.3" y="-155.6" rot="-90" z="177" dx="0.5" dy="0.5" sx="0.9389" sy="1" image="woodStandart"/>
  <decor_122 x="1307.15" y="-68.75" rot="90" z="178" dx="0.5" dy="0.5" sx="0.9389" sy="1" image="woodStandart"/>
  <decor_123 x="1423.3" y="-68.8" rot="-90" z="179" dx="0.5" dy="0.5" sx="0.9389" sy="1" image="woodStandart"/>
  <decor_124 x="1548.3" y="-250.35" rot="-18.4732" z="180" dx="0.5" dy="0.5" sx="0.859" sy="1" image="groundLong"/>
  <decor_125 x="1485.25" y="-232" rot="-11.1945" z="181" dx="0.5" dy="0.5" sx="0.8712" sy="1" image="groundShort"/>
  <decor_126 x="1637.8" y="-295.3" rot="-32.9221" z="182" dx="0.5" dy="0.5" sx="0.9316" sy="1" image="groundLong"/>
  <decor_127 x="1727.2" y="-369.45" rot="-44.6186" z="183" dx="0.5" dy="0.5" sx="1.089" sy="1" image="groundLong"/>
  <decor_128 x="1791.75" y="-422.3" rot="-22.1777" z="184" dx="0.5" dy="0.5" sx="0.9858" sy="1" image="groundShort"/>
  <decor_129 x="1870.95" y="-449.55" rot="-18.441" z="185" dx="0.5" dy="0.5" sx="0.9618" sy="1" image="groundLong"/>
  <decor_130 x="1906.15" y="-495.15" rot="74.0308" z="186" dx="0.5" dy="0.5" sx="0.3547" sy="0.9999" image="woodStandart"/>
  <decor_131 x="1239.8" y="-226.55" rot="8.0202" z="187" dx="0.5" dy="0.5" sx="0.9203" sy="1" image="groundShort"/>
  <decor_132 x="1307.15" y="-108.05" rot="-90" z="188" dx="0.5001" dy="0.5" sx="1.4956" sy="1" image="woodShadow"/>
  <decor_133 x="-567.9" y="-885.8" rot="14.2138" z="189" dx="0.5002" dy="0.5" sx="0.9079" sy="1" image="woodShadow"/>
  <decor_134 x="-643.3" y="-856.15" rot="-90" z="190" dx="0.5002" dy="0.5" sx="0.8089" sy="1" image="woodShadow"/>
  <decor_135 x="-427.2" y="-848.65" rot="15.1644" z="191" dx="0.5002" dy="0.5" sx="1.0613" sy="1" image="woodShadow"/>
  <decor_136 x="-160.55" y="-766.95" rot="18.0988" z="192" dx="0.5002" dy="0.5" sx="0.848" sy="1" image="woodShadow"/>
  <decor_137 x="-37" y="-723" rot="20.5223" z="193" dx="0.5002" dy="0.5" sx="0.9604" sy="1" image="woodShadow"/>
  <decor_138 x="88.1" y="-678.9" rot="18.4182" z="194" dx="0.5002" dy="0.5" sx="0.8438" sy="0.9999" image="woodShadow"/>
  <decor_139 x="210.05" y="-645.3" rot="11.9238" z="195" dx="0.5002" dy="0.5" sx="0.8593" sy="1" image="woodShadow"/>
  <decor_140 x="336.6" y="-621.5" rot="9.4737" z="196" dx="0.5002" dy="0.5" sx="0.8773" sy="1" image="woodShadow"/>
  <decor_141 x="453.05" y="-606.35" rot="5.2041" z="197" dx="0.5002" dy="0.5" sx="0.7071" sy="1" image="woodShadow"/>
  <decor_142 x="552.7" y="-604.6" rot="-4.1742" z="198" dx="0.5003" dy="0.5" sx="0.6341" sy="1" image="woodShadow"/>
  <decor_143 x="654.6" y="-608.25" rot="0.3558" z="199" dx="0.5002" dy="0.5" sx="0.7567" sy="1" image="woodShadow"/>
  <decor_144 x="788.4" y="-598.5" rot="7.0312" z="200" dx="0.5002" dy="0.5" sx="1.0715" sy="0.9999" image="woodShadow"/>
  <decor_145 x="915" y="-576.7" rot="13.7479" z="201" dx="0.5002" dy="0.5" sx="0.696" sy="0.9999" image="woodShadow"/>
  <decor_146 x="1018.25" y="-538.65" rot="25.7707" z="202" dx="0.5002" dy="0.5" sx="0.823" sy="0.9999" image="woodShadow"/>
  <decor_147 x="1102.65" y="-497.55" rot="26.6985" z="203" dx="0.5" dy="0.5" sx="0.4447" sy="0.9999" image="woodShadow"/>
  <decor_148 x="1175.9" y="-466.25" rot="20.0176" z="204" dx="0.5003" dy="0.5" sx="0.6198" sy="0.9999" image="woodShadow"/>
  <decor_149 x="1260.5" y="-441.8" rot="10.6661" z="205" dx="0.5003" dy="0.5" sx="0.5728" sy="0.9999" image="woodShadow"/>
  <decor_150 x="1351.05" y="-437.5" rot="-9.1732" z="206" dx="0.5" dy="0.5" sx="0.3523" sy="0.9999" image="woodShadow"/>
  <decor_151 x="1313.65" y="-433.35" rot="0.9633" z="207" dx="0.5" dy="0.5" sx="0.1543" sy="1.0422" image="woodShadow"/>
  <decor_152 x="1405.25" y="-451.6" rot="-18.1857" z="208" dx="0.5" dy="0.5" sx="0.4039" sy="0.9999" image="woodShadow"/>
  <decor_153 x="1449.15" y="-468.75" rot="-26.6342" z="209" dx="0.5007" dy="0.5" sx="0.2347" sy="0.9999" image="woodShadow"/>
  <decor_154 x="1489.1" y="-492.65" rot="-33.8142" z="210" dx="0.5004" dy="0.5" sx="0.3953" sy="0.9999" image="woodShadow"/>
  <decor_155 x="1533.15" y="-529.15" rot="-44.9532" z="211" dx="0.5" dy="0.5" sx="0.3846" sy="0.9999" image="woodShadow"/>
  <decor_156 x="1579.5" y="-570.2" rot="-38.2367" z="212" dx="0.5" dy="0.5" sx="0.4719" sy="0.9999" image="woodShadow"/>
  <decor_157 x="1623.7" y="-600.75" rot="-27.9958" z="213" dx="0.5006" dy="0.5" sx="0.2913" sy="0.9999" image="woodShadow"/>
  <decor_158 x="1659.35" y="-614.95" rot="-14.5387" z="214" dx="0.5006" dy="0.5" sx="0.2701" sy="0.9999" image="woodShadow"/>
  <decor_159 x="1702.95" y="-622.4" rot="-5.5542" z="215" dx="0.5004" dy="0.5" sx="0.3617" sy="0.9999" image="woodShadow"/>
  <decor_160 x="1750.05" y="-621.55" rot="8.9447" z="216" dx="0.5005" dy="0.5" sx="0.3268" sy="0.9999" image="woodShadow"/>
  <decor_161 x="1795.4" y="-608" rot="22.4306" z="217" dx="0.5" dy="0.5" sx="0.3568" sy="0.9999" image="woodShadow"/>
  <decor_162 x="1847.2" y="-575.5" rot="38.671" z="218" dx="0.5003" dy="0.5" sx="0.5187" sy="0.9999" image="woodShadow"/>
  <decor_163 x="1887.65" y="-535.4" rot="54.111" z="219" dx="0.5" dy="0.5" sx="0.3113" sy="0.9999" image="woodShadow"/>
  <decor_164 x="-342.5" y="-1002.3" rot="-90" z="220" dx="0.5001" dy="0.5" sx="2.1826" sy="1" image="woodShadow"/>
  <decor_165 x="-228.75" y="-980.75" rot="90" z="221" dx="0.5001" dy="0.5" sx="2.4634" sy="1" image="woodShadow"/>
  <decor_166 x="-285.2" y="-1152.85" rot="0" z="222" dx="0.5002" dy="0.5" sx="0.9353" sy="1" image="woodShadow"/>
  <decor_167 x="1423.3" y="-113.85" rot="90" z="223" dx="0.5001" dy="0.5" sx="1.4956" sy="1" image="woodShadow"/>
  <decor_168 x="1906.15" y="-495.15" rot="74.0308" z="224" dx="0.5005" dy="0.5" sx="0.3547" sy="0.9999" image="woodShadow"/>
  <decor_169 x="1428" y="7.1" rot="-3.0509" z="225" dx="0.5" dy="0.5" sx="1" sy="1" image="stonesOver"/>
  <decor_170 x="1303.95" y="5.1" rot="-3.0509" z="226" dx="0.5" dy="0.5" sx="1" sy="1" image="stonesOver"/>
  <decor_171 x="1919.2" y="-465.25" rot="-27.4939" z="227" dx="0.5" dy="0.5" sx="1" sy="1" image="stonesOver"/>
  <decor_172 x="-647.25" y="-791.8" rot="-6.2514" z="228" dx="0.5" dy="0.5" sx="1" sy="1" image="stonesOver"/>
  <decor_173 x="-240.65" y="-809.65" rot="15.6438" z="229" dx="0.0243" dy="0.9765" sx="1.0168" sy="1.0499" image="steelOver"/>
  <decor_174 x="-356.85" y="-816.4" rot="-88.0319" z="230" dx="0.2051" dy="0.9754" sx="1.0307" sy="1" image="steelOver"/>
  <decor_175 x="-657.1" y="-895.65" rot="-88.0319" z="231" dx="0.2051" dy="0.9754" sx="1.0307" sy="1" image="steelOver"/>
  <decor_176 x="1463.85" y="-226.65" rot="-8.207" z="232" dx="0.5" dy="0.5" sx="1" sy="1" image="groundLeft"/>
  <decor_177 x="1263.75" y="-222.9" rot="5.9575" z="233" dx="0.5" dy="0.5" sx="1" sy="1" image="groundRight"/>
  <decor_178 x="-384.2" y="-934.5" rot="0" z="234" dx="0.5007" dy="0.4993" sx="1" sy="1" image="darkStoneA"/>
  <decor_179 x="-441.5" y="-894.85" rot="0" z="235" dx="0.5009" dy="0.4994" sx="1" sy="1" image="darkStoneB"/>
  <decor_180 x="-170.5" y="-829.85" rot="0" z="236" dx="0.5003" dy="0.5" sx="1" sy="1" image="darkStoneC"/>
  <decor_181 x="-382" y="-873.95" rot="0" z="237" dx="0.501" dy="0.5" sx="1" sy="1" image="darkStoneD"/>
  <decor_182 x="-202.45" y="-807.85" rot="0" z="238" dx="0.5018" dy="0.4978" sx="1" sy="1" image="darkStoneE"/>
  <decor_183 x="-644.15" y="-951" rot="0" z="239" dx="0.5009" dy="0.4994" sx="1" sy="1" image="darkStoneB"/>
  <decor_184 x="-166.1" y="-1077.7" rot="0" z="240" dx="0.5003" dy="0.5" sx="1" sy="1" image="darkStoneC"/>
  <decor_185 x="-182.65" y="-1002.8" rot="0" z="241" dx="0.5007" dy="0.4993" sx="1" sy="1" image="darkStoneA"/>
  <decor_186 x="-173.85" y="-924.6" rot="0" z="242" dx="0.5009" dy="0.4994" sx="1" sy="1" image="darkStoneB"/>
  <decor_187 x="-84.65" y="-788" rot="0" z="243" dx="0.5009" dy="0.4994" sx="1" sy="1" image="darkStoneB"/>
  <decor_188 x="-22.95" y="-753.85" rot="0" z="244" dx="0.5007" dy="0.4993" sx="1" sy="1" image="darkStoneA"/>
  <decor_189 x="17.85" y="-732.95" rot="0" z="245" dx="0.5018" dy="0.4978" sx="1" sy="1" image="darkStoneE"/>
  <decor_190 x="-510.85" y="-905.85" rot="0" z="246" dx="0.5018" dy="0.4978" sx="1" sy="1" image="darkStoneE"/>
  <decor_191 x="-595.7" y="-929" rot="0" z="247" dx="0.5018" dy="0.4978" sx="1" sy="1" image="darkStoneE"/>
  <decor_192 x="-679.4" y="-891.55" rot="0" z="248" dx="0.5018" dy="0.4978" sx="1" sy="1" image="darkStoneE"/>
  <decor_193 x="-679.4" y="-836.45" rot="0" z="249" dx="0.5018" dy="0.4978" sx="1" sy="1" image="darkStoneE"/>
  <decor_194 x="-634.25" y="-742.85" rot="0" z="250" dx="0.5018" dy="0.4978" sx="1" sy="1" image="darkStoneE"/>
  <decor_195 x="-545" y="-949.9" rot="0" z="251" dx="0.5003" dy="0.5" sx="1" sy="1" image="darkStoneC"/>
  <decor_196 x="-397.4" y="-1071.05" rot="0" z="252" dx="0.5003" dy="0.5" sx="1" sy="1" image="darkStoneC"/>
  <decor_197 x="-386.4" y="-1007.2" rot="0" z="253" dx="0.5007" dy="0.4993" sx="1" sy="1" image="darkStoneA"/>
  <decor_198 x="-693.75" y="-752.75" rot="0" z="254" dx="0.5009" dy="0.4994" sx="1" sy="1" image="darkStoneB"/>
  <decor_199 x="-516.4" y="-696.6" rot="0" z="255" dx="0.5009" dy="0.4994" sx="1" sy="1" image="darkStoneB"/>
  <decor_200 x="-265.3" y="-634.9" rot="0" z="256" dx="0.5009" dy="0.4994" sx="1" sy="1" image="darkStoneB"/>
  <decor_201 x="-94.55" y="-561.1" rot="0" z="257" dx="0.5009" dy="0.4994" sx="1" sy="1" image="darkStoneB"/>
  <decor_202 x="232.55" y="-692.15" rot="0" z="258" dx="0.5009" dy="0.4994" sx="1" sy="1" image="darkStoneB"/>
  <decor_203 x="494.7" y="-641.5" rot="0" z="259" dx="0.5009" dy="0.4994" sx="1" sy="1" image="darkStoneB"/>
  <decor_204 x="68.45" y="-476.3" rot="0" z="260" dx="0.5009" dy="0.4994" sx="1" sy="1" image="darkStoneB"/>
  <decor_205 x="425.3" y="-403.6" rot="0" z="261" dx="0.5009" dy="0.4994" sx="1" sy="1" image="darkStoneB"/>
  <decor_206 x="-173.8" y="-596.35" rot="0" z="262" dx="0.5003" dy="0.5" sx="1" sy="1" image="darkStoneC"/>
  <decor_207 x="379.1" y="-664.65" rot="0" z="263" dx="0.5003" dy="0.5" sx="1" sy="1" image="darkStoneC"/>
  <decor_208 x="78.4" y="-727.45" rot="0" z="264" dx="0.5007" dy="0.4993" sx="1" sy="1" image="darkStoneA"/>
  <decor_209 x="590.55" y="-385.95" rot="0" z="265" dx="0.5009" dy="0.4994" sx="1" sy="1" image="darkStoneB"/>
  <decor_210 x="-49.35" y="-517.05" rot="0" z="266" dx="0.5007" dy="0.4993" sx="1" sy="1" image="darkStoneA"/>
  <decor_211 x="-448.1" y="-672.35" rot="0" z="267" dx="0.5007" dy="0.4993" sx="1" sy="1" image="darkStoneA"/>
  <decor_212 x="-574.75" y="-717.5" rot="0" z="268" dx="0.5007" dy="0.4993" sx="1" sy="1" image="darkStoneA"/>
  <decor_213 x="-366.6" y="-648.1" rot="0" z="269" dx="0.5003" dy="0.5" sx="1" sy="1" image="darkStoneC"/>
  <decor_214 x="186.35" y="-436.65" rot="0" z="270" dx="0.5003" dy="0.5" sx="1" sy="1" image="darkStoneC"/>
  <decor_215 x="146.7" y="-727.45" rot="0" z="271" dx="0.5003" dy="0.5" sx="1" sy="1" image="darkStoneC"/>
  <decor_216 x="353.75" y="-411.3" rot="0" z="272" dx="0.5003" dy="0.5" sx="1" sy="1" image="darkStoneC"/>
  <decor_217 x="-7.5" y="-534.7" rot="0" z="273" dx="0.5018" dy="0.4978" sx="1" sy="1" image="darkStoneE"/>
  <decor_218 x="18.9" y="-499.45" rot="0" z="274" dx="0.5018" dy="0.4978" sx="1" sy="1" image="darkStoneE"/>
  <decor_219 x="273.35" y="-430" rot="0" z="275" dx="0.5007" dy="0.4993" sx="1" sy="1" image="darkStoneA"/>
  <decor_220 x="297.6" y="-664.6" rot="0" z="276" dx="0.5007" dy="0.4993" sx="1" sy="1" image="darkStoneA"/>
  <decor_221 x="777.8" y="-340.8" rot="0" z="277" dx="0.5003" dy="0.5" sx="1" sy="1" image="darkStoneC"/>
  <decor_222 x="989.3" y="-243.9" rot="0" z="278" dx="0.5003" dy="0.5" sx="1" sy="1" image="darkStoneC"/>
  <decor_223 x="1234.9" y="-169" rot="0" z="279" dx="0.5003" dy="0.5" sx="1" sy="1" image="darkStoneC"/>
  <decor_224 x="1133.5" y="-186.6" rot="0" z="280" dx="0.5009" dy="0.4994" sx="1" sy="1" image="darkStoneB"/>
  <decor_225 x="1253.55" y="-112.8" rot="0" z="281" dx="0.5009" dy="0.4994" sx="1" sy="1" image="darkStoneB"/>
  <decor_226 x="1292.1" y="-490.6" rot="0" z="282" dx="0.5009" dy="0.4994" sx="1" sy="1" image="darkStoneB"/>
  <decor_227 x="1210.7" y="-511.55" rot="0" z="283" dx="0.5003" dy="0.5" sx="1" sy="1" image="darkStoneC"/>
  <decor_228 x="1488.25" y="-165.7" rot="0" z="284" dx="0.5003" dy="0.5" sx="1" sy="1" image="darkStoneC"/>
  <decor_229 x="1067.5" y="-224" rot="0" z="285" dx="0.5007" dy="0.4993" sx="1" sy="1" image="darkStoneA"/>
  <decor_230 x="712.85" y="-367.2" rot="0" z="286" dx="0.5007" dy="0.4993" sx="1" sy="1" image="darkStoneA"/>
  <decor_231 x="501.35" y="-396.95" rot="0" z="287" dx="0.5007" dy="0.4993" sx="1" sy="1" image="darkStoneA"/>
  <decor_232 x="585.05" y="-652.5" rot="0" z="288" dx="0.5003" dy="0.5" sx="1" sy="1" image="darkStoneC"/>
  <decor_233 x="1389.15" y="-512.65" rot="0" z="289" dx="0.5003" dy="0.5" sx="1" sy="1" image="darkStoneC"/>
  <decor_234 x="679.85" y="-649.15" rot="0" z="290" dx="0.5007" dy="0.4993" sx="1" sy="1" image="darkStoneA"/>
  <decor_235 x="951.85" y="-608.45" rot="0" z="291" dx="0.5003" dy="0.5" sx="1" sy="1" image="darkStoneC"/>
  <decor_236 x="748.05" y="-640.35" rot="0" z="292" dx="0.5009" dy="0.4994" sx="1" sy="1" image="darkStoneB"/>
  <decor_237 x="1101.6" y="-556.65" rot="0" z="293" dx="0.5009" dy="0.4994" sx="1" sy="1" image="darkStoneB"/>
  <decor_238 x="847.2" y="-631.55" rot="0" z="294" dx="0.5007" dy="0.4993" sx="1" sy="1" image="darkStoneA"/>
  <decor_239 x="1030.05" y="-580.9" rot="0" z="295" dx="0.5007" dy="0.4993" sx="1" sy="1" image="darkStoneA"/>
  <decor_240 x="943.05" y="-291.2" rot="0" z="296" dx="0.5007" dy="0.4993" sx="1" sy="1" image="darkStoneA"/>
  <decor_241 x="853.75" y="-304.45" rot="0" z="297" dx="0.5009" dy="0.4994" sx="1" sy="1" image="darkStoneB"/>
  <decor_242 x="642.35" y="-392.55" rot="0" z="298" dx="0.5007" dy="0.4993" sx="1" sy="1" image="darkStoneA"/>
  <decor_243 x="1537.85" y="-610.7" rot="0" z="299" dx="0.5003" dy="0.5" sx="1" sy="1" image="darkStoneC"/>
  <decor_244 x="1771.35" y="-660.25" rot="0" z="300" dx="0.5003" dy="0.5" sx="1" sy="1" image="darkStoneC"/>
  <decor_245 x="1913.45" y="-577.65" rot="0" z="301" dx="0.5003" dy="0.5" sx="1" sy="1" image="darkStoneC"/>
  <decor_246 x="1927.75" y="-394.8" rot="0" z="302" dx="0.5003" dy="0.5" sx="1" sy="1" image="darkStoneC"/>
  <decor_247 x="1768.05" y="-298.95" rot="0" z="303" dx="0.5003" dy="0.5" sx="1" sy="1" image="darkStoneC"/>
  <decor_248 x="1617.15" y="-195.45" rot="0" z="304" dx="0.5003" dy="0.5" sx="1" sy="1" image="darkStoneC"/>
  <decor_249 x="1548.7" y="-194.3" rot="0" z="305" dx="0.5009" dy="0.4994" sx="1" sy="1" image="darkStoneB"/>
  <decor_250 x="1463.9" y="-528.05" rot="0" z="306" dx="0.5009" dy="0.4994" sx="1" sy="1" image="darkStoneB"/>
  <decor_251 x="1353.9" y="-476.25" rot="0" z="307" dx="0.5007" dy="0.4993" sx="1" sy="1" image="darkStoneA"/>
  <decor_252 x="1672.2" y="-246.05" rot="0" z="308" dx="0.5007" dy="0.4993" sx="1" sy="1" image="darkStoneA"/>
  <decor_253 x="1728.25" y="-264.8" rot="0" z="309" dx="0.5009" dy="0.4994" sx="1" sy="1" image="darkStoneB"/>
  <decor_254 x="1804.25" y="-365.05" rot="0" z="310" dx="0.5009" dy="0.4994" sx="1" sy="1" image="darkStoneB"/>
  <decor_255 x="1860.55" y="-381.55" rot="0" z="311" dx="0.5007" dy="0.4993" sx="1" sy="1" image="darkStoneA"/>
  <decor_256 x="1946.35" y="-519.25" rot="0" z="312" dx="0.5009" dy="0.4994" sx="1" sy="1" image="darkStoneB"/>
  <decor_257 x="1970.7" y="-459.8" rot="0" z="313" dx="0.5007" dy="0.4993" sx="1" sy="1" image="darkStoneA"/>
  <decor_258 x="1602.8" y="-637.1" rot="0" z="314" dx="0.5007" dy="0.4993" sx="1" sy="1" image="darkStoneA"/>
  <decor_259 x="1506.9" y="-568.8" rot="0" z="315" dx="0.5009" dy="0.4994" sx="1" sy="1" image="darkStoneB"/>
  <decor_260 x="1684.25" y="-663.55" rot="0" z="316" dx="0.5009" dy="0.4994" sx="1" sy="1" image="darkStoneB"/>
  <decor_261 x="1842.85" y="-629.4" rot="0" z="317" dx="0.5009" dy="0.4994" sx="1" sy="1" image="darkStoneB"/>
  <decor_262 x="1426.6" y="52.4" rot="0" z="318" dx="0.5003" dy="0.5" sx="1" sy="1" image="darkStoneC"/>
  <decor_263 x="1468.25" y="-37.9" rot="0" z="319" dx="0.5009" dy="0.4994" sx="1" sy="1" image="darkStoneB"/>
  <decor_264 x="1459.6" y="-88.55" rot="0" z="320" dx="0.5007" dy="0.4993" sx="1" sy="1" image="darkStoneA"/>
  <decor_265 x="1458.5" y="-146.9" rot="0" z="321" dx="0.5007" dy="0.4993" sx="1" sy="1" image="darkStoneA"/>
  <decor_266 x="1258" y="1.8" rot="0" z="322" dx="0.5007" dy="0.4993" sx="1" sy="1" image="darkStoneA"/>
  <decor_267 x="1291.05" y="60.1" rot="0" z="323" dx="0.5003" dy="0.5" sx="1" sy="1" image="darkStoneC"/>
  <decor_268 x="1244.8" y="-63.3" rot="0" z="324" dx="0.5003" dy="0.5" sx="1" sy="1" image="darkStoneC"/>
  <decor_269 x="1472.8" y="14.95" rot="0" z="325" dx="0.5007" dy="0.4993" sx="1" sy="1" image="darkStoneA"/>
  <decor_270 x="1149.05" y="-515.85" rot="0" z="326" dx="0.5007" dy="0.4993" sx="1" sy="1" image="darkStoneA"/>
  <decor_271 x="129.05" y="-484.05" rot="0" z="327" dx="0.5018" dy="0.4978" sx="1" sy="1" image="darkStoneE"/>
  <decor_272 x="124.65" y="-463.1" rot="0" z="328" dx="0.5018" dy="0.4978" sx="1" sy="1" image="darkStoneE"/>
  <decor_273 x="168.7" y="-470.8" rot="0" z="329" dx="0.5018" dy="0.4978" sx="1" sy="1" image="darkStoneE"/>
  <decor_274 x="986" y="-587.55" rot="0" z="330" dx="0.5018" dy="0.4978" sx="1" sy="1" image="darkStoneE"/>
  <decor_275 x="800.95" y="-623.9" rot="0" z="331" dx="0.5018" dy="0.4978" sx="1" sy="1" image="darkStoneE"/>
  <decor_276 x="891.25" y="-631.6" rot="0" z="332" dx="0.5018" dy="0.4978" sx="1" sy="1" image="darkStoneE"/>
  <decor_277 x="882.45" y="-616.2" rot="0" z="333" dx="0.5018" dy="0.4978" sx="1" sy="1" image="darkStoneE"/>
  <decor_278 x="914.4" y="-605.2" rot="0" z="334" dx="0.5018" dy="0.4978" sx="1" sy="1" image="darkStoneE"/>
  <decor_279 x="904.5" y="-317.7" rot="0" z="335" dx="0.5018" dy="0.4978" sx="1" sy="1" image="darkStoneE"/>
  <decor_280 x="1242.6" y="-470.75" rot="0" z="336" dx="0.5018" dy="0.4978" sx="1" sy="1" image="darkStoneE"/>
  <decor_281 x="1432.05" y="-484" rot="0" z="337" dx="0.5018" dy="0.4978" sx="1" sy="1" image="darkStoneE"/>
  <playerBall x="-284.95" y="-1066.95" rot="0" type="2" den="1" frc="0.15" rst="0" sens="false" geom="0" z="338" dx="0.4824" dy="0.4428" category="100" mask="65533">
    <radius>40</radius>
  </playerBall>
  <door0 x="1365" y="-221.75" rot="0" type="0" den="0" frc="0.4" rst="0" sens="false" geom="2" z="112" dx="0.5014" dy="0.9181" check="10">
    <p0>
      <v0 x="45" y="0"/>
      <v1 x="45" y="20"/>
      <v2 x="-45" y="20"/>
      <v3 x="-45" y="0"/>
    </p0>
  </door0>
  <key0 x="1529.85" y="-375" rot="0" type="0" den="0" frc="0" rst="0" sens="true" geom="2" z="342" dx="0.5033" dy="0.4983">
    <p0>
      <v0 x="-18" y="18"/>
      <v1 x="-18" y="-18"/>
      <v2 x="18" y="-18"/>
      <v3 x="18" y="18"/>
    </p0>
  </key0>
  <star1 x="-60.15" y="-647" rot="0" type="0" den="0" frc="0" rst="0" sens="true" geom="0" z="50" dx="0.494" dy="0.5008">
    <radius>20</radius>
  </star1>
  <star2 x="89.85" y="-571" rot="0" type="0" den="0" frc="0" rst="0" sens="true" geom="0" z="50" dx="0.494" dy="0.5008">
    <radius>20</radius>
  </star2>
  <star3 x="269.85" y="-509" rot="0" type="0" den="0" frc="0" rst="0" sens="true" geom="0" z="50" dx="0.494" dy="0.5008">
    <radius>20</radius>
  </star3>
  <star4 x="508.85" y="-483.5" rot="0" type="0" den="0" frc="0" rst="0" sens="true" geom="0" z="50" dx="0.494" dy="0.5008">
    <radius>20</radius>
  </star4>
  <star5 x="1829.85" y="-468.5" rot="0" type="0" den="0" frc="0" rst="0" sens="true" geom="0" z="50" dx="0.494" dy="0.5008">
    <radius>20</radius>
  </star5>
  <star6 x="1679.85" y="-513" rot="0" type="0" den="0" frc="0" rst="0" sens="true" geom="0" z="50" dx="0.494" dy="0.5008">
    <radius>20</radius>
  </star6>
  <star7 x="816.8" y="-423.5" rot="0" type="0" den="0" frc="0" rst="0" sens="true" geom="0" z="50" dx="0.494" dy="0.5008">
    <radius>20</radius>
  </star7>
  <body_14 x="0" y="0" rot="0" type="0" den="0" frc="0.4" rst="0" sens="false" geom="1">
    <v0 x="-630" y="-889"/>
    <v1 x="-330" y="-810"/>
    <v2 x="-330" y="-1140"/>
    <v3 x="-240" y="-1140"/>
    <v4 x="-240" y="-780"/>
    <v5 x="-60" y="-720"/>
    <v6 x="15" y="-690"/>
    <v7 x="150" y="-645"/>
    <v8 x="270" y="-620"/>
    <v9 x="402.7" y="-598.15"/>
    <v10 x="509.85" y="-589.15"/>
    <v11 x="600" y="-595.65"/>
    <v12 x="709.35" y="-595.4"/>
    <v13 x="780" y="-588.8"/>
    <v14 x="861.5" y="-577.35"/>
    <v15 x="960" y="-552.25"/>
    <v16 x="991.75" y="-540"/>
    <v17 x="1080" y="-497.4"/>
    <v18 x="1110" y="-480"/>
    <v19 x="1127.95" y="-471.05"/>
    <v20 x="1212.95" y="-439.25"/>
    <v21 x="1251.8" y="-429.55"/>
    <v22 x="1305" y="-420"/>
    <v23 x="1320" y="-420"/>
    <v24 x="1380.1" y="-430"/>
    <v25 x="1439.9" y="-449.95"/>
    <v26 x="1470" y="-465"/>
    <v27 x="1521.95" y="-500.6"/>
    <v28 x="1530" y="-508.15"/>
    <v29 x="1560.95" y="-540.05"/>
    <v30 x="1611.1" y="-580.55"/>
    <v31 x="1650" y="-600"/>
    <v32 x="1680" y="-608"/>
    <v33 x="1730.65" y="-612.3"/>
    <v34 x="1770" y="-605.3"/>
    <v35 x="1813.4" y="-586.6"/>
    <v36 x="1870.5" y="-540"/>
    <v37 x="1890" y="-510"/>
    <v38 x="1901" y="-465"/>
    <v39 x="1770" y="-420"/>
    <v40 x="1680" y="-330"/>
    <v41 x="1590" y="-270"/>
    <v42 x="1500" y="-240"/>
    <v43 x="1410" y="-222"/>
    <v44 x="1410" y="180"/>
    <v45 x="1320" y="180"/>
    <v46 x="1320" y="-222"/>
    <v47 x="1200" y="-236.4"/>
    <v48 x="1140" y="-255"/>
    <v49 x="990" y="-330"/>
    <v50 x="882.95" y="-376"/>
    <v51 x="750" y="-420"/>
    <v52 x="690" y="-435"/>
    <v53 x="540" y="-457.8"/>
    <v54 x="398.25" y="-469.45"/>
    <v55 x="319.45" y="-479.05"/>
    <v56 x="240.3" y="-492.5"/>
    <v57 x="197.45" y="-503.3"/>
    <v58 x="120.25" y="-530.8"/>
    <v59 x="60" y="-559.1"/>
    <v60 x="-15" y="-600"/>
    <v61 x="-60" y="-620.9"/>
    <v62 x="-210" y="-680"/>
    <v63 x="-240" y="-690"/>
    <v64 x="-630" y="-797"/>
  </body_14>
  <cargo1 x="-491.1" y="-777" rot="15.8131" type="2" den="0.35" frc="1" rst="0" sens="false" geom="2" z="339" dx="0.4996" dy="0.0312">
    <p0>
      <v0 x="-45" y="0"/>
      <v1 x="-45" y="-45"/>
      <v2 x="45" y="-45"/>
      <v3 x="45" y="0"/>
    </p0>
  </cargo1>
  <wheel1 x="-521.35" y="-780.95" rot="15.8131" type="2" den="2" frc="0.4" rst="0" sens="false" geom="0" z="340" dx="0.5" dy="0.5">
    <radius>26</radius>
  </wheel1>
  <wheel2 x="-464.95" y="-765" rot="15.8131" type="2" den="2" frc="0.4" rst="0" sens="false" geom="0" z="341" dx="0.5" dy="0.5">
    <radius>26</radius>
  </wheel2>
  <caveMask>
    <p0>
      <v0 x="-630" y="-797"/>
      <v1 x="-630" y="-889"/>
      <v2 x="-240" y="-690"/>
    </p0>
    <p1>
      <v0 x="-240" y="-690"/>
      <v1 x="-630" y="-889"/>
      <v2 x="-210" y="-680"/>
    </p1>
    <p2>
      <v0 x="-210" y="-680"/>
      <v1 x="-630" y="-889"/>
      <v2 x="-60" y="-620.9"/>
    </p2>
    <p3>
      <v0 x="-60" y="-620.9"/>
      <v1 x="-630" y="-889"/>
      <v2 x="540" y="-457.8"/>
      <v3 x="398.25" y="-469.45"/>
      <v4 x="319.45" y="-479.05"/>
      <v5 x="240.3" y="-492.5"/>
      <v6 x="197.45" y="-503.3"/>
      <v7 x="-15" y="-600"/>
    </p3>
    <p4>
      <v0 x="60" y="-559.1"/>
      <v1 x="-15" y="-600"/>
      <v2 x="197.45" y="-503.3"/>
      <v3 x="120.25" y="-530.8"/>
    </p4>
    <p5>
      <v0 x="540" y="-457.8"/>
      <v1 x="-630" y="-889"/>
      <v2 x="690" y="-435"/>
    </p5>
    <p6>
      <v0 x="690" y="-435"/>
      <v1 x="-630" y="-889"/>
      <v2 x="750" y="-420"/>
    </p6>
    <p7>
      <v0 x="750" y="-420"/>
      <v1 x="-630" y="-889"/>
      <v2 x="15" y="-690"/>
      <v3 x="150" y="-645"/>
      <v4 x="882.95" y="-376"/>
    </p7>
    <p8>
      <v0 x="1140" y="-255"/>
      <v1 x="990" y="-330"/>
      <v2 x="1127.95" y="-471.05"/>
    </p8>
    <p9>
      <v0 x="990" y="-330"/>
      <v1 x="882.95" y="-376"/>
      <v2 x="1110" y="-480"/>
      <v3 x="1127.95" y="-471.05"/>
    </p9>
    <p10>
      <v0 x="1110" y="-480"/>
      <v1 x="882.95" y="-376"/>
      <v2 x="509.85" y="-589.15"/>
      <v3 x="600" y="-595.65"/>
      <v4 x="709.35" y="-595.4"/>
      <v5 x="780" y="-588.8"/>
      <v6 x="861.5" y="-577.35"/>
      <v7 x="960" y="-552.25"/>
      <v8 x="991.75" y="-540"/>
      <v9 x="1080" y="-497.4"/>
    </p10>
    <p11>
      <v0 x="509.85" y="-589.15"/>
      <v1 x="882.95" y="-376"/>
      <v2 x="402.7" y="-598.15"/>
    </p11>
    <p12>
      <v0 x="402.7" y="-598.15"/>
      <v1 x="882.95" y="-376"/>
      <v2 x="270" y="-620"/>
    </p12>
    <p13>
      <v0 x="270" y="-620"/>
      <v1 x="882.95" y="-376"/>
      <v2 x="150" y="-645"/>
    </p13>
    <p14>
      <v0 x="15" y="-690"/>
      <v1 x="-630" y="-889"/>
      <v2 x="-330" y="-810"/>
      <v3 x="-60" y="-720"/>
    </p14>
    <p15>
      <v0 x="1650" y="-600"/>
      <v1 x="1680" y="-608"/>
      <v2 x="1530" y="-508.15"/>
      <v3 x="1560.95" y="-540.05"/>
      <v4 x="1611.1" y="-580.55"/>
    </p15>
    <p16>
      <v0 x="1530" y="-508.15"/>
      <v1 x="1680" y="-608"/>
      <v2 x="1521.95" y="-500.6"/>
    </p16>
    <p17>
      <v0 x="1521.95" y="-500.6"/>
      <v1 x="1680" y="-608"/>
      <v2 x="1770" y="-420"/>
      <v3 x="1680" y="-330"/>
      <v4 x="1590" y="-270"/>
      <v5 x="1500" y="-240"/>
      <v6 x="1410" y="-222"/>
      <v7 x="1320" y="-222"/>
      <v8 x="1200" y="-236.4"/>
      <v9 x="1470" y="-465"/>
    </p17>
    <p18>
      <v0 x="1127.95" y="-471.05"/>
      <v1 x="1212.95" y="-439.25"/>
      <v2 x="1140" y="-255"/>
    </p18>
    <p19>
      <v0 x="1212.95" y="-439.25"/>
      <v1 x="1251.8" y="-429.55"/>
      <v2 x="1140" y="-255"/>
    </p19>
    <p20>
      <v0 x="1251.8" y="-429.55"/>
      <v1 x="1305" y="-420"/>
      <v2 x="1140" y="-255"/>
    </p20>
    <p21>
      <v0 x="1305" y="-420"/>
      <v1 x="1320" y="-420"/>
      <v2 x="1140" y="-255"/>
    </p21>
    <p22>
      <v0 x="1320" y="-420"/>
      <v1 x="1380.1" y="-430"/>
      <v2 x="1140" y="-255"/>
    </p22>
    <p23>
      <v0 x="1380.1" y="-430"/>
      <v1 x="1439.9" y="-449.95"/>
      <v2 x="1140" y="-255"/>
    </p23>
    <p24>
      <v0 x="1439.9" y="-449.95"/>
      <v1 x="1470" y="-465"/>
      <v2 x="1200" y="-236.4"/>
      <v3 x="1140" y="-255"/>
    </p24>
    <p25>
      <v0 x="1770" y="-420"/>
      <v1 x="1680" y="-608"/>
      <v2 x="1730.65" y="-612.3"/>
      <v3 x="1770" y="-605.3"/>
      <v4 x="1813.4" y="-586.6"/>
      <v5 x="1870.5" y="-540"/>
      <v6 x="1890" y="-510"/>
      <v7 x="1901" y="-465"/>
    </p25>
    <p26>
      <v0 x="-330" y="-810"/>
      <v1 x="-330" y="-1140"/>
      <v2 x="-240" y="-1140"/>
      <v3 x="-240" y="-780"/>
    </p26>
    <p27>
      <v0 x="1320" y="-222"/>
      <v1 x="1410" y="-222"/>
      <v2 x="1410" y="0"/>
      <v3 x="1320" y="0"/>
    </p27>
  </caveMask>
</level_66>
