<level_50>
  <checkPoints>
    <p0 x="-1120.25" y="-3520"/>
  </checkPoints>
  <viewPoints>
    <p0 x="-1440.05" f="0.5" h="2360"/>
    <p1 x="-799.95" f="0.5" h="2360"/>
  </viewPoints>
  <joints/>
  <frame x="-1440.05" y="-3640.4" w="640.1" h="3361.5"/>
  <frameLeft x="0" y="0" rot="0" type="0" den="0" frc="0" rst="0" sens="false" geom="1" category="65535" mask="65535">
    <v0 x="-1440.05" y="-3640.4"/>
    <v1 x="-1440.05" y="-278.9"/>
  </frameLeft>
  <frameRight x="0" y="0" rot="0" type="0" den="0" frc="0" rst="0" sens="false" geom="1" category="65535" mask="65239">
    <v0 x="-799.95" y="-278.9"/>
    <v1 x="-799.95" y="-3640.4"/>
  </frameRight>
  <playerBall x="-1120.25" y="-3520" rot="0" type="2" den="1" frc="0.15" rst="0" sens="false" geom="0" z="3" dx="0.4824" dy="0.3283" category="100" mask="65533">
    <radius>40</radius>
  </playerBall>
  <beginTeleport x="-1119.85" y="-3519" rot="0" z="2" dx="0.5" dy="0.5"/>
  <star1 x="-1140.4" y="-3360" rot="0" type="0" den="0" frc="0" rst="0" sens="true" geom="0" z="50" dx="0.494" dy="0.5008">
    <radius>20</radius>
  </star1>
  <star2 x="-1181.15" y="-3200" rot="0" type="0" den="0" frc="0" rst="0" sens="true" geom="0" z="50" dx="0.494" dy="0.5008">
    <radius>20</radius>
  </star2>
  <star3 x="-1221.15" y="-3040" rot="0" type="0" den="0" frc="0" rst="0" sens="true" geom="0" z="50" dx="0.494" dy="0.5008">
    <radius>20</radius>
  </star3>
  <star4 x="-1250.75" y="-2880" rot="0" type="0" den="0" frc="0" rst="0" sens="true" geom="0" z="50" dx="0.494" dy="0.5008">
    <radius>20</radius>
  </star4>
  <star5 x="-1221.15" y="-2720" rot="0" type="0" den="0" frc="0" rst="0" sens="true" geom="0" z="50" dx="0.494" dy="0.5008">
    <radius>20</radius>
  </star5>
  <star6 x="-1181.15" y="-2549.85" rot="0" type="0" den="0" frc="0" rst="0" sens="true" geom="0" z="50" dx="0.494" dy="0.5008">
    <radius>20</radius>
  </star6>
  <star7 x="-1143.4" y="-2368.85" rot="0" type="0" den="0" frc="0" rst="0" sens="true" geom="0" z="50" dx="0.494" dy="0.5008">
    <radius>20</radius>
  </star7>
  <star8 x="-1100.65" y="-2179.9" rot="0" type="0" den="0" frc="0" rst="0" sens="true" geom="0" z="50" dx="0.494" dy="0.5008">
    <radius>20</radius>
  </star8>
  <star9 x="-1060.15" y="-1978.9" rot="0" type="0" den="0" frc="0" rst="0" sens="true" geom="0" z="50" dx="0.494" dy="0.5008">
    <radius>20</radius>
  </star9>
  <star10 x="-1022.15" y="-1765" rot="0" type="0" den="0" frc="0" rst="0" sens="true" geom="0" z="50" dx="0.494" dy="0.5008">
    <radius>20</radius>
  </star10>
  <star11 x="-980.15" y="-1547.9" rot="0" type="0" den="0" frc="0" rst="0" sens="true" geom="0" z="50" dx="0.494" dy="0.5008">
    <radius>20</radius>
  </star11>
  <star12 x="-951.75" y="-1320" rot="0" type="0" den="0" frc="0" rst="0" sens="true" geom="0" z="50" dx="0.494" dy="0.5008">
    <radius>20</radius>
  </star12>
  <star13 x="-980" y="-1067.95" rot="0" type="0" den="0" frc="0" rst="0" sens="true" geom="0" z="50" dx="0.494" dy="0.5008">
    <radius>20</radius>
  </star13>
  <star14 x="-1020.15" y="-806" rot="0" type="0" den="0" frc="0" rst="0" sens="true" geom="0" z="50" dx="0.494" dy="0.5008">
    <radius>20</radius>
  </star14>
  <winTeleport x="-1080.1" y="-418" rot="0" type="0" den="0" frc="0" rst="0" sens="true" geom="0" z="1" dx="0.5" dy="0.5">
    <radius>50</radius>
  </winTeleport>
  <laser_1 body="body_19">
    <splash_1/>
    <splash_2/>
    <splash_3/>
    <splash_4/>
    <splash_5/>
    <splash_6/>
  </laser_1>
  <splash_1 x="-1000" y="-3399.95" rot="0" z="47" dx="0.5" dy="0.5"/>
  <splash_2 x="-1080" y="-3279.95" rot="0" z="5" dx="0.5" dy="0.5"/>
  <splash_3 x="-1137.85" y="-3079.95" rot="0" z="7" dx="0.5" dy="0.5"/>
  <splash_4 x="-1016.6" y="-3039.95" rot="0" z="4" dx="0.5" dy="0.5"/>
  <splash_5 x="-1000" y="-2818.95" rot="0" z="9" dx="0.5" dy="0.5"/>
  <splash_6 x="-1160" y="-2799.95" rot="0" z="6" dx="0.5" dy="0.5"/>
  <body_19 x="0" y="0" rot="0" type="0" den="0" frc="0" rst="0" sens="true" geom="1">
    <v0 x="-1000" y="-3399.95"/>
    <v1 x="-1080" y="-3279.95"/>
    <v2 x="-1137.85" y="-3079.95"/>
    <v3 x="-1016.6" y="-3039.95"/>
    <v4 x="-1000" y="-2818.95"/>
    <v5 x="-1160" y="-2799.95"/>
  </body_19>
  <laser_2 body="body_20">
    <splash_3/>
    <splash_6/>
  </laser_2>
  <body_20 x="0" y="0" rot="0" type="0" den="0" frc="0" rst="0" sens="true" geom="1">
    <v0 x="-1137.85" y="-3079.95"/>
    <v1 x="-1160" y="-2799.95"/>
  </body_20>
  <laser_3 body="body_21">
    <splash_11/>
    <splash_12/>
    <splash_13/>
  </laser_3>
  <splash_11 x="-1400" y="-2559.95" rot="0" z="10" dx="0.5" dy="0.5"/>
  <splash_12 x="-1280" y="-2639.95" rot="0" z="8" dx="0.5" dy="0.5"/>
  <splash_13 x="-1240" y="-2403.6" rot="0" z="11" dx="0.5" dy="0.5"/>
  <body_21 x="0" y="0" rot="0" type="0" den="0" frc="0" rst="0" sens="true" geom="1">
    <v0 x="-1400" y="-2559.95"/>
    <v1 x="-1280" y="-2639.95"/>
    <v2 x="-1240" y="-2403.6"/>
  </body_21>
  <laser_4 body="body_22">
    <splash_11/>
    <splash_13/>
  </laser_4>
  <body_22 x="0" y="0" rot="0" type="0" den="0" frc="0" rst="0" sens="true" geom="1">
    <v0 x="-1400" y="-2559.95"/>
    <v1 x="-1240" y="-2403.6"/>
  </body_22>
  <laser_5 body="body_23">
    <splash_20/>
    <splash_21/>
    <splash_22/>
    <splash_23/>
    <splash_24/>
    <splash_25/>
    <splash_26/>
    <splash_27/>
    <splash_22/>
  </laser_5>
  <splash_20 x="-1040" y="-1519.95" rot="0" z="48" dx="0.5" dy="0.5"/>
  <splash_21 x="-1120" y="-1619.35" rot="0" z="18" dx="0.5" dy="0.5"/>
  <splash_22 x="-1105.6" y="-1759.75" rot="0" z="17" dx="0.5" dy="0.5"/>
  <splash_23 x="-1099.45" y="-1879.95" rot="0" z="14" dx="0.5" dy="0.5"/>
  <splash_24 x="-1120" y="-2079.95" rot="0" z="12" dx="0.5" dy="0.5"/>
  <splash_25 x="-1240" y="-2159.95" rot="0" z="13" dx="0.5" dy="0.5"/>
  <splash_26 x="-1280" y="-2039.95" rot="0" z="15" dx="0.5" dy="0.5"/>
  <splash_27 x="-1215.95" y="-1879.95" rot="0" z="16" dx="0.5" dy="0.5"/>
  <body_23 x="0" y="0" rot="0" type="0" den="0" frc="0" rst="0" sens="true" geom="1">
    <v0 x="-1040" y="-1519.95"/>
    <v1 x="-1120" y="-1619.35"/>
    <v2 x="-1105.6" y="-1759.75"/>
    <v3 x="-1099.45" y="-1879.95"/>
    <v4 x="-1120" y="-2079.95"/>
    <v5 x="-1240" y="-2159.95"/>
    <v6 x="-1280" y="-2039.95"/>
    <v7 x="-1215.95" y="-1879.95"/>
    <v8 x="-1105.6" y="-1759.75"/>
  </body_23>
  <laser_6 body="body_24">
    <splash_31/>
    <splash_32/>
    <splash_33/>
    <splash_34/>
    <splash_35/>
  </laser_6>
  <splash_31 x="-1080" y="-2519.95" rot="0" z="39" dx="0.5" dy="0.5"/>
  <splash_32 x="-1040" y="-2363.6" rot="0" z="40" dx="0.5" dy="0.5"/>
  <splash_33 x="-1000" y="-2279.95" rot="0" z="41" dx="0.5" dy="0.5"/>
  <splash_34 x="-1016.6" y="-2159.95" rot="0" z="42" dx="0.5" dy="0.5"/>
  <splash_35 x="-960" y="-1999.95" rot="0" z="43" dx="0.5" dy="0.5"/>
  <body_24 x="0" y="0" rot="0" type="0" den="0" frc="0" rst="0" sens="true" geom="1">
    <v0 x="-1080" y="-2519.95"/>
    <v1 x="-1040" y="-2363.6"/>
    <v2 x="-1000" y="-2279.95"/>
    <v3 x="-1016.6" y="-2159.95"/>
    <v4 x="-960" y="-1999.95"/>
  </body_24>
  <laser_7 body="body_25">
    <splash_41/>
    <splash_42/>
    <splash_43/>
    <splash_44/>
    <splash_45/>
    <splash_46/>
    <splash_43/>
  </laser_7>
  <splash_41 x="-1080" y="-759.95" rot="0" z="21" dx="0.5" dy="0.5"/>
  <splash_42 x="-1120" y="-919.95" rot="0" z="46" dx="0.5" dy="0.5"/>
  <splash_43 x="-1120" y="-1079.95" rot="0" z="45" dx="0.5" dy="0.5"/>
  <splash_44 x="-1040" y="-1199.95" rot="0" z="44" dx="0.5" dy="0.5"/>
  <splash_45 x="-1080" y="-1319.95" rot="0" z="19" dx="0.5" dy="0.5"/>
  <splash_46 x="-1200" y="-1319.95" rot="0" z="20" dx="0.5" dy="0.5"/>
  <body_25 x="0" y="0" rot="0" type="0" den="0" frc="0" rst="0" sens="true" geom="1">
    <v0 x="-1080" y="-759.95"/>
    <v1 x="-1120" y="-919.95"/>
    <v2 x="-1120" y="-1079.95"/>
    <v3 x="-1040" y="-1199.95"/>
    <v4 x="-1080" y="-1319.95"/>
    <v5 x="-1200" y="-1319.95"/>
    <v6 x="-1120" y="-1079.95"/>
  </body_25>
  <laser_8 body="body_26">
    <splash_51/>
    <splash_52/>
    <splash_53/>
    <splash_51/>
  </laser_8>
  <splash_51 x="-960" y="-759.95" rot="0" z="23" dx="0.5" dy="0.5"/>
  <splash_52 x="-840" y="-919.95" rot="0" z="22" dx="0.5" dy="0.5"/>
  <splash_53 x="-840" y="-639.95" rot="0" z="24" dx="0.5" dy="0.5"/>
  <body_26 x="0" y="0" rot="0" type="0" den="0" frc="0" rst="0" sens="true" geom="1">
    <v0 x="-960" y="-759.95"/>
    <v1 x="-840" y="-919.95"/>
    <v2 x="-840" y="-639.95"/>
    <v3 x="-960" y="-759.95"/>
  </body_26>
  <precipice1 x="0" y="0" rot="0" type="0" den="0" frc="0" rst="0" sens="true" geom="2">
    <p0>
      <v0 x="-760" y="-360"/>
      <v1 x="-760" y="-240"/>
      <v2 x="-1480" y="-240"/>
      <v3 x="-1480" y="-360"/>
    </p0>
  </precipice1>
</level_50>