<level_53>
  <checkPoints>
    <p0 x="-1319" y="-539.85"/>
    <p1 x="-20" y="-536"/>
    <p2 x="1092" y="-779"/>
  </checkPoints>
  <viewPoints/>
  <joints>
    <j1 type="2" bA="plat1" bB="ground" col="false">
      <anchor x="-999.7531" y="-231.648"/>
      <axis x="0" y="1"/>
      <force>1000</force>
      <speed>4</speed>
      <isMotor>true</isMotor>
      <isLimit>true</isLimit>
      <limitA>-0.0217</limitA>
      <limitB>14.6783</limitB>
      <speed>4</speed>
    </j1>
    <j2 type="2" bA="plat2" bB="ground" col="false">
      <anchor x="-679.7531" y="-672.048"/>
      <axis x="0" y="1"/>
      <force>1000</force>
      <speed>-4</speed>
      <isMotor>true</isMotor>
      <isLimit>true</isLimit>
      <limitA>-14.7017</limitA>
      <limitB>-0.0017</limitB>
      <speed>-4</speed>
    </j2>
    <j3 type="2" bA="plat3" bB="ground" col="false">
      <anchor x="-359.7531" y="-511.448"/>
      <axis x="0" y="1"/>
      <force>1000</force>
      <speed>-4</speed>
      <isMotor>true</isMotor>
      <isLimit>true</isLimit>
      <limitA>-9.3483</limitA>
      <limitB>5.3517</limitB>
    </j3>
  </joints>
  <frame x="-1480.2" y="-880.05" w="2760.3" h="760"/>
  <frameLeft x="0" y="0" rot="0" type="0" den="0" frc="0" rst="0" sens="false" geom="1" category="65535" mask="65535">
    <v0 x="-1480.2" y="-880.05"/>
    <v1 x="-1480.2" y="-120.05"/>
  </frameLeft>
  <frameRight x="0" y="0" rot="0" type="0" den="0" frc="0" rst="0" sens="false" geom="1" category="65535" mask="65239">
    <v0 x="1280.1" y="-120.05"/>
    <v1 x="1280.1" y="-880.05"/>
  </frameRight>
  <speedUp_1 x="995.45" y="-558.8" rot="-89.9948" type="0" den="0" frc="0" rst="0" sens="true" geom="2" z="1" dx="0.5" dy="0.5">
    <p0>
      <v0 x="-40" y="20"/>
      <v1 x="-40" y="-20"/>
      <v2 x="40" y="-20"/>
      <v3 x="40" y="20"/>
    </p0>
  </speedUp_1>
  <speedUp_2 x="1142.05" y="-498.5" rot="-89.9948" type="0" den="0" frc="0" rst="0" sens="true" geom="2" z="2" dx="0.5" dy="0.5">
    <p0>
      <v0 x="-40" y="20"/>
      <v1 x="-40" y="-20"/>
      <v2 x="40" y="-20"/>
      <v3 x="40" y="20"/>
    </p0>
  </speedUp_2>
  <speedUp_3 x="1039.05" y="-338.8" rot="-89.9948" type="0" den="0" frc="0" rst="0" sens="true" geom="2" z="3" dx="0.5" dy="0.5">
    <p0>
      <v0 x="-40" y="20"/>
      <v1 x="-40" y="-20"/>
      <v2 x="40" y="-20"/>
      <v3 x="40" y="20"/>
    </p0>
  </speedUp_3>
  <speedUp_4 x="840.05" y="-257.75" rot="-89.9948" type="0" den="0" frc="0" rst="0" sens="true" geom="2" z="4" dx="0.5" dy="0.5">
    <p0>
      <v0 x="-40" y="20"/>
      <v1 x="-40" y="-20"/>
      <v2 x="40" y="-20"/>
      <v3 x="40" y="20"/>
    </p0>
  </speedUp_4>
  <speedUp_5 x="680.8" y="-298.75" rot="-89.9948" type="0" den="0" frc="0" rst="0" sens="true" geom="2" z="5" dx="0.5" dy="0.5">
    <p0>
      <v0 x="-40" y="20"/>
      <v1 x="-40" y="-20"/>
      <v2 x="40" y="-20"/>
      <v3 x="40" y="20"/>
    </p0>
  </speedUp_5>
  <speedUp_6 x="520.5" y="-258.15" rot="-89.9948" type="0" den="0" frc="0" rst="0" sens="true" geom="2" z="6" dx="0.5" dy="0.5">
    <p0>
      <v0 x="-40" y="20"/>
      <v1 x="-40" y="-20"/>
      <v2 x="40" y="-20"/>
      <v3 x="40" y="20"/>
    </p0>
  </speedUp_6>
  <speedUp_7 x="220.05" y="-399.8" rot="-89.9948" type="0" den="0" frc="0" rst="0" sens="true" geom="2" z="7" dx="0.5" dy="0.5">
    <p0>
      <v0 x="-40" y="20"/>
      <v1 x="-40" y="-20"/>
      <v2 x="40" y="-20"/>
      <v3 x="40" y="20"/>
    </p0>
  </speedUp_7>
  <speedUp_8 x="380" y="-338.8" rot="-89.9948" type="0" den="0" frc="0" rst="0" sens="true" geom="2" z="8" dx="0.5" dy="0.5">
    <p0>
      <v0 x="-40" y="20"/>
      <v1 x="-40" y="-20"/>
      <v2 x="40" y="-20"/>
      <v3 x="40" y="20"/>
    </p0>
  </speedUp_8>
  <body_11 x="-1373.95" y="-391.4" rot="0" type="0" den="0" frc="0.4" rst="0" sens="false" geom="2" image="balk90_1" z="11" dx="0.5" dy="0.5">
    <p0>
      <v0 x="42.55" y="-5.15"/>
      <v1 x="44.05" y="-2"/>
      <v2 x="44.05" y="0.85"/>
      <v3 x="43.35" y="3.6"/>
      <v4 x="42.05" y="5.75"/>
      <v5 x="39.35" y="8"/>
      <v6 x="-40" y="8"/>
      <v7 x="-42" y="5.75"/>
      <v8 x="-43.3" y="3.6"/>
      <v9 x="-44" y="0.85"/>
      <v10 x="-44" y="-2"/>
      <v11 x="-42.5" y="-5.15"/>
      <v12 x="-39.45" y="-8"/>
      <v13 x="39.4" y="-8"/>
    </p0>
  </body_11>
  <body_12 x="-1291" y="-391.4" rot="0" type="0" den="0" frc="0.4" rst="0" sens="false" geom="2" image="balk90" z="12" dx="0.5" dy="0.5">
    <p0>
      <v0 x="42.55" y="-5.15"/>
      <v1 x="44.05" y="-2"/>
      <v2 x="44.05" y="0.85"/>
      <v3 x="43.35" y="3.6"/>
      <v4 x="42.05" y="5.75"/>
      <v5 x="39.35" y="8"/>
      <v6 x="-40" y="8"/>
      <v7 x="-42" y="5.75"/>
      <v8 x="-43.3" y="3.6"/>
      <v9 x="-44" y="0.85"/>
      <v10 x="-44" y="-2"/>
      <v11 x="-42.5" y="-5.15"/>
      <v12 x="-39.45" y="-8"/>
      <v13 x="39.4" y="-8"/>
    </p0>
  </body_12>
  <body_13 x="-1204" y="-391.4" rot="0" type="0" den="0" frc="0.4" rst="0" sens="false" geom="2" image="balk90_6" z="18" dx="0.5" dy="0.5">
    <p0>
      <v0 x="42.55" y="-5.15"/>
      <v1 x="44.05" y="-2"/>
      <v2 x="44.05" y="0.85"/>
      <v3 x="43.35" y="3.6"/>
      <v4 x="42.05" y="5.75"/>
      <v5 x="39.35" y="8"/>
      <v6 x="-40" y="8"/>
      <v7 x="-42" y="5.75"/>
      <v8 x="-43.3" y="3.6"/>
      <v9 x="-44" y="0.85"/>
      <v10 x="-44" y="-2"/>
      <v11 x="-42.5" y="-5.15"/>
      <v12 x="-39.45" y="-8"/>
      <v13 x="39.4" y="-8"/>
    </p0>
  </body_13>
  <body_14 x="-65.45" y="-510.8" rot="0" type="0" den="0" frc="0.4" rst="0" sens="false" geom="2" image="balk90_1" z="32" dx="0.5" dy="0.5">
    <p0>
      <v0 x="42.55" y="-5.15"/>
      <v1 x="44.05" y="-2"/>
      <v2 x="44.05" y="0.85"/>
      <v3 x="43.35" y="3.6"/>
      <v4 x="42.05" y="5.75"/>
      <v5 x="39.35" y="8"/>
      <v6 x="-40" y="8"/>
      <v7 x="-42" y="5.75"/>
      <v8 x="-43.3" y="3.6"/>
      <v9 x="-44" y="0.85"/>
      <v10 x="-44" y="-2"/>
      <v11 x="-42.5" y="-5.15"/>
      <v12 x="-39.45" y="-8"/>
      <v13 x="39.4" y="-8"/>
    </p0>
  </body_14>
  <body_15 x="21" y="-510.85" rot="0" type="0" den="0" frc="0.4" rst="0" sens="false" geom="2" image="balk90" z="33" dx="0.5" dy="0.5">
    <p0>
      <v0 x="42.55" y="-5.15"/>
      <v1 x="44.05" y="-2"/>
      <v2 x="44.05" y="0.85"/>
      <v3 x="43.35" y="3.6"/>
      <v4 x="42.05" y="5.75"/>
      <v5 x="39.35" y="8"/>
      <v6 x="-40" y="8"/>
      <v7 x="-42" y="5.75"/>
      <v8 x="-43.3" y="3.6"/>
      <v9 x="-44" y="0.85"/>
      <v10 x="-44" y="-2"/>
      <v11 x="-42.5" y="-5.15"/>
      <v12 x="-39.45" y="-8"/>
      <v13 x="39.4" y="-8"/>
    </p0>
  </body_15>
  <body_16 x="190.15" y="-590.85" rot="0" type="0" den="0" frc="0.4" rst="0" sens="false" geom="2" image="balk110_3" z="34" dx="0.5" dy="0.5">
    <p0>
      <v0 x="52.55" y="-5.15"/>
      <v1 x="54.05" y="-2"/>
      <v2 x="54.05" y="0.85"/>
      <v3 x="53.35" y="3.6"/>
      <v4 x="52.05" y="5.75"/>
      <v5 x="49.35" y="8"/>
      <v6 x="-50" y="8"/>
      <v7 x="-52" y="5.75"/>
      <v8 x="-53.3" y="3.6"/>
      <v9 x="-54" y="0.85"/>
      <v10 x="-54" y="-2"/>
      <v11 x="-52.5" y="-5.15"/>
      <v12 x="-49.45" y="-8"/>
      <v13 x="49.4" y="-8"/>
    </p0>
  </body_16>
  <body_17 x="238.3" y="-553.9" rot="-90.0052" type="0" den="0" frc="0.4" rst="0" sens="false" geom="2" image="balk90_31" z="35" dx="0.5" dy="0.5">
    <p0>
      <v0 x="42.55" y="-5.15"/>
      <v1 x="44.05" y="-2"/>
      <v2 x="44.05" y="0.85"/>
      <v3 x="43.35" y="3.6"/>
      <v4 x="42.05" y="5.75"/>
      <v5 x="39.35" y="8"/>
      <v6 x="-40" y="8"/>
      <v7 x="-42" y="5.75"/>
      <v8 x="-43.3" y="3.6"/>
      <v9 x="-44" y="0.85"/>
      <v10 x="-44" y="-2"/>
      <v11 x="-42.5" y="-5.15"/>
      <v12 x="-39.45" y="-8"/>
      <v13 x="39.4" y="-8"/>
    </p0>
  </body_17>
  <body_18 x="143.3" y="-553.65" rot="-89.9948" type="0" den="0" frc="0.4" rst="0" sens="false" geom="2" image="balk90_cut1" z="36" dx="0.5" dy="0.5">
    <p0>
      <v0 x="42.55" y="-5.15"/>
      <v1 x="44.05" y="-2"/>
      <v2 x="44.05" y="0.85"/>
      <v3 x="43.35" y="3.6"/>
      <v4 x="42.05" y="5.75"/>
      <v5 x="39.35" y="8"/>
      <v6 x="-40" y="8"/>
      <v7 x="-42" y="5.75"/>
      <v8 x="-43.3" y="3.6"/>
      <v9 x="-44" y="0.85"/>
      <v10 x="-44" y="-2"/>
      <v11 x="-42.5" y="-5.15"/>
      <v12 x="-39.45" y="-8"/>
      <v13 x="39.4" y="-8"/>
    </p0>
  </body_18>
  <body_19 x="107" y="-510.85" rot="0" type="0" den="0" frc="0.4" rst="0" sens="false" geom="2" image="balk90_3" z="37" dx="0.5" dy="0.5">
    <p0>
      <v0 x="42.55" y="-5.15"/>
      <v1 x="44.05" y="-2"/>
      <v2 x="44.05" y="0.85"/>
      <v3 x="43.35" y="3.6"/>
      <v4 x="42.05" y="5.75"/>
      <v5 x="39.35" y="8"/>
      <v6 x="-40" y="8"/>
      <v7 x="-42" y="5.75"/>
      <v8 x="-43.3" y="3.6"/>
      <v9 x="-44" y="0.85"/>
      <v10 x="-44" y="-2"/>
      <v11 x="-42.5" y="-5.15"/>
      <v12 x="-39.45" y="-8"/>
      <v13 x="39.4" y="-8"/>
    </p0>
  </body_19>
  <body_20 x="275.3" y="-510.85" rot="0" type="0" den="0" frc="0.4" rst="0" sens="false" geom="2" image="balk90_5" z="39" dx="0.5" dy="0.5">
    <p0>
      <v0 x="42.55" y="-5.15"/>
      <v1 x="44.05" y="-2"/>
      <v2 x="44.05" y="0.85"/>
      <v3 x="43.35" y="3.6"/>
      <v4 x="42.05" y="5.75"/>
      <v5 x="39.35" y="8"/>
      <v6 x="-40" y="8"/>
      <v7 x="-42" y="5.75"/>
      <v8 x="-43.3" y="3.6"/>
      <v9 x="-44" y="0.85"/>
      <v10 x="-44" y="-2"/>
      <v11 x="-42.5" y="-5.15"/>
      <v12 x="-39.45" y="-8"/>
      <v13 x="39.4" y="-8"/>
    </p0>
  </body_20>
  <body_21 x="363.75" y="-510.85" rot="0" type="0" den="0" frc="0.4" rst="0" sens="false" geom="2" image="balk90" z="40" dx="0.5" dy="0.5">
    <p0>
      <v0 x="42.55" y="-5.15"/>
      <v1 x="44.05" y="-2"/>
      <v2 x="44.05" y="0.85"/>
      <v3 x="43.35" y="3.6"/>
      <v4 x="42.05" y="5.75"/>
      <v5 x="39.35" y="8"/>
      <v6 x="-40" y="8"/>
      <v7 x="-42" y="5.75"/>
      <v8 x="-43.3" y="3.6"/>
      <v9 x="-44" y="0.85"/>
      <v10 x="-44" y="-2"/>
      <v11 x="-42.5" y="-5.15"/>
      <v12 x="-39.45" y="-8"/>
      <v13 x="39.4" y="-8"/>
    </p0>
  </body_21>
  <body_22 x="451.8" y="-510.85" rot="0" type="0" den="0" frc="0.4" rst="0" sens="false" geom="2" image="balk90" z="41" dx="0.5" dy="0.5">
    <p0>
      <v0 x="42.55" y="-5.15"/>
      <v1 x="44.05" y="-2"/>
      <v2 x="44.05" y="0.85"/>
      <v3 x="43.35" y="3.6"/>
      <v4 x="42.05" y="5.75"/>
      <v5 x="39.35" y="8"/>
      <v6 x="-40" y="8"/>
      <v7 x="-42" y="5.75"/>
      <v8 x="-43.3" y="3.6"/>
      <v9 x="-44" y="0.85"/>
      <v10 x="-44" y="-2"/>
      <v11 x="-42.5" y="-5.15"/>
      <v12 x="-39.45" y="-8"/>
      <v13 x="39.4" y="-8"/>
    </p0>
  </body_22>
  <body_23 x="539.95" y="-511" rot="0" type="0" den="0" frc="0.4" rst="0" sens="false" geom="2" image="balk90" z="42" dx="0.5" dy="0.5">
    <p0>
      <v0 x="42.55" y="-5.15"/>
      <v1 x="44.05" y="-2"/>
      <v2 x="44.05" y="0.85"/>
      <v3 x="43.35" y="3.6"/>
      <v4 x="42.05" y="5.75"/>
      <v5 x="39.35" y="8"/>
      <v6 x="-40" y="8"/>
      <v7 x="-42" y="5.75"/>
      <v8 x="-43.3" y="3.6"/>
      <v9 x="-44" y="0.85"/>
      <v10 x="-44" y="-2"/>
      <v11 x="-42.5" y="-5.15"/>
      <v12 x="-39.45" y="-8"/>
      <v13 x="39.4" y="-8"/>
    </p0>
  </body_23>
  <body_24 x="586.5" y="-474" rot="-90.0052" type="0" den="0" frc="0.4" rst="0" sens="false" geom="2" image="balk90_31" z="43" dx="0.5" dy="0.5">
    <p0>
      <v0 x="42.55" y="-5.15"/>
      <v1 x="44.05" y="-2"/>
      <v2 x="44.05" y="0.85"/>
      <v3 x="43.35" y="3.6"/>
      <v4 x="42.05" y="5.75"/>
      <v5 x="39.35" y="8"/>
      <v6 x="-40" y="8"/>
      <v7 x="-42" y="5.75"/>
      <v8 x="-43.3" y="3.6"/>
      <v9 x="-44" y="0.85"/>
      <v10 x="-44" y="-2"/>
      <v11 x="-42.5" y="-5.15"/>
      <v12 x="-39.45" y="-8"/>
      <v13 x="39.4" y="-8"/>
    </p0>
  </body_24>
  <body_25 x="633.55" y="-430.25" rot="0" type="0" den="0" frc="0.4" rst="0" sens="false" geom="2" image="balk110_2" z="44" dx="0.5" dy="0.5">
    <p0>
      <v0 x="52.55" y="-5.15"/>
      <v1 x="54.05" y="-2"/>
      <v2 x="54.05" y="0.85"/>
      <v3 x="53.35" y="3.6"/>
      <v4 x="52.05" y="5.75"/>
      <v5 x="49.35" y="8"/>
      <v6 x="-50" y="8"/>
      <v7 x="-52" y="5.75"/>
      <v8 x="-53.3" y="3.6"/>
      <v9 x="-54" y="0.85"/>
      <v10 x="-54" y="-2"/>
      <v11 x="-52.5" y="-5.15"/>
      <v12 x="-49.45" y="-8"/>
      <v13 x="49.4" y="-8"/>
    </p0>
  </body_25>
  <body_26 x="682.5" y="-467.45" rot="-89.9948" type="0" den="0" frc="0.4" rst="0" sens="false" geom="2" image="balk90_51" z="45" dx="0.5" dy="0.5">
    <p0>
      <v0 x="42.55" y="-5.15"/>
      <v1 x="44.05" y="-2"/>
      <v2 x="44.05" y="0.85"/>
      <v3 x="43.35" y="3.6"/>
      <v4 x="42.05" y="5.75"/>
      <v5 x="39.35" y="8"/>
      <v6 x="-40" y="8"/>
      <v7 x="-42" y="5.75"/>
      <v8 x="-43.3" y="3.6"/>
      <v9 x="-44" y="0.85"/>
      <v10 x="-44" y="-2"/>
      <v11 x="-42.5" y="-5.15"/>
      <v12 x="-39.45" y="-8"/>
      <v13 x="39.4" y="-8"/>
    </p0>
  </body_26>
  <body_27 x="719.5" y="-511.25" rot="0" type="0" den="0" frc="0.4" rst="0" sens="false" geom="2" image="balk90_2" z="46" dx="0.5" dy="0.5">
    <p0>
      <v0 x="42.55" y="-5.15"/>
      <v1 x="44.05" y="-2"/>
      <v2 x="44.05" y="0.85"/>
      <v3 x="43.35" y="3.6"/>
      <v4 x="42.05" y="5.75"/>
      <v5 x="39.35" y="8"/>
      <v6 x="-40" y="8"/>
      <v7 x="-42" y="5.75"/>
      <v8 x="-43.3" y="3.6"/>
      <v9 x="-44" y="0.85"/>
      <v10 x="-44" y="-2"/>
      <v11 x="-42.5" y="-5.15"/>
      <v12 x="-39.45" y="-8"/>
      <v13 x="39.4" y="-8"/>
    </p0>
  </body_27>
  <body_28 x="800.95" y="-511.25" rot="0" type="0" den="0" frc="0.4" rst="0" sens="false" geom="2" image="balk90" z="47" dx="0.5" dy="0.5">
    <p0>
      <v0 x="42.55" y="-5.15"/>
      <v1 x="44.05" y="-2"/>
      <v2 x="44.05" y="0.85"/>
      <v3 x="43.35" y="3.6"/>
      <v4 x="42.05" y="5.75"/>
      <v5 x="39.35" y="8"/>
      <v6 x="-40" y="8"/>
      <v7 x="-42" y="5.75"/>
      <v8 x="-43.3" y="3.6"/>
      <v9 x="-44" y="0.85"/>
      <v10 x="-44" y="-2"/>
      <v11 x="-42.5" y="-5.15"/>
      <v12 x="-39.45" y="-8"/>
      <v13 x="39.4" y="-8"/>
    </p0>
  </body_28>
  <body_29 x="982" y="-511.25" rot="0" type="0" den="0" frc="0.4" rst="0" sens="false" geom="2" image="balk110" z="48" dx="0.5" dy="0.5">
    <p0>
      <v0 x="52.55" y="-5.15"/>
      <v1 x="54.05" y="-2"/>
      <v2 x="54.05" y="0.85"/>
      <v3 x="53.35" y="3.6"/>
      <v4 x="52.05" y="5.75"/>
      <v5 x="49.35" y="8"/>
      <v6 x="-50" y="8"/>
      <v7 x="-52" y="5.75"/>
      <v8 x="-53.3" y="3.6"/>
      <v9 x="-54" y="0.85"/>
      <v10 x="-54" y="-2"/>
      <v11 x="-52.5" y="-5.15"/>
      <v12 x="-49.45" y="-8"/>
      <v13 x="49.4" y="-8"/>
    </p0>
  </body_29>
  <body_30 x="1037.85" y="-548.25" rot="-89.9948" type="0" den="0" frc="0.4" rst="0" sens="false" geom="2" image="balk90_51" z="49" dx="0.5" dy="0.5">
    <p0>
      <v0 x="42.55" y="-5.15"/>
      <v1 x="44.05" y="-2"/>
      <v2 x="44.05" y="0.85"/>
      <v3 x="43.35" y="3.6"/>
      <v4 x="42.05" y="5.75"/>
      <v5 x="39.35" y="8"/>
      <v6 x="-40" y="8"/>
      <v7 x="-42" y="5.75"/>
      <v8 x="-43.3" y="3.6"/>
      <v9 x="-44" y="0.85"/>
      <v10 x="-44" y="-2"/>
      <v11 x="-42.5" y="-5.15"/>
      <v12 x="-39.45" y="-8"/>
      <v13 x="39.4" y="-8"/>
    </p0>
  </body_30>
  <body_31 x="887" y="-511.2" rot="0" type="0" den="0" frc="0.4" rst="0" sens="false" geom="2" image="balk90" z="50" dx="0.5" dy="0.5">
    <p0>
      <v0 x="42.55" y="-5.15"/>
      <v1 x="44.05" y="-2"/>
      <v2 x="44.05" y="0.85"/>
      <v3 x="43.35" y="3.6"/>
      <v4 x="42.05" y="5.75"/>
      <v5 x="39.35" y="8"/>
      <v6 x="-40" y="8"/>
      <v7 x="-42" y="5.75"/>
      <v8 x="-43.3" y="3.6"/>
      <v9 x="-44" y="0.85"/>
      <v10 x="-44" y="-2"/>
      <v11 x="-42.5" y="-5.15"/>
      <v12 x="-39.45" y="-8"/>
      <v13 x="39.4" y="-8"/>
    </p0>
  </body_31>
  <body_32 x="1037.85" y="-634.7" rot="-89.9948" type="0" den="0" frc="0.4" rst="0" sens="false" geom="2" image="balk90" z="52" dx="0.5" dy="0.5">
    <p0>
      <v0 x="42.55" y="-5.15"/>
      <v1 x="44.05" y="-2"/>
      <v2 x="44.05" y="0.85"/>
      <v3 x="43.35" y="3.6"/>
      <v4 x="42.05" y="5.75"/>
      <v5 x="39.35" y="8"/>
      <v6 x="-40" y="8"/>
      <v7 x="-42" y="5.75"/>
      <v8 x="-43.3" y="3.6"/>
      <v9 x="-44" y="0.85"/>
      <v10 x="-44" y="-2"/>
      <v11 x="-42.5" y="-5.15"/>
      <v12 x="-39.45" y="-8"/>
      <v13 x="39.4" y="-8"/>
    </p0>
  </body_32>
  <body_33 x="1095.15" y="-753.7" rot="0" type="0" den="0" frc="0.4" rst="0" sens="false" geom="2" image="balk110" z="53" dx="0.5" dy="0.5">
    <p0>
      <v0 x="52.55" y="-5.15"/>
      <v1 x="54.05" y="-2"/>
      <v2 x="54.05" y="0.85"/>
      <v3 x="53.35" y="3.6"/>
      <v4 x="52.05" y="5.75"/>
      <v5 x="49.35" y="8"/>
      <v6 x="-50" y="8"/>
      <v7 x="-52" y="5.75"/>
      <v8 x="-53.3" y="3.6"/>
      <v9 x="-54" y="0.85"/>
      <v10 x="-54" y="-2"/>
      <v11 x="-52.5" y="-5.15"/>
      <v12 x="-49.45" y="-8"/>
      <v13 x="49.4" y="-8"/>
    </p0>
  </body_33>
  <body_34 x="1037.85" y="-716.45" rot="-89.9948" type="0" den="0" frc="0.4" rst="0" sens="false" geom="2" image="balk90_43" z="54" dx="0.5" dy="0.5">
    <p0>
      <v0 x="42.55" y="-5.15"/>
      <v1 x="44.05" y="-2"/>
      <v2 x="44.05" y="0.85"/>
      <v3 x="43.35" y="3.6"/>
      <v4 x="42.05" y="5.75"/>
      <v5 x="39.35" y="8"/>
      <v6 x="-40" y="8"/>
      <v7 x="-42" y="5.75"/>
      <v8 x="-43.3" y="3.6"/>
      <v9 x="-44" y="0.85"/>
      <v10 x="-44" y="-2"/>
      <v11 x="-42.5" y="-5.15"/>
      <v12 x="-39.45" y="-8"/>
      <v13 x="39.4" y="-8"/>
    </p0>
  </body_34>
  <decor_1 x="-1240" y="-354.65" rot="0" z="61" dx="0.5131" dy="0.4127" image="decor_3"/>
  <decor_2 x="719.8" y="-480.2" rot="0" z="62" dx="0.4975" dy="0.5511" image="decor_4"/>
  <decor_3 x="10.55" y="-473.95" rot="0" z="63" dx="0.5131" dy="0.4127" image="decor_3"/>
  <decor_4 x="1058.6" y="-725.95" rot="0" z="64" dx="0.4682" dy="0.6394" image="decor_1"/>
  <decor_5 x="1010.95" y="-481.5" rot="0" z="65" dx="0.5487" dy="0.4659" image="decor_5"/>
  <decor_6 x="320" y="-491.95" rot="0" z="66" dx="0.5" dy="0.5" image="decor_2"/>
  <decor_7 x="480" y="-492.25" rot="0" z="67" dx="0.5" dy="0.5" image="decor_2"/>
  <playerBall x="-1319" y="-539.85" rot="0" type="2" den="1" frc="0.15" rst="0" sens="false" geom="0" z="70" dx="0.4824" dy="0.3283" category="100" mask="65533">
    <radius>40</radius>
  </playerBall>
  <beginTeleport x="-1318.95" y="-539" rot="0" z="10" dx="0.5" dy="0.5"/>
  <star1 x="-840.15" y="-640" rot="0" type="0" den="0" frc="0" rst="0" sens="true" geom="0" z="50" dx="0.494" dy="0.5008">
    <radius>20</radius>
  </star1>
  <star2 x="-520.15" y="-440" rot="0" type="0" den="0" frc="0" rst="0" sens="true" geom="0" z="50" dx="0.494" dy="0.5008">
    <radius>20</radius>
  </star2>
  <star3 x="-200.15" y="-640" rot="0" type="0" den="0" frc="0" rst="0" sens="true" geom="0" z="50" dx="0.494" dy="0.5008">
    <radius>20</radius>
  </star3>
  <star4 x="631.85" y="-478.5" rot="0" type="0" den="0" frc="0" rst="0" sens="true" geom="0" z="50" dx="0.494" dy="0.5008">
    <radius>20</radius>
  </star4>
  <winTeleport x="190.05" y="-543" rot="-90" type="0" den="0" frc="0" rst="0" sens="true" geom="0" z="9" dx="0.5" dy="0.5">
    <radius>50</radius>
  </winTeleport>
  <laser_1 body="body_41">
    <splash1/>
    <splash2/>
  </laser_1>
  <splash1 x="-839.3" y="-39.95" rot="0" z="23" dx="0.5" dy="0.5"/>
  <splash2 x="-839.3" y="-579.95" rot="0" z="22" dx="0.5" dy="0.5"/>
  <body_41 x="0" y="0" rot="0" type="0" den="0" frc="0" rst="0" sens="true" geom="1">
    <v0 x="-839.3" y="-39.95"/>
    <v1 x="-839.3" y="-579.95"/>
  </body_41>
  <laser_2 body="body_42">
    <splash3/>
    <splash4/>
  </laser_2>
  <splash3 x="-839.3" y="-699.95" rot="0" z="21" dx="0.5" dy="0.5"/>
  <splash4 x="-839.3" y="-959.95" rot="0" z="20" dx="0.5" dy="0.5"/>
  <body_42 x="0" y="0" rot="0" type="0" den="0" frc="0" rst="0" sens="true" geom="1">
    <v0 x="-839.3" y="-699.95"/>
    <v1 x="-839.3" y="-959.95"/>
  </body_42>
  <laser_3 body="body_43">
    <splash5/>
    <splash6/>
  </laser_3>
  <splash5 x="-519.3" y="-39.95" rot="0" z="27" dx="0.5" dy="0.5"/>
  <splash6 x="-519.3" y="-379.95" rot="0" z="26" dx="0.5" dy="0.5"/>
  <body_43 x="0" y="0" rot="0" type="0" den="0" frc="0" rst="0" sens="true" geom="1">
    <v0 x="-519.3" y="-39.95"/>
    <v1 x="-519.3" y="-379.95"/>
  </body_43>
  <laser_4 body="body_44">
    <splash7/>
    <splash8/>
  </laser_4>
  <splash7 x="-519.3" y="-499.95" rot="0" z="25" dx="0.5" dy="0.5"/>
  <splash8 x="-519.3" y="-959.95" rot="0" z="24" dx="0.5" dy="0.5"/>
  <body_44 x="0" y="0" rot="0" type="0" den="0" frc="0" rst="0" sens="true" geom="1">
    <v0 x="-519.3" y="-499.95"/>
    <v1 x="-519.3" y="-959.95"/>
  </body_44>
  <laser_5 body="body_45">
    <splash9/>
    <splash10/>
  </laser_5>
  <splash9 x="-199.3" y="-39.95" rot="0" z="31" dx="0.5" dy="0.5"/>
  <splash10 x="-199.3" y="-579.95" rot="0" z="30" dx="0.5" dy="0.5"/>
  <body_45 x="0" y="0" rot="0" type="0" den="0" frc="0" rst="0" sens="true" geom="1">
    <v0 x="-199.3" y="-39.95"/>
    <v1 x="-199.3" y="-579.95"/>
  </body_45>
  <laser_6 body="body_46">
    <splash11/>
    <splash12/>
  </laser_6>
  <splash11 x="-199.3" y="-699.95" rot="0" z="29" dx="0.5" dy="0.5"/>
  <splash12 x="-199.3" y="-959.95" rot="0" z="28" dx="0.5" dy="0.5"/>
  <body_46 x="0" y="0" rot="0" type="0" den="0" frc="0" rst="0" sens="true" geom="1">
    <v0 x="-199.3" y="-699.95"/>
    <v1 x="-199.3" y="-959.95"/>
  </body_46>
  <plat1 x="-999.75" y="-231.65" rot="0" type="2" den="1" frc="0.4" rst="0" sens="false" geom="2" z="13" dx="0.5007" dy="0.5061" orient="1" limitA="-672" limitB="-231" graph="balk140">
    <p0>
      <v0 x="67.55" y="-5.15"/>
      <v1 x="69.05" y="-2"/>
      <v2 x="69.05" y="0.85"/>
      <v3 x="68.35" y="3.6"/>
      <v4 x="67.05" y="5.75"/>
      <v5 x="64.35" y="8"/>
      <v6 x="-65" y="8"/>
      <v7 x="-67" y="5.75"/>
      <v8 x="-68.3" y="3.6"/>
      <v9 x="-69" y="0.85"/>
      <v10 x="-69" y="-2"/>
      <v11 x="-67.5" y="-5.15"/>
      <v12 x="-64.45" y="-8"/>
      <v13 x="64.4" y="-8"/>
    </p0>
  </plat1>
  <plat2 x="-679.75" y="-672.05" rot="0" type="2" den="1" frc="0.4" rst="0" sens="false" geom="2" z="14" dx="0.5007" dy="0.5061" orient="1" limitA="-672" limitB="-231" graph="balk140">
    <p0>
      <v0 x="67.55" y="-5.15"/>
      <v1 x="69.05" y="-2"/>
      <v2 x="69.05" y="0.85"/>
      <v3 x="68.35" y="3.6"/>
      <v4 x="67.05" y="5.75"/>
      <v5 x="64.35" y="8"/>
      <v6 x="-65" y="8"/>
      <v7 x="-67" y="5.75"/>
      <v8 x="-68.3" y="3.6"/>
      <v9 x="-69" y="0.85"/>
      <v10 x="-69" y="-2"/>
      <v11 x="-67.5" y="-5.15"/>
      <v12 x="-64.45" y="-8"/>
      <v13 x="64.4" y="-8"/>
    </p0>
  </plat2>
  <plat3 x="-359.75" y="-511.45" rot="0" type="2" den="1" frc="0.4" rst="0" sens="false" geom="2" z="15" dx="0.5007" dy="0.5061" orient="1" limitA="-672" limitB="-231" graph="balk140">
    <p0>
      <v0 x="67.55" y="-5.15"/>
      <v1 x="69.05" y="-2"/>
      <v2 x="69.05" y="0.85"/>
      <v3 x="68.35" y="3.6"/>
      <v4 x="67.05" y="5.75"/>
      <v5 x="64.35" y="8"/>
      <v6 x="-65" y="8"/>
      <v7 x="-67" y="5.75"/>
      <v8 x="-68.3" y="3.6"/>
      <v9 x="-69" y="0.85"/>
      <v10 x="-69" y="-2"/>
      <v11 x="-67.5" y="-5.15"/>
      <v12 x="-64.45" y="-8"/>
      <v13 x="64.4" y="-8"/>
    </p0>
  </plat3>
  <static1 x="-999.25" y="-257.5" rot="0" type="2" den="1" frc="0.5" rst="0" sens="false" geom="2" z="19" dx="0.4824" dy="0.4473">
    <p0>
      <v0 x="12.25" y="-17.75"/>
      <v1 x="16.95" y="-16.95"/>
      <v2 x="17.75" y="-11.95"/>
      <v3 x="17.75" y="11.95"/>
      <v4 x="17" y="17.1"/>
      <v5 x="12.25" y="17.75"/>
      <v6 x="-12" y="17.75"/>
      <v7 x="-16.9" y="16.85"/>
      <v8 x="-17.75" y="12.4"/>
      <v9 x="-17.75" y="-12"/>
      <v10 x="-17.1" y="-17"/>
      <v11 x="-12.75" y="-17.75"/>
    </p0>
  </static1>
  <static2 x="-679.2" y="-697.5" rot="0" type="2" den="1" frc="0.5" rst="0" sens="false" geom="2" z="16" dx="0.4824" dy="0.4473">
    <p0>
      <v0 x="12.25" y="-17.75"/>
      <v1 x="16.95" y="-16.95"/>
      <v2 x="17.75" y="-11.95"/>
      <v3 x="17.75" y="11.95"/>
      <v4 x="17" y="17.1"/>
      <v5 x="12.25" y="17.75"/>
      <v6 x="-12" y="17.75"/>
      <v7 x="-16.9" y="16.85"/>
      <v8 x="-17.75" y="12.4"/>
      <v9 x="-17.75" y="-12"/>
      <v10 x="-17.1" y="-17"/>
      <v11 x="-12.75" y="-17.75"/>
    </p0>
  </static2>
  <static3 x="-359.25" y="-536.9" rot="0" type="2" den="1" frc="0.5" rst="0" sens="false" geom="2" z="17" dx="0.4824" dy="0.4473">
    <p0>
      <v0 x="12.25" y="-17.75"/>
      <v1 x="16.95" y="-16.95"/>
      <v2 x="17.75" y="-11.95"/>
      <v3 x="17.75" y="11.95"/>
      <v4 x="17" y="17.1"/>
      <v5 x="12.25" y="17.75"/>
      <v6 x="-12" y="17.75"/>
      <v7 x="-16.9" y="16.85"/>
      <v8 x="-17.75" y="12.4"/>
      <v9 x="-17.75" y="-12"/>
      <v10 x="-17.1" y="-17"/>
      <v11 x="-12.75" y="-17.75"/>
    </p0>
  </static3>
  <laser_7 body="body_53">
    <splash21/>
    <splash22/>
    <splash23/>
    <splash24/>
    <splash25/>
    <splash26/>
  </laser_7>
  <splash21 x="40.7" y="-959.95" rot="0" z="55" dx="0.5" dy="0.5"/>
  <splash22 x="40.7" y="-681.25" rot="0" z="56" dx="0.5" dy="0.5"/>
  <splash23 x="322.7" y="-681.25" rot="0" z="57" dx="0.5" dy="0.5"/>
  <splash24 x="322.7" y="-599.3" rot="0" z="58" dx="0.5" dy="0.5"/>
  <splash25 x="952.7" y="-599.3" rot="0" z="59" dx="0.5" dy="0.5"/>
  <splash26 x="952.7" y="-959.95" rot="0" z="60" dx="0.5" dy="0.5"/>
  <body_53 x="0" y="0" rot="0" type="0" den="0" frc="0" rst="0" sens="true" geom="1">
    <v0 x="40.7" y="-959.95"/>
    <v1 x="40.7" y="-681.25"/>
    <v2 x="322.7" y="-681.25"/>
    <v3 x="322.7" y="-599.3"/>
    <v4 x="952.7" y="-599.3"/>
    <v5 x="952.7" y="-959.95"/>
  </body_53>
  <alien1 x="440.55" y="-536.9" rot="0" type="2" den="1" frc="0.5" rst="0" sens="false" geom="2" z="52" dx="0.5" dy="0.5" x1="357" x2="540" phase="1">
    <p0>
      <v0 x="12.25" y="-17.75"/>
      <v1 x="16.95" y="-16.95"/>
      <v2 x="17.75" y="-11.95"/>
      <v3 x="17.75" y="11.95"/>
      <v4 x="17" y="17.1"/>
      <v5 x="12.25" y="17.75"/>
      <v6 x="-12" y="17.75"/>
      <v7 x="-16.9" y="16.85"/>
      <v8 x="-17.75" y="12.4"/>
      <v9 x="-17.75" y="-12"/>
      <v10 x="-17.1" y="-17"/>
      <v11 x="-12.75" y="-17.75"/>
    </p0>
  </alien1>
  <alien2 x="858.25" y="-536.1" rot="0" type="2" den="1" frc="0.5" rst="0" sens="false" geom="2" z="51" dx="0.5" dy="0.5" x1="723" x2="920" phase="-1">
    <p0>
      <v0 x="12.25" y="-17.75"/>
      <v1 x="16.95" y="-16.95"/>
      <v2 x="17.75" y="-11.95"/>
      <v3 x="17.75" y="11.95"/>
      <v4 x="17" y="17.1"/>
      <v5 x="12.25" y="17.75"/>
      <v6 x="-12" y="17.75"/>
      <v7 x="-16.9" y="16.85"/>
      <v8 x="-17.75" y="12.4"/>
      <v9 x="-17.75" y="-12"/>
      <v10 x="-17.1" y="-17"/>
      <v11 x="-12.75" y="-17.75"/>
    </p0>
  </alien2>
  <precipice1 x="0" y="0" rot="0" type="0" den="0" frc="0" rst="0" sens="true" geom="2">
    <p0>
      <v0 x="1320" y="-160"/>
      <v1 x="1320" y="-80"/>
      <v2 x="-1520" y="-80"/>
      <v3 x="-1080" y="-160"/>
    </p0>
    <p1>
      <v0 x="-1200" y="-320"/>
      <v1 x="-1080" y="-160"/>
      <v2 x="-1520" y="-80"/>
      <v3 x="-1520" y="-320"/>
    </p1>
  </precipice1>
</level_53>