<level_69>
  <checkPoints>
    <p0 x="1004.95" y="-90.4"/>
    <p1 x="1850" y="190"/>
  </checkPoints>
  <viewPoints>
    <p0 x="239.45" f="0.5" h="-810"/>
    <p1 x="2610.25" f="0.5" h="-810"/>
  </viewPoints>
  <joints>
    <j1 type="1" bA="cargo1" bB="wheel1" col="false">
      <anchor x="377.5" y="285.4"/>
    </j1>
    <j2 type="1" bA="cargo1" bB="wheel2" col="false">
      <anchor x="436" y="285.4"/>
    </j2>
    <j3 type="8" bA="cargo1" bB="body_90" col="false">
      <anchor x="407.6" y="281.05"/>
    </j3>
  </joints>
  <frame x="239.45" y="-240" w="2370.8" h="630.2"/>
  <frameLeft x="0" y="0" rot="0" type="0" den="0" frc="0" rst="0" sens="false" geom="1" category="65535" mask="65535">
    <v0 x="239.45" y="-240"/>
    <v1 x="239.45" y="390.2"/>
  </frameLeft>
  <frameRight x="0" y="0" rot="0" type="0" den="0" frc="0" rst="0" sens="false" geom="1" category="65535" mask="65239">
    <v0 x="2610.25" y="390.2"/>
    <v1 x="2610.25" y="-240"/>
  </frameRight>
  <thorn0 x="2188.15" y="149.8" rot="89.9843" type="0" den="0" frc="0.4" rst="0" sens="true" geom="2" z="172" dx="0.5" dy="0">
    <p0>
      <v0 x="-5.5" y="0"/>
      <v1 x="0.7" y="-14.8"/>
      <v2 x="5.5" y="0"/>
    </p0>
  </thorn0>
  <thorn1 x="2188.15" y="138.4" rot="89.9843" type="0" den="0" frc="0.4" rst="0" sens="true" geom="2" z="173" dx="0.5" dy="0">
    <p0>
      <v0 x="-5.5" y="0"/>
      <v1 x="0.7" y="-14.8"/>
      <v2 x="5.5" y="0"/>
    </p0>
  </thorn1>
  <thorn2 x="2188.1" y="105.05" rot="89.9843" type="0" den="0" frc="0.4" rst="0" sens="true" geom="2" z="174" dx="0.5" dy="0">
    <p0>
      <v0 x="-5.5" y="0"/>
      <v1 x="0.7" y="-14.8"/>
      <v2 x="5.5" y="0"/>
    </p0>
  </thorn2>
  <thorn3 x="2188.1" y="115.8" rot="89.9843" type="0" den="0" frc="0.4" rst="0" sens="true" geom="2" z="175" dx="0.5" dy="0">
    <p0>
      <v0 x="-5.5" y="0"/>
      <v1 x="0.7" y="-14.8"/>
      <v2 x="5.5" y="0"/>
    </p0>
  </thorn3>
  <thorn4 x="2188.15" y="127.3" rot="89.9843" type="0" den="0" frc="0.4" rst="0" sens="true" geom="2" z="176" dx="0.5" dy="0">
    <p0>
      <v0 x="-5.5" y="0"/>
      <v1 x="0.7" y="-14.8"/>
      <v2 x="5.5" y="0"/>
    </p0>
  </thorn4>
  <thorn5 x="2188.15" y="94.3" rot="89.9843" type="0" den="0" frc="0.4" rst="0" sens="true" geom="2" z="177" dx="0.5" dy="0">
    <p0>
      <v0 x="-5.5" y="0"/>
      <v1 x="0.7" y="-14.8"/>
      <v2 x="5.5" y="0"/>
    </p0>
  </thorn5>
  <thorn6 x="2188.15" y="82.9" rot="89.9843" type="0" den="0" frc="0.4" rst="0" sens="true" geom="2" z="178" dx="0.5" dy="0">
    <p0>
      <v0 x="-5.5" y="0"/>
      <v1 x="0.7" y="-14.8"/>
      <v2 x="5.5" y="0"/>
    </p0>
  </thorn6>
  <thorn7 x="2188.1" y="49.55" rot="89.9843" type="0" den="0" frc="0.4" rst="0" sens="true" geom="2" z="179" dx="0.5" dy="0">
    <p0>
      <v0 x="-5.5" y="0"/>
      <v1 x="0.7" y="-14.8"/>
      <v2 x="5.5" y="0"/>
    </p0>
  </thorn7>
  <thorn8 x="2188.1" y="60.3" rot="89.9843" type="0" den="0" frc="0.4" rst="0" sens="true" geom="2" z="180" dx="0.5" dy="0">
    <p0>
      <v0 x="-5.5" y="0"/>
      <v1 x="0.7" y="-14.8"/>
      <v2 x="5.5" y="0"/>
    </p0>
  </thorn8>
  <thorn9 x="2188.15" y="71.8" rot="89.9843" type="0" den="0" frc="0.4" rst="0" sens="true" geom="2" z="181" dx="0.5" dy="0">
    <p0>
      <v0 x="-5.5" y="0"/>
      <v1 x="0.7" y="-14.8"/>
      <v2 x="5.5" y="0"/>
    </p0>
  </thorn9>
  <thorn10 x="2188.15" y="38.3" rot="89.9843" type="0" den="0" frc="0.4" rst="0" sens="true" geom="2" z="182" dx="0.5" dy="0">
    <p0>
      <v0 x="-5.5" y="0"/>
      <v1 x="0.7" y="-14.8"/>
      <v2 x="5.5" y="0"/>
    </p0>
  </thorn10>
  <thorn11 x="2188.15" y="26.9" rot="89.9843" type="0" den="0" frc="0.4" rst="0" sens="true" geom="2" z="183" dx="0.5" dy="0">
    <p0>
      <v0 x="-5.5" y="0"/>
      <v1 x="0.7" y="-14.8"/>
      <v2 x="5.5" y="0"/>
    </p0>
  </thorn11>
  <thorn12 x="2188.1" y="-6.45" rot="89.9843" type="0" den="0" frc="0.4" rst="0" sens="true" geom="2" z="184" dx="0.5" dy="0">
    <p0>
      <v0 x="-5.5" y="0"/>
      <v1 x="0.7" y="-14.8"/>
      <v2 x="5.5" y="0"/>
    </p0>
  </thorn12>
  <thorn13 x="2188.1" y="4.3" rot="89.9843" type="0" den="0" frc="0.4" rst="0" sens="true" geom="2" z="185" dx="0.5" dy="0">
    <p0>
      <v0 x="-5.5" y="0"/>
      <v1 x="0.7" y="-14.8"/>
      <v2 x="5.5" y="0"/>
    </p0>
  </thorn13>
  <thorn14 x="2188.15" y="15.8" rot="89.9843" type="0" den="0" frc="0.4" rst="0" sens="true" geom="2" z="186" dx="0.5" dy="0">
    <p0>
      <v0 x="-5.5" y="0"/>
      <v1 x="0.7" y="-14.8"/>
      <v2 x="5.5" y="0"/>
    </p0>
  </thorn14>
  <thorn15 x="2188.15" y="-17.2" rot="89.9843" type="0" den="0" frc="0.4" rst="0" sens="true" geom="2" z="187" dx="0.5" dy="0">
    <p0>
      <v0 x="-5.5" y="0"/>
      <v1 x="0.7" y="-14.8"/>
      <v2 x="5.5" y="0"/>
    </p0>
  </thorn15>
  <thorn16 x="2188.15" y="-28.6" rot="89.9843" type="0" den="0" frc="0.4" rst="0" sens="true" geom="2" z="188" dx="0.5" dy="0">
    <p0>
      <v0 x="-5.5" y="0"/>
      <v1 x="0.7" y="-14.8"/>
      <v2 x="5.5" y="0"/>
    </p0>
  </thorn16>
  <thorn17 x="2188.1" y="-61.95" rot="89.9843" type="0" den="0" frc="0.4" rst="0" sens="true" geom="2" z="189" dx="0.5" dy="0">
    <p0>
      <v0 x="-5.5" y="0"/>
      <v1 x="0.7" y="-14.8"/>
      <v2 x="5.5" y="0"/>
    </p0>
  </thorn17>
  <thorn18 x="2188.1" y="-51.2" rot="89.9843" type="0" den="0" frc="0.4" rst="0" sens="true" geom="2" z="190" dx="0.5" dy="0">
    <p0>
      <v0 x="-5.5" y="0"/>
      <v1 x="0.7" y="-14.8"/>
      <v2 x="5.5" y="0"/>
    </p0>
  </thorn18>
  <thorn19 x="2188.15" y="-39.7" rot="89.9843" type="0" den="0" frc="0.4" rst="0" sens="true" geom="2" z="191" dx="0.5" dy="0">
    <p0>
      <v0 x="-5.5" y="0"/>
      <v1 x="0.7" y="-14.8"/>
      <v2 x="5.5" y="0"/>
    </p0>
  </thorn19>
  <thorn20 x="2188.15" y="-73.1" rot="89.9843" type="0" den="0" frc="0.4" rst="0" sens="true" geom="2" z="192" dx="0.5" dy="0">
    <p0>
      <v0 x="-5.5" y="0"/>
      <v1 x="0.7" y="-14.8"/>
      <v2 x="5.5" y="0"/>
    </p0>
  </thorn20>
  <thorn21 x="2188.1" y="-106.45" rot="89.9843" type="0" den="0" frc="0.4" rst="0" sens="true" geom="2" z="193" dx="0.5" dy="0">
    <p0>
      <v0 x="-5.5" y="0"/>
      <v1 x="0.7" y="-14.8"/>
      <v2 x="5.5" y="0"/>
    </p0>
  </thorn21>
  <thorn22 x="2188.1" y="-95.7" rot="89.9843" type="0" den="0" frc="0.4" rst="0" sens="true" geom="2" z="194" dx="0.5" dy="0">
    <p0>
      <v0 x="-5.5" y="0"/>
      <v1 x="0.7" y="-14.8"/>
      <v2 x="5.5" y="0"/>
    </p0>
  </thorn22>
  <thorn23 x="2188.15" y="-84.2" rot="89.9843" type="0" den="0" frc="0.4" rst="0" sens="true" geom="2" z="195" dx="0.5" dy="0">
    <p0>
      <v0 x="-5.5" y="0"/>
      <v1 x="0.7" y="-14.8"/>
      <v2 x="5.5" y="0"/>
    </p0>
  </thorn23>
  <thorn24 x="2188.1" y="-138.95" rot="89.9843" type="0" den="0" frc="0.4" rst="0" sens="true" geom="2" z="196" dx="0.5" dy="0">
    <p0>
      <v0 x="-5.5" y="0"/>
      <v1 x="0.7" y="-14.8"/>
      <v2 x="5.5" y="0"/>
    </p0>
  </thorn24>
  <thorn25 x="2188.1" y="-128.2" rot="89.9843" type="0" den="0" frc="0.4" rst="0" sens="true" geom="2" z="197" dx="0.5" dy="0">
    <p0>
      <v0 x="-5.5" y="0"/>
      <v1 x="0.7" y="-14.8"/>
      <v2 x="5.5" y="0"/>
    </p0>
  </thorn25>
  <thorn26 x="2188.15" y="-116.7" rot="89.9843" type="0" den="0" frc="0.4" rst="0" sens="true" geom="2" z="198" dx="0.5" dy="0">
    <p0>
      <v0 x="-5.5" y="0"/>
      <v1 x="0.7" y="-14.8"/>
      <v2 x="5.5" y="0"/>
    </p0>
  </thorn26>
  <thorn27 x="2188.15" y="172.4" rot="89.9843" type="0" den="0" frc="0.4" rst="0" sens="true" geom="2" z="199" dx="0.5" dy="0">
    <p0>
      <v0 x="-5.5" y="0"/>
      <v1 x="0.7" y="-14.8"/>
      <v2 x="5.5" y="0"/>
    </p0>
  </thorn27>
  <thorn28 x="2188.15" y="161.3" rot="89.9843" type="0" den="0" frc="0.4" rst="0" sens="true" geom="2" z="200" dx="0.5" dy="0">
    <p0>
      <v0 x="-5.5" y="0"/>
      <v1 x="0.7" y="-14.8"/>
      <v2 x="5.5" y="0"/>
    </p0>
  </thorn28>
  <thorn29 x="2311.25" y="-40.4" rot="-90.0157" type="0" den="0" frc="0.4" rst="0" sens="true" geom="2" z="201" dx="0.5" dy="0">
    <p0>
      <v0 x="-5.5" y="0"/>
      <v1 x="0.7" y="-14.8"/>
      <v2 x="5.5" y="0"/>
    </p0>
  </thorn29>
  <thorn30 x="2311.25" y="-29" rot="-90.0157" type="0" den="0" frc="0.4" rst="0" sens="true" geom="2" z="202" dx="0.5" dy="0">
    <p0>
      <v0 x="-5.5" y="0"/>
      <v1 x="0.7" y="-14.8"/>
      <v2 x="5.5" y="0"/>
    </p0>
  </thorn30>
  <thorn31 x="2311.3" y="4.35" rot="-90.0157" type="0" den="0" frc="0.4" rst="0" sens="true" geom="2" z="203" dx="0.5" dy="0">
    <p0>
      <v0 x="-5.5" y="0"/>
      <v1 x="0.7" y="-14.8"/>
      <v2 x="5.5" y="0"/>
    </p0>
  </thorn31>
  <thorn32 x="2311.3" y="-6.4" rot="-90.0157" type="0" den="0" frc="0.4" rst="0" sens="true" geom="2" z="204" dx="0.5" dy="0">
    <p0>
      <v0 x="-5.5" y="0"/>
      <v1 x="0.7" y="-14.8"/>
      <v2 x="5.5" y="0"/>
    </p0>
  </thorn32>
  <thorn33 x="2311.25" y="-17.9" rot="-90.0157" type="0" den="0" frc="0.4" rst="0" sens="true" geom="2" z="205" dx="0.5" dy="0">
    <p0>
      <v0 x="-5.5" y="0"/>
      <v1 x="0.7" y="-14.8"/>
      <v2 x="5.5" y="0"/>
    </p0>
  </thorn33>
  <thorn34 x="2311.25" y="15.1" rot="-90.0157" type="0" den="0" frc="0.4" rst="0" sens="true" geom="2" z="206" dx="0.5" dy="0">
    <p0>
      <v0 x="-5.5" y="0"/>
      <v1 x="0.7" y="-14.8"/>
      <v2 x="5.5" y="0"/>
    </p0>
  </thorn34>
  <thorn35 x="2311.25" y="26.5" rot="-90.0157" type="0" den="0" frc="0.4" rst="0" sens="true" geom="2" z="207" dx="0.5" dy="0">
    <p0>
      <v0 x="-5.5" y="0"/>
      <v1 x="0.7" y="-14.8"/>
      <v2 x="5.5" y="0"/>
    </p0>
  </thorn35>
  <thorn36 x="2311.3" y="59.85" rot="-90.0157" type="0" den="0" frc="0.4" rst="0" sens="true" geom="2" z="208" dx="0.5" dy="0">
    <p0>
      <v0 x="-5.5" y="0"/>
      <v1 x="0.7" y="-14.8"/>
      <v2 x="5.5" y="0"/>
    </p0>
  </thorn36>
  <thorn37 x="2311.3" y="49.1" rot="-90.0157" type="0" den="0" frc="0.4" rst="0" sens="true" geom="2" z="209" dx="0.5" dy="0">
    <p0>
      <v0 x="-5.5" y="0"/>
      <v1 x="0.7" y="-14.8"/>
      <v2 x="5.5" y="0"/>
    </p0>
  </thorn37>
  <thorn38 x="2311.25" y="37.6" rot="-90.0157" type="0" den="0" frc="0.4" rst="0" sens="true" geom="2" z="210" dx="0.5" dy="0">
    <p0>
      <v0 x="-5.5" y="0"/>
      <v1 x="0.7" y="-14.8"/>
      <v2 x="5.5" y="0"/>
    </p0>
  </thorn38>
  <thorn39 x="2311.25" y="71.1" rot="-90.0157" type="0" den="0" frc="0.4" rst="0" sens="true" geom="2" z="211" dx="0.5" dy="0">
    <p0>
      <v0 x="-5.5" y="0"/>
      <v1 x="0.7" y="-14.8"/>
      <v2 x="5.5" y="0"/>
    </p0>
  </thorn39>
  <thorn40 x="2311.25" y="82.5" rot="-90.0157" type="0" den="0" frc="0.4" rst="0" sens="true" geom="2" z="212" dx="0.5" dy="0">
    <p0>
      <v0 x="-5.5" y="0"/>
      <v1 x="0.7" y="-14.8"/>
      <v2 x="5.5" y="0"/>
    </p0>
  </thorn40>
  <thorn41 x="2311.3" y="115.85" rot="-90.0157" type="0" den="0" frc="0.4" rst="0" sens="true" geom="2" z="213" dx="0.5" dy="0">
    <p0>
      <v0 x="-5.5" y="0"/>
      <v1 x="0.7" y="-14.8"/>
      <v2 x="5.5" y="0"/>
    </p0>
  </thorn41>
  <thorn42 x="2311.3" y="105.1" rot="-90.0157" type="0" den="0" frc="0.4" rst="0" sens="true" geom="2" z="214" dx="0.5" dy="0">
    <p0>
      <v0 x="-5.5" y="0"/>
      <v1 x="0.7" y="-14.8"/>
      <v2 x="5.5" y="0"/>
    </p0>
  </thorn42>
  <thorn43 x="2311.25" y="93.6" rot="-90.0157" type="0" den="0" frc="0.4" rst="0" sens="true" geom="2" z="215" dx="0.5" dy="0">
    <p0>
      <v0 x="-5.5" y="0"/>
      <v1 x="0.7" y="-14.8"/>
      <v2 x="5.5" y="0"/>
    </p0>
  </thorn43>
  <thorn44 x="2311.25" y="126.6" rot="-90.0157" type="0" den="0" frc="0.4" rst="0" sens="true" geom="2" z="216" dx="0.5" dy="0">
    <p0>
      <v0 x="-5.5" y="0"/>
      <v1 x="0.7" y="-14.8"/>
      <v2 x="5.5" y="0"/>
    </p0>
  </thorn44>
  <thorn45 x="2311.25" y="138" rot="-90.0157" type="0" den="0" frc="0.4" rst="0" sens="true" geom="2" z="217" dx="0.5" dy="0">
    <p0>
      <v0 x="-5.5" y="0"/>
      <v1 x="0.7" y="-14.8"/>
      <v2 x="5.5" y="0"/>
    </p0>
  </thorn45>
  <thorn46 x="2311.3" y="171.35" rot="-90.0157" type="0" den="0" frc="0.4" rst="0" sens="true" geom="2" z="218" dx="0.5" dy="0">
    <p0>
      <v0 x="-5.5" y="0"/>
      <v1 x="0.7" y="-14.8"/>
      <v2 x="5.5" y="0"/>
    </p0>
  </thorn46>
  <thorn47 x="2311.3" y="160.6" rot="-90.0157" type="0" den="0" frc="0.4" rst="0" sens="true" geom="2" z="219" dx="0.5" dy="0">
    <p0>
      <v0 x="-5.5" y="0"/>
      <v1 x="0.7" y="-14.8"/>
      <v2 x="5.5" y="0"/>
    </p0>
  </thorn47>
  <thorn48 x="2311.25" y="149.1" rot="-90.0157" type="0" den="0" frc="0.4" rst="0" sens="true" geom="2" z="220" dx="0.5" dy="0">
    <p0>
      <v0 x="-5.5" y="0"/>
      <v1 x="0.7" y="-14.8"/>
      <v2 x="5.5" y="0"/>
    </p0>
  </thorn48>
  <thorn49 x="2311.25" y="-51.9" rot="-90.0157" type="0" den="0" frc="0.4" rst="0" sens="true" geom="2" z="221" dx="0.5" dy="0">
    <p0>
      <v0 x="-5.5" y="0"/>
      <v1 x="0.7" y="-14.8"/>
      <v2 x="5.5" y="0"/>
    </p0>
  </thorn49>
  <thorn50 x="2188.1" y="-150.45" rot="89.9843" type="0" den="0" frc="0.4" rst="0" sens="true" geom="2" z="222" dx="0.5" dy="0">
    <p0>
      <v0 x="-5.5" y="0"/>
      <v1 x="0.7" y="-14.8"/>
      <v2 x="5.5" y="0"/>
    </p0>
  </thorn50>
  <thorn51 x="2188.1" y="-172.2" rot="89.9843" type="0" den="0" frc="0.4" rst="0" sens="true" geom="2" z="223" dx="0.5" dy="0">
    <p0>
      <v0 x="-5.5" y="0"/>
      <v1 x="0.7" y="-14.8"/>
      <v2 x="5.5" y="0"/>
    </p0>
  </thorn51>
  <thorn52 x="2188.15" y="-160.7" rot="89.9843" type="0" den="0" frc="0.4" rst="0" sens="true" geom="2" z="224" dx="0.5" dy="0">
    <p0>
      <v0 x="-5.5" y="0"/>
      <v1 x="0.7" y="-14.8"/>
      <v2 x="5.5" y="0"/>
    </p0>
  </thorn52>
  <thorn53 x="767.7" y="246.4" rot="-21.7536" type="0" den="0" frc="0.4" rst="0" sens="true" geom="2" z="393" dx="0.5" dy="0">
    <p0>
      <v0 x="-5.5" y="0"/>
      <v1 x="0.7" y="-14.8"/>
      <v2 x="5.5" y="0"/>
    </p0>
  </thorn53>
  <thorn54 x="777.7" y="242.4" rot="-21.7536" type="0" den="0" frc="0.4" rst="0" sens="true" geom="2" z="394" dx="0.5" dy="0">
    <p0>
      <v0 x="-5.5" y="0"/>
      <v1 x="0.7" y="-14.8"/>
      <v2 x="5.5" y="0"/>
    </p0>
  </thorn54>
  <thorn55 x="757.65" y="250.35" rot="-21.7536" type="0" den="0" frc="0.4" rst="0" sens="true" geom="2" z="395" dx="0.5" dy="0">
    <p0>
      <v0 x="-5.5" y="0"/>
      <v1 x="0.7" y="-14.8"/>
      <v2 x="5.5" y="0"/>
    </p0>
  </thorn55>
  <thorn56 x="747.15" y="254.6" rot="-21.7536" type="0" den="0" frc="0.4" rst="0" sens="true" geom="2" z="396" dx="0.5" dy="0">
    <p0>
      <v0 x="-5.5" y="0"/>
      <v1 x="0.7" y="-14.8"/>
      <v2 x="5.5" y="0"/>
    </p0>
  </thorn56>
  <thorn57 x="716.15" y="267.05" rot="-21.7536" type="0" den="0" frc="0.4" rst="0" sens="true" geom="2" z="397" dx="0.5" dy="0">
    <p0>
      <v0 x="-5.5" y="0"/>
      <v1 x="0.7" y="-14.8"/>
      <v2 x="5.5" y="0"/>
    </p0>
  </thorn57>
  <thorn58 x="726.05" y="263" rot="-21.7536" type="0" den="0" frc="0.4" rst="0" sens="true" geom="2" z="398" dx="0.5" dy="0">
    <p0>
      <v0 x="-5.5" y="0"/>
      <v1 x="0.7" y="-14.8"/>
      <v2 x="5.5" y="0"/>
    </p0>
  </thorn58>
  <thorn59 x="736.85" y="258.75" rot="-21.7536" type="0" den="0" frc="0.4" rst="0" sens="true" geom="2" z="399" dx="0.5" dy="0">
    <p0>
      <v0 x="-5.5" y="0"/>
      <v1 x="0.7" y="-14.8"/>
      <v2 x="5.5" y="0"/>
    </p0>
  </thorn59>
  <thorn60 x="705.65" y="271.2" rot="-21.7536" type="0" den="0" frc="0.4" rst="0" sens="true" geom="2" z="400" dx="0.5" dy="0">
    <p0>
      <v0 x="-5.5" y="0"/>
      <v1 x="0.7" y="-14.8"/>
      <v2 x="5.5" y="0"/>
    </p0>
  </thorn60>
  <thorn61 x="695.1" y="275.4" rot="-21.7536" type="0" den="0" frc="0.4" rst="0" sens="true" geom="2" z="401" dx="0.5" dy="0">
    <p0>
      <v0 x="-5.5" y="0"/>
      <v1 x="0.7" y="-14.8"/>
      <v2 x="5.5" y="0"/>
    </p0>
  </thorn61>
  <thorn62 x="664.1" y="287.7" rot="-21.7536" type="0" den="0" frc="0.4" rst="0" sens="true" geom="2" z="402" dx="0.5" dy="0">
    <p0>
      <v0 x="-5.5" y="0"/>
      <v1 x="0.7" y="-14.8"/>
      <v2 x="5.5" y="0"/>
    </p0>
  </thorn62>
  <thorn63 x="674.05" y="283.7" rot="-21.7536" type="0" den="0" frc="0.4" rst="0" sens="true" geom="2" z="403" dx="0.5" dy="0">
    <p0>
      <v0 x="-5.5" y="0"/>
      <v1 x="0.7" y="-14.8"/>
      <v2 x="5.5" y="0"/>
    </p0>
  </thorn63>
  <thorn64 x="684.85" y="279.45" rot="-21.7536" type="0" den="0" frc="0.4" rst="0" sens="true" geom="2" z="404" dx="0.5" dy="0">
    <p0>
      <v0 x="-5.5" y="0"/>
      <v1 x="0.7" y="-14.8"/>
      <v2 x="5.5" y="0"/>
    </p0>
  </thorn64>
  <thorn65 x="654.2" y="291.7" rot="-21.7536" type="0" den="0" frc="0.4" rst="0" sens="true" geom="2" z="405" dx="0.5" dy="0">
    <p0>
      <v0 x="-5.5" y="0"/>
      <v1 x="0.7" y="-14.8"/>
      <v2 x="5.5" y="0"/>
    </p0>
  </thorn65>
  <thorn66 x="643.55" y="295.95" rot="-21.7536" type="0" den="0" frc="0.4" rst="0" sens="true" geom="2" z="406" dx="0.5" dy="0">
    <p0>
      <v0 x="-5.5" y="0"/>
      <v1 x="0.7" y="-14.8"/>
      <v2 x="5.5" y="0"/>
    </p0>
  </thorn66>
  <thorn67 x="633.25" y="300.05" rot="-21.7536" type="0" den="0" frc="0.4" rst="0" sens="true" geom="2" z="407" dx="0.5" dy="0">
    <p0>
      <v0 x="-5.5" y="0"/>
      <v1 x="0.7" y="-14.8"/>
      <v2 x="5.5" y="0"/>
    </p0>
  </thorn67>
  <decor_1 x="1032.05" y="207.35" rot="0" z="31" dx="0.5" dy="0.499" sx="1.2767" sy="1.2767" image="backStones"/>
  <decor_2 x="448.15" y="269.4" rot="0" z="32" dx="0.5" dy="0.499" sx="1.2767" sy="1.2767" image="backStones"/>
  <decor_3 x="1277.95" y="296.85" rot="0" z="33" dx="0.5" dy="0.499" sx="1.2767" sy="1.2767" image="backStones"/>
  <decor_4 x="848.5" y="217.55" rot="0" z="34" dx="0.5" dy="0.499" sx="0.8943" sy="0.8943" image="backStones"/>
  <decor_5 x="1109.55" y="220.3" rot="0" z="35" dx="0.5" dy="0.4988" sx="0.7501" sy="0.7501" image="backStones"/>
  <decor_6 x="1492.6" y="306.65" rot="0" z="36" dx="0.5" dy="0.4991" sx="0.9973" sy="0.9973" image="backStones"/>
  <decor_7 x="502.5" y="269.35" rot="0" z="37" dx="0.5" dy="0.499" sx="0.8943" sy="0.8943" image="backStones"/>
  <decor_8 x="593.3" y="275.5" rot="0" z="38" dx="0.5" dy="0.499" sx="0.8943" sy="0.8943" image="backStones"/>
  <decor_9 x="2172.15" y="251.25" rot="0" z="39" dx="0.5" dy="0.499" sx="0.8272" sy="0.8272" image="backStones"/>
  <decor_10 x="2435.75" y="249.5" rot="0" z="40" dx="0.5" dy="0.4986" sx="0.636" sy="0.636" image="backStones"/>
  <decor_11 x="1676.15" y="306.95" rot="0" z="41" dx="0.5" dy="0.4991" sx="0.9973" sy="0.9973" image="backStones"/>
  <decor_12 x="2357.85" y="247.3" rot="0" z="42" dx="0.5" dy="0.4986" sx="0.636" sy="0.636" image="backStones"/>
  <decor_13 x="1553.15" y="306.6" rot="0" z="43" dx="0.5" dy="0.499" sx="0.8791" sy="0.8791" image="backStones"/>
  <decor_14 x="798.4" y="183.35" rot="0" z="44" dx="0.5" dy="0.5" sx="1" sy="0.5753" image="backWood"/>
  <decor_15 x="1965.85" y="345.1" rot="134.9996" z="45" dx="0.5" dy="0.5" sx="1" sy="0.6958" image="backWood"/>
  <decor_16 x="1967.85" y="348.4" rot="44.9996" z="46" dx="0.5" dy="0.5" sx="1" sy="0.6958" image="backWood"/>
  <decor_17 x="1963.7" y="286.15" rot="90" z="47" dx="0.5" dy="0.5" sx="1" sy="0.5465" image="backWood"/>
  <decor_18 x="1967" y="403.4" rot="90" z="48" dx="0.5" dy="0.5" sx="1" sy="0.5465" image="backWood"/>
  <decor_19 x="1001.7" y="109.15" rot="90" z="49" dx="0.5" dy="0.5" sx="1" sy="0.5477" image="backWood"/>
  <decor_20 x="1000.75" y="-8.1" rot="90" z="50" dx="0.5" dy="0.5" sx="1" sy="0.5645" image="backWood"/>
  <decor_21 x="1000.75" y="-134.1" rot="90" z="51" dx="0.5" dy="0.5" sx="1" sy="0.5645" image="backWood"/>
  <decor_22 x="1003.3" y="45" rot="135.9187" z="52" dx="0.5" dy="0.5" sx="1" sy="0.6722" image="backWood"/>
  <decor_23 x="1003.3" y="-76.5" rot="135.9187" z="53" dx="0.5" dy="0.5" sx="1" sy="0.6722" image="backWood"/>
  <decor_24 x="1003.3" y="-76.5" rot="45.9187" z="54" dx="0.5" dy="0.5" sx="1" sy="0.6722" image="backWood"/>
  <decor_25 x="1001.45" y="-205.4" rot="135.9187" z="55" dx="0.5" dy="0.5" sx="1" sy="0.6722" image="backWood"/>
  <decor_26 x="1005.65" y="-200.25" rot="45.9187" z="56" dx="0.5" dy="0.5" sx="1" sy="0.6722" image="backWood"/>
  <decor_27 x="1003.75" y="46.3" rot="45.9187" z="57" dx="0.5" dy="0.5" sx="1" sy="0.6722" image="backWood"/>
  <decor_28 x="634.85" y="211.2" rot="0" z="58" dx="0.5" dy="0.5" sx="1" sy="0.8143" image="backWood"/>
  <decor_29 x="376" y="214.6" rot="0" z="59" dx="0.5" dy="0.5" sx="1" sy="0.8143" image="backWood"/>
  <decor_30 x="949.2" y="182.85" rot="0" z="60" dx="0.5" dy="0.5" sx="1" sy="0.5753" image="backWood"/>
  <decor_31 x="1065.2" y="182.85" rot="0" z="61" dx="0.5" dy="0.5" sx="1" sy="0.5753" image="backWood"/>
  <decor_32 x="1317.85" y="228.2" rot="0" z="62" dx="0.5" dy="0.5" sx="1" sy="0.981" image="backWood"/>
  <decor_33 x="1607.85" y="228.2" rot="0" z="63" dx="0.5" dy="0.5" sx="1" sy="0.981" image="backWood"/>
  <decor_34 x="1756.35" y="166.15" rot="0" z="64" dx="0.5" dy="0.5" sx="1" sy="0.4495" image="backWood"/>
  <decor_35 x="1907.35" y="166.15" rot="0" z="65" dx="0.5" dy="0.5" sx="1" sy="0.4495" image="backWood"/>
  <decor_36 x="2026.5" y="227.2" rot="0" z="66" dx="0.5" dy="0.5" sx="1" sy="0.4495" image="backWood"/>
  <decor_37 x="2253.75" y="222.65" rot="-57.2822" z="67" dx="0.5" dy="0.5" sx="1" sy="0.7183" image="backWood"/>
  <decor_38 x="2177.5" y="227.2" rot="0" z="68" dx="0.5" dy="0.5" sx="1" sy="0.4495" image="backWood"/>
  <decor_39 x="2326" y="227.2" rot="0" z="69" dx="0.5" dy="0.5" sx="1" sy="0.4495" image="backWood"/>
  <decor_40 x="2454.3" y="214.65" rot="-125.7579" z="70" dx="0.5" dy="0.5" sx="0.9999" sy="0.7183" image="backWood"/>
  <decor_41 x="2388" y="227.2" rot="0" z="71" dx="0.5" dy="0.5" sx="1" sy="0.4495" image="backWood"/>
  <decor_42 x="2251.45" y="164.15" rot="-90" z="72" dx="0.5" dy="0.5" sx="1" sy="0.5916" image="backWood"/>
  <decor_43 x="2325.5" y="-116.05" rot="0" z="73" dx="0.5" dy="0.5" sx="1" sy="0.5709" image="backWood"/>
  <decor_44 x="2387.5" y="-116.05" rot="0" z="74" dx="0.5" dy="0.5" sx="1" sy="0.5709" image="backWood"/>
  <decor_45 x="2251.45" y="-46.85" rot="-90" z="75" dx="0.5" dy="0.5" sx="1" sy="0.5916" image="backWood"/>
  <decor_46 x="2461.35" y="164.15" rot="-90" z="76" dx="0.5" dy="0.5" sx="1" sy="0.5655" image="backWood"/>
  <decor_47 x="2461.35" y="-46.85" rot="-90" z="77" dx="0.5" dy="0.5" sx="1" sy="0.5655" image="backWood"/>
  <decor_48 x="2248.75" y="51.25" rot="-148.7987" z="78" dx="0.5" dy="0.5" sx="0.9999" sy="1.0393" image="backWood"/>
  <decor_49 x="2466.45" y="57.85" rot="-29.5262" z="79" dx="0.5" dy="0.5" sx="0.9999" sy="1.0196" image="backWood"/>
  <decor_50 x="2256.45" y="-118.3" rot="-46.5368" z="80" dx="0.5" dy="0.5" sx="0.9999" sy="0.7804" image="backWood"/>
  <decor_51 x="2461.65" y="-120.55" rot="-133.2436" z="81" dx="0.5" dy="0.5" sx="0.9999" sy="0.7854" image="backWood"/>
  <decor_52 x="2251.5" y="-113.95" rot="43.4637" z="82" dx="0.5" dy="0.5" sx="0.9999" sy="0.7804" image="backWood"/>
  <decor_53 x="2461.8" y="-121.1" rot="-43.2441" z="83" dx="0.5" dy="0.5" sx="0.9999" sy="0.7854" image="backWood"/>
  <decor_54 x="711.35" y="209.2" rot="39.97" z="84" dx="0.5" dy="0.5" sx="1" sy="1.0281" image="backWood"/>
  <decor_55 x="708.9" y="184.9" rot="129.7779" z="85" dx="0.5" dy="0.5" sx="0.9999" sy="0.8695" image="backWood"/>
  <decor_56 x="2318.05" y="-179.7" rot="0" z="86" dx="0.5" dy="0.9569" sx="1" sy="1" image="bat_0004"/>
  <decor_57 x="1001.2" y="235" rot="0" z="87" dx="0.6288" dy="0.003" sx="1" sy="1" image="dangerPlate"/>
  <decor_58 x="2094.3" y="213.45" rot="0" z="88" dx="0.5036" dy="0.0217" sx="1" sy="1" image="chainB"/>
  <decor_59 x="2162.9" y="172.1" rot="0" z="89" dx="0.5054" dy="0.8987" sx="1" sy="1" image="chainA"/>
  <decor_60 x="2501.95" y="-155.15" rot="0" z="90" dx="0.7338" dy="0.4919" sx="1" sy="1" image="spiderNetA"/>
  <decor_61 x="1993.55" y="142.45" rot="0" z="91" dx="0.7338" dy="0.4919" sx="1" sy="1" image="spiderNetA"/>
  <decor_62 x="2337.2" y="165.9" rot="0" z="92" dx="0.5054" dy="0.8987" sx="1" sy="1" image="chainA"/>
  <decor_63 x="1125.6" y="119.5" rot="0" z="93" dx="0.5" dy="0.9569" sx="1" sy="1" image="bat_0004"/>
  <decor_64 x="2321.8" y="172.5" rot="0" z="94" dx="0.5054" dy="0.8987" sx="1" sy="1" image="chainA"/>
  <decor_65 x="408.1" y="113.85" rot="0" z="97" dx="0.4907" dy="0.8132" sx="1" sy="1" image="lamp"/>
  <decor_66 x="1429.35" y="117.3" rot="0" z="98" dx="0.4907" dy="0.8132" sx="1" sy="1" image="lamp"/>
  <decor_67 x="1006.45" y="-92.25" rot="0" z="99" dx="0.5009" dy="0.5" sx="4.302" sy="4.1436" image="backShadow"/>
  <decor_68 x="1968.9" y="344.6" rot="180" z="100" dx="0.5009" dy="0.5" sx="4.4175" sy="1.6935" image="backShadow"/>
  <decor_69 x="688.95" y="282.5" rot="-21.8975" z="101" dx="0.5" dy="0.5" sx="1.0411" sy="1" image="groundLong"/>
  <decor_70 x="601.9" y="304.9" rot="0" z="102" dx="0.5" dy="0.5" sx="1.0031" sy="1" image="groundShort"/>
  <decor_71 x="531.9" y="304.9" rot="0" z="103" dx="0.5" dy="0.5" sx="1.0031" sy="1" image="groundLong"/>
  <decor_72 x="306.35" y="279.7" rot="25.3238" z="104" dx="0.5" dy="0.5" sx="0.7026" sy="1" image="groundShort"/>
  <decor_73 x="286.3" y="182.65" rot="-90" z="105" dx="0.5009" dy="0.4994" sx="1.1752" sy="1" image="woodStandart"/>
  <decor_74 x="2531.95" y="39.2" rot="90" z="106" dx="0.5009" dy="0.4994" sx="1.1816" sy="1" image="woodStandart"/>
  <decor_75 x="2481.9" y="274.9" rot="0" z="107" dx="0.5" dy="0.5" sx="0.9328" sy="1" image="groundLong"/>
  <decor_76 x="2532.35" y="197.5" rot="90" z="108" dx="0.5009" dy="0.4994" sx="1.0311" sy="1" image="woodStandart"/>
  <decor_77 x="1959.05" y="425.15" rot="0" z="109" dx="0.5" dy="0.5" sx="1" sy="1" image="groundLong"/>
  <decor_78 x="2022.2" y="348.85" rot="90" z="110" dx="0.5009" dy="0.4994" sx="1.0627" sy="1" image="woodStandart"/>
  <decor_79 x="2022.2" y="348.85" rot="90" z="111" dx="0.5002" dy="0.5" sx="1.0627" sy="1" image="woodShadow"/>
  <decor_80 x="1907.3" y="347.35" rot="-90" z="113" dx="0.5009" dy="0.4994" sx="1.0627" sy="1" image="woodStandart"/>
  <decor_81 x="1907.1" y="283.25" rot="-90" z="114" dx="0.5009" dy="0.4994" sx="1" sy="1" image="woodStandart"/>
  <decor_82 x="969.05" y="244.55" rot="0" z="115" dx="0.5" dy="0.5" sx="1.0531" sy="1" image="groundLong"/>
  <decor_83 x="1089.95" y="244.55" rot="0" z="116" dx="0.5" dy="0.5" sx="1.0531" sy="1" image="groundLong"/>
  <decor_84 x="1510" y="334.05" rot="0" z="117" dx="0.5" dy="0.5" sx="1.0537" sy="1" image="groundLong"/>
  <decor_85 x="1245.9" y="334.05" rot="0" z="118" dx="0.5" dy="0.5" sx="1" sy="1" image="groundLong"/>
  <decor_86 x="1378.6" y="334.05" rot="0" z="119" dx="0.5" dy="0.5" sx="1.2556" sy="1" image="groundLong"/>
  <decor_87 x="1187.35" y="284.45" rot="-90" z="120" dx="0.501" dy="0.4994" sx="0.6179" sy="1" image="woodStandart"/>
  <decor_88 x="1187.35" y="284.45" rot="-90" z="121" dx="0.5003" dy="0.5" sx="0.6179" sy="1" image="woodShadow"/>
  <decor_89 x="1723.9" y="333.95" rot="0" z="122" dx="0.5" dy="0.5" sx="1.0382" sy="1" image="groundShort"/>
  <decor_90 x="1633.15" y="334.05" rot="0" z="123" dx="0.5" dy="0.5" sx="1.0382" sy="1" image="groundLong"/>
  <decor_91 x="2069.95" y="274.8" rot="0" z="124" dx="0.5" dy="0.5" sx="1.0382" sy="1" image="groundLeft"/>
  <decor_92 x="2176.9" y="-128.1" rot="-90" z="125" dx="0.5009" dy="0.4994" sx="1.0311" sy="1" image="woodStandart"/>
  <decor_93 x="2177.3" y="92.2" rot="-90" z="126" dx="0.5009" dy="0.4994" sx="1.1816" sy="1" image="woodStandart"/>
  <decor_94 x="2177.3" y="0.2" rot="-90" z="127" dx="0.5009" dy="0.4994" sx="1.1816" sy="1" image="woodStandart"/>
  <decor_95 x="2246.5" y="274.9" rot="0" z="128" dx="0.5" dy="0.5" sx="1.0382" sy="1" image="groundLong"/>
  <decor_96 x="2368" y="274.9" rot="0" z="129" dx="0.5" dy="0.5" sx="1.0382" sy="1" image="groundLong"/>
  <decor_97 x="2531.95" y="-114" rot="90" z="130" dx="0.5009" dy="0.4994" sx="1.1816" sy="1" image="woodStandart"/>
  <decor_98 x="2242.6" y="-192.6" rot="0" z="131" dx="0.5009" dy="0.4994" sx="1.0455" sy="1" image="woodStandart"/>
  <decor_99 x="2355.95" y="-192.6" rot="0" z="132" dx="0.5009" dy="0.4994" sx="1.0455" sy="1" image="woodStandart"/>
  <decor_100 x="2471.85" y="-192.6" rot="0" z="133" dx="0.5009" dy="0.4994" sx="0.9685" sy="1" image="woodStandart"/>
  <decor_101 x="2354.2" y="-192.6" rot="0" z="134" dx="0.5002" dy="0.5" sx="2.5392" sy="1" image="woodShadow"/>
  <decor_102 x="947.25" y="-186.25" rot="-90" z="135" dx="0.5009" dy="0.4994" sx="1.4538" sy="1" image="woodStandart"/>
  <decor_103 x="947.25" y="19.7" rot="-90" z="136" dx="0.5009" dy="0.4994" sx="1.3407" sy="1" image="woodStandart"/>
  <decor_104 x="696.2" y="107.35" rot="0" z="137" dx="0.5008" dy="0.4994" sx="1.116" sy="1" image="woodStandart"/>
  <decor_105 x="1062.4" y="13.95" rot="90" z="138" dx="0.501" dy="0.4994" sx="1.4138" sy="1" image="woodStandart"/>
  <decor_106 x="1062.4" y="-188.1" rot="90" z="139" dx="0.5009" dy="0.4994" sx="1.3127" sy="1" image="woodStandart"/>
  <decor_107 x="1004.9" y="-282.2" rot="0" z="140" dx="0.501" dy="0.4994" sx="0.9415" sy="1" image="woodStandart"/>
  <decor_108 x="1155.15" y="107.3" rot="0" z="141" dx="0.501" dy="0.4994" sx="1.4095" sy="1" image="woodStandart"/>
  <decor_109 x="527.65" y="107.35" rot="0" z="142" dx="0.5009" dy="0.4994" sx="1.2291" sy="1" image="woodStandart"/>
  <decor_110 x="357.9" y="107.35" rot="0" z="143" dx="0.5008" dy="0.4994" sx="1.116" sy="1" image="woodStandart"/>
  <decor_111 x="414.45" y="304.9" rot="0" z="144" dx="0.5" dy="0.5" sx="1.0031" sy="1" image="groundLong"/>
  <decor_112 x="331.25" y="291.5" rot="25.3245" z="145" dx="0.5" dy="0.5" sx="1" sy="1" image="groundShort"/>
  <decor_113 x="760.7" y="253.75" rot="-21.8975" z="146" dx="0.5" dy="0.5" sx="1.0411" sy="1" image="groundShort"/>
  <decor_114 x="845.1" y="244.55" rot="0" z="147" dx="0.5" dy="0.5" sx="1.0531" sy="1" image="groundLong"/>
  <decor_115 x="867.95" y="107.35" rot="0" z="148" dx="0.5009" dy="0.4994" sx="1.2291" sy="1" image="woodStandart"/>
  <decor_116 x="1142.25" y="244.15" rot="-10.7108" z="149" dx="0.5" dy="0.5" sx="1.0531" sy="1" image="groundRight"/>
  <decor_117 x="1363.15" y="107.3" rot="0" z="150" dx="0.501" dy="0.4994" sx="1.4095" sy="1" image="woodStandart"/>
  <decor_118 x="1567.15" y="107.3" rot="0" z="151" dx="0.501" dy="0.4994" sx="1.4095" sy="1" image="woodStandart"/>
  <decor_119 x="2023" y="137.7" rot="90" z="152" dx="0.5008" dy="0.4994" sx="0.5727" sy="1" image="woodStandart"/>
  <decor_120 x="1930.25" y="107.3" rot="0" z="153" dx="0.501" dy="0.4994" sx="1.4095" sy="1" image="woodStandart"/>
  <decor_121 x="2099.8" y="167.65" rot="0" z="154" dx="0.5009" dy="0.4994" sx="1.1971" sy="1" image="woodStandart"/>
  <decor_122 x="2126.5" y="274.9" rot="0" z="155" dx="0.5" dy="0.5" sx="1.0382" sy="1" image="groundLong"/>
  <decor_123 x="1752.65" y="270.1" rot="90" z="156" dx="0.5009" dy="0.4994" sx="0.8146" sy="1" image="woodStandart"/>
  <decor_124 x="1907.3" y="321.2" rot="-90" z="157" dx="0.5002" dy="0.5" sx="1.4114" sy="1" image="woodShadow"/>
  <decor_125 x="1829.35" y="215.1" rot="0" z="158" dx="0.5" dy="0.5" sx="1.2447" sy="1" image="groundShort"/>
  <decor_126 x="1752.65" y="270.1" rot="90" z="159" dx="0.5002" dy="0.5" sx="0.8146" sy="1" image="woodShadow"/>
  <decor_127 x="1796.5" y="215.1" rot="0" z="160" dx="0.5" dy="0.5" sx="1" sy="1" image="groundLeft"/>
  <decor_128 x="1860.5" y="215" rot="0" z="161" dx="0.5" dy="0.5" sx="1.0382" sy="1" image="groundRight"/>
  <decor_129 x="2387.3" y="107.75" rot="-90" z="162" dx="0.5008" dy="0.4994" sx="0.9739" sy="1" image="woodStandart"/>
  <decor_130 x="2321.8" y="108.1" rot="90" z="163" dx="0.501" dy="0.4994" sx="0.967" sy="1" image="woodStandart"/>
  <decor_131 x="2354.65" y="167.65" rot="0" z="164" dx="0.501" dy="0.4994" sx="0.6" sy="1" image="woodStandart"/>
  <decor_132 x="2387.3" y="11.75" rot="-90" z="165" dx="0.5008" dy="0.4994" sx="0.9739" sy="1" image="woodStandart"/>
  <decor_133 x="2321.8" y="12.1" rot="90" z="166" dx="0.501" dy="0.4994" sx="0.967" sy="1" image="woodStandart"/>
  <decor_134 x="2387.3" y="53.55" rot="-90" z="167" dx="0.5001" dy="0.5" sx="1.4033" sy="1" image="woodShadow"/>
  <decor_135 x="2321.8" y="53.55" rot="90" z="168" dx="0.5001" dy="0.5" sx="1.4014" sy="1" image="woodShadow"/>
  <decor_136 x="2531.95" y="36.15" rot="90" z="169" dx="0.5002" dy="0.5" sx="3.1847" sy="1" image="woodShadow"/>
  <decor_137 x="1745.15" y="107.3" rot="0" z="171" dx="0.501" dy="0.4994" sx="1.4095" sy="1" image="woodStandart"/>
  <decor_138 x="286.3" y="182.65" rot="-90" z="225" dx="0.5001" dy="0.5" sx="1.1752" sy="1" image="woodShadow"/>
  <decor_139 x="2176.9" y="-22.05" rot="-90" z="226" dx="0.5001" dy="0.5" sx="2.4454" sy="1" image="woodShadow"/>
  <decor_140 x="2242.6" y="-192.6" rot="0" z="227" dx="0.5002" dy="0.5" sx="1.0455" sy="1" image="woodShadow"/>
  <decor_141 x="2355.95" y="-192.6" rot="0" z="228" dx="0.5002" dy="0.5" sx="1.0455" sy="1" image="woodShadow"/>
  <decor_142 x="2471.85" y="-192.6" rot="0" z="229" dx="0.5002" dy="0.5" sx="0.9685" sy="1" image="woodShadow"/>
  <decor_143 x="2354.2" y="-192.6" rot="0" z="230" dx="0.5002" dy="0.5" sx="2.5392" sy="1" image="woodShadow"/>
  <decor_144 x="947.25" y="-87.6" rot="-90" z="231" dx="0.5002" dy="0.5" sx="2.7708" sy="1" image="woodShadow"/>
  <decor_145 x="1062.4" y="-96.15" rot="90" z="232" dx="0.5002" dy="0.5" sx="2.641" sy="1" image="woodShadow"/>
  <decor_146 x="1004.9" y="-282.2" rot="0" z="233" dx="0.5002" dy="0.5" sx="0.9415" sy="1" image="woodShadow"/>
  <decor_147 x="616" y="107.35" rot="0" z="234" dx="0.5002" dy="0.5" sx="4.5876" sy="1" image="woodShadow"/>
  <decor_148 x="2023" y="137.7" rot="90" z="235" dx="0.5003" dy="0.5" sx="0.5727" sy="1" image="woodShadow"/>
  <decor_149 x="1553.3" y="107.3" rot="0" z="236" dx="0.5002" dy="0.5" sx="6.4404" sy="1" image="woodShadow"/>
  <decor_150 x="2099.8" y="167.65" rot="0" z="237" dx="0.5003" dy="0.5" sx="1.1971" sy="1" image="woodShadow"/>
  <decor_151 x="2354.65" y="167.65" rot="0" z="238" dx="0.5003" dy="0.5" sx="0.6" sy="1" image="woodShadow"/>
  <decor_152 x="932.3" y="120.55" rot="-90" z="239" dx="0.0239" dy="0.9761" sx="1" sy="1" image="steelOver"/>
  <decor_153 x="2308.5" y="152.2" rot="0" z="240" dx="0.0239" dy="0.9761" sx="1" sy="1" image="steelOver"/>
  <decor_154 x="2162.55" y="180.15" rot="-90" z="241" dx="0.0239" dy="0.9761" sx="1" sy="1" image="steelOver"/>
  <decor_155 x="2009.9" y="152.25" rot="0" z="242" dx="0.0239" dy="0.9761" sx="1" sy="1" image="steelOver"/>
  <decor_156 x="2373.4" y="180.1" rot="-90" z="243" dx="0.0239" dy="0.9761" sx="1" sy="1" image="steelOver"/>
  <decor_157 x="1049.65" y="92.7" rot="0" z="244" dx="0.0239" dy="0.9761" sx="1" sy="1" image="steelOver"/>
  <decor_158 x="1906.65" y="427.1" rot="0" z="245" dx="0.5" dy="0.5" sx="1" sy="1" image="stonesOver"/>
  <decor_159 x="1186.65" y="330.85" rot="0" z="246" dx="0.5" dy="0.5" sx="1" sy="1" image="stonesOver"/>
  <decor_160 x="279.15" y="271.3" rot="0" z="247" dx="0.5" dy="0.5" sx="1" sy="1" image="stonesOver"/>
  <decor_161 x="2535.4" y="271.55" rot="0" z="248" dx="0.5" dy="0.5" sx="1" sy="1" image="stonesOver2"/>
  <decor_162 x="1751.65" y="336.45" rot="0" z="249" dx="0.5" dy="0.5" sx="1" sy="1" image="stonesOver2"/>
  <decor_163 x="2026.75" y="427.1" rot="180" z="250" dx="0.5" dy="0.5" sx="1" sy="1" image="stonesOver"/>
  <decor_164 x="245.3" y="97.9" rot="0" z="251" dx="0.5007" dy="0.4993" sx="1" sy="1" image="darkStoneA"/>
  <decor_165 x="308.6" y="70.75" rot="0" z="252" dx="0.5009" dy="0.4994" sx="1" sy="1" image="darkStoneB"/>
  <decor_166 x="894" y="68.65" rot="0" z="253" dx="0.5003" dy="0.5" sx="1" sy="1" image="darkStoneC"/>
  <decor_167 x="245.55" y="243.05" rot="0" z="254" dx="0.501" dy="0.5" sx="1" sy="1" image="darkStoneD"/>
  <decor_168 x="388.1" y="79" rot="0" z="255" dx="0.5018" dy="0.4978" sx="1" sy="1" image="darkStoneE"/>
  <decor_169 x="1125.85" y="16.05" rot="0" z="256" dx="0.5003" dy="0.5" sx="1" sy="1" image="darkStoneC"/>
  <decor_170 x="1106.85" y="70.75" rot="0" z="257" dx="0.5009" dy="0.4994" sx="1" sy="1" image="darkStoneB"/>
  <decor_171 x="1125.85" y="313.75" rot="0" z="258" dx="0.5003" dy="0.5" sx="1" sy="1" image="darkStoneC"/>
  <decor_172 x="802.8" y="313.75" rot="0" z="259" dx="0.5003" dy="0.5" sx="1" sy="1" image="darkStoneC"/>
  <decor_173 x="884.95" y="294.35" rot="0" z="260" dx="0.5009" dy="0.4994" sx="1" sy="1" image="darkStoneB"/>
  <decor_174 x="1009.1" y="316.85" rot="0" z="261" dx="0.5007" dy="0.4993" sx="1" sy="1" image="darkStoneA"/>
  <decor_175 x="1044.6" y="292.6" rot="0" z="262" dx="0.501" dy="0.5" sx="1" sy="1" image="darkStoneD"/>
  <decor_176 x="273.1" y="305.6" rot="0" z="263" dx="0.5018" dy="0.4978" sx="1" sy="1" image="darkStoneE"/>
  <decor_177 x="331.35" y="340.45" rot="0" z="264" dx="0.5007" dy="0.4993" sx="1" sy="1" image="darkStoneA"/>
  <decor_178 x="737.35" y="76.55" rot="0" z="265" dx="0.5007" dy="0.4993" sx="1" sy="1" image="darkStoneA"/>
  <decor_179 x="477.7" y="81.25" rot="0" z="266" dx="0.501" dy="0.5" sx="1" sy="1" image="darkStoneD"/>
  <decor_180 x="786.8" y="65.65" rot="0" z="267" dx="0.5018" dy="0.4978" sx="1" sy="1" image="darkStoneE"/>
  <decor_181 x="833.5" y="82.25" rot="0" z="268" dx="0.5018" dy="0.4978" sx="1" sy="1" image="darkStoneE"/>
  <decor_182 x="575.4" y="82.25" rot="0" z="269" dx="0.5018" dy="0.4978" sx="1" sy="1" image="darkStoneE"/>
  <decor_183 x="644.35" y="67.85" rot="0" z="270" dx="0.5018" dy="0.4978" sx="1" sy="1" image="darkStoneE"/>
  <decor_184 x="234.7" y="214.6" rot="0" z="271" dx="0.5018" dy="0.4978" sx="1" sy="1" image="darkStoneE"/>
  <decor_185 x="259.25" y="133.35" rot="0" z="272" dx="0.5018" dy="0.4978" sx="1" sy="1" image="darkStoneE"/>
  <decor_186 x="614.5" y="364.65" rot="0" z="273" dx="0.5007" dy="0.4993" sx="1" sy="1" image="darkStoneA"/>
  <decor_187 x="477.85" y="346.85" rot="0" z="274" dx="0.5018" dy="0.4978" sx="1" sy="1" image="darkStoneE"/>
  <decor_188 x="407.3" y="353.7" rot="0" z="275" dx="0.501" dy="0.5" sx="1" sy="1" image="darkStoneD"/>
  <decor_189 x="1813.2" y="290.1" rot="0" z="276" dx="0.5003" dy="0.5" sx="1" sy="1" image="darkStoneC"/>
  <decor_190 x="1184.25" y="395.1" rot="0" z="277" dx="0.5003" dy="0.5" sx="1" sy="1" image="darkStoneC"/>
  <decor_191 x="1853.15" y="351.2" rot="0" z="278" dx="0.5009" dy="0.4994" sx="1" sy="1" image="darkStoneB"/>
  <decor_192 x="1745.15" y="384.7" rot="0" z="279" dx="0.5003" dy="0.5" sx="1" sy="1" image="darkStoneC"/>
  <decor_193 x="1256.45" y="387.05" rot="0" z="280" dx="0.5007" dy="0.4993" sx="1" sy="1" image="darkStoneA"/>
  <decor_194 x="1580.15" y="377.9" rot="0" z="281" dx="0.501" dy="0.5" sx="1" sy="1" image="darkStoneD"/>
  <decor_195 x="1362.3" y="375.95" rot="0" z="282" dx="0.5018" dy="0.4978" sx="1" sy="1" image="darkStoneE"/>
  <decor_196 x="1447.8" y="391.35" rot="0" z="283" dx="0.5003" dy="0.5" sx="1" sy="1" image="darkStoneC"/>
  <decor_197 x="1796.05" y="73.15" rot="0" z="284" dx="0.5009" dy="0.4994" sx="1" sy="1" image="darkStoneB"/>
  <decor_198 x="1394.45" y="70.35" rot="0" z="285" dx="0.5003" dy="0.5" sx="1" sy="1" image="darkStoneC"/>
  <decor_199 x="1636.7" y="384" rot="0" z="286" dx="0.5007" dy="0.4993" sx="1" sy="1" image="darkStoneA"/>
  <decor_200 x="1170.4" y="79" rot="0" z="287" dx="0.5018" dy="0.4978" sx="1" sy="1" image="darkStoneE"/>
  <decor_201 x="1302.3" y="77.75" rot="0" z="288" dx="0.501" dy="0.5" sx="1" sy="1" image="darkStoneD"/>
  <decor_202 x="1609.95" y="71" rot="0" z="289" dx="0.5007" dy="0.4993" sx="1" sy="1" image="darkStoneA"/>
  <decor_203 x="1692.3" y="61.45" rot="0" z="290" dx="0.5003" dy="0.5" sx="1" sy="1" image="darkStoneC"/>
  <decor_204 x="1500.95" y="73.15" rot="0" z="291" dx="0.5009" dy="0.4994" sx="1" sy="1" image="darkStoneB"/>
  <decor_205 x="1348.55" y="82.25" rot="0" z="292" dx="0.5018" dy="0.4978" sx="1" sy="1" image="darkStoneE"/>
  <decor_206 x="1550" y="62.15" rot="0" z="293" dx="0.5018" dy="0.4978" sx="1" sy="1" image="darkStoneE"/>
  <decor_207 x="1536.15" y="80.15" rot="0" z="294" dx="0.5018" dy="0.4978" sx="1" sy="1" image="darkStoneE"/>
  <decor_208 x="888.25" y="-111.7" rot="0" z="295" dx="0.5003" dy="0.5" sx="1" sy="1" image="darkStoneC"/>
  <decor_209 x="903.1" y="-16.9" rot="0" z="296" dx="0.5009" dy="0.4994" sx="1" sy="1" image="darkStoneB"/>
  <decor_210 x="1113.4" y="-225.95" rot="0" z="297" dx="0.5003" dy="0.5" sx="1" sy="1" image="darkStoneC"/>
  <decor_211 x="1092.95" y="-137.2" rot="0" z="298" dx="0.5007" dy="0.4993" sx="1" sy="1" image="darkStoneA"/>
  <decor_212 x="905.25" y="-207.4" rot="0" z="299" dx="0.5009" dy="0.4994" sx="1" sy="1" image="darkStoneB"/>
  <decor_213 x="2076.15" y="330.1" rot="0" z="300" dx="0.5003" dy="0.5" sx="1" sy="1" image="darkStoneC"/>
  <decor_214 x="1844.05" y="419.7" rot="0" z="301" dx="0.5003" dy="0.5" sx="1" sy="1" image="darkStoneC"/>
  <decor_215 x="2067.1" y="397.9" rot="0" z="302" dx="0.5009" dy="0.4994" sx="1" sy="1" image="darkStoneB"/>
  <decor_216 x="2120.35" y="125.15" rot="0" z="303" dx="0.5003" dy="0.5" sx="1" sy="1" image="darkStoneC"/>
  <decor_217 x="2140.45" y="-204.65" rot="0" z="304" dx="0.5007" dy="0.4993" sx="1" sy="1" image="darkStoneA"/>
  <decor_218 x="2034.45" y="471.25" rot="0" z="305" dx="0.5018" dy="0.4978" sx="1" sy="1" image="darkStoneE"/>
  <decor_219 x="1940.6" y="469.95" rot="0" z="306" dx="0.501" dy="0.5" sx="1" sy="1" image="darkStoneD"/>
  <decor_220 x="2053.65" y="137.8" rot="0" z="307" dx="0.501" dy="0.5" sx="1" sy="1" image="darkStoneD"/>
  <decor_221 x="2037.6" y="61.45" rot="0" z="308" dx="0.5003" dy="0.5" sx="1" sy="1" image="darkStoneC"/>
  <decor_222 x="2124.2" y="38.15" rot="0" z="309" dx="0.5009" dy="0.4994" sx="1" sy="1" image="darkStoneB"/>
  <decor_223 x="1940.6" y="77.75" rot="0" z="310" dx="0.501" dy="0.5" sx="1" sy="1" image="darkStoneD"/>
  <decor_224 x="1859.8" y="65.65" rot="0" z="311" dx="0.5018" dy="0.4978" sx="1" sy="1" image="darkStoneE"/>
  <decor_225 x="2154.95" y="-21.1" rot="0" z="312" dx="0.5018" dy="0.4978" sx="1" sy="1" image="darkStoneE"/>
  <decor_226 x="2135.2" y="-107.85" rot="0" z="313" dx="0.5007" dy="0.4993" sx="1" sy="1" image="darkStoneA"/>
  <decor_227 x="1105.75" y="-65.95" rot="0" z="314" dx="0.5007" dy="0.4993" sx="1" sy="1" image="darkStoneA"/>
  <decor_228 x="2568.05" y="-218.5" rot="0" z="315" dx="0.5003" dy="0.5" sx="1" sy="1" image="darkStoneC"/>
  <decor_229 x="2548.1" y="327.95" rot="0" z="316" dx="0.5003" dy="0.5" sx="1" sy="1" image="darkStoneC"/>
  <decor_230 x="2581.55" y="236.55" rot="0" z="317" dx="0.5009" dy="0.4994" sx="1" sy="1" image="darkStoneB"/>
  <decor_231 x="2136.85" y="331.55" rot="0" z="318" dx="0.5018" dy="0.4978" sx="1" sy="1" image="darkStoneE"/>
  <decor_232 x="2216.65" y="-235.1" rot="0" z="319" dx="0.5009" dy="0.4994" sx="1" sy="1" image="darkStoneB"/>
  <decor_233 x="2568.2" y="-160" rot="0" z="320" dx="0.5007" dy="0.4993" sx="1" sy="1" image="darkStoneA"/>
  <decor_234 x="2145.8" y="-161.55" rot="0" z="321" dx="0.5018" dy="0.4978" sx="1" sy="1" image="darkStoneE"/>
  <decor_235 x="2481.3" y="-228.05" rot="0" z="322" dx="0.5018" dy="0.4978" sx="1" sy="1" image="darkStoneE"/>
  <decor_236 x="2599.3" y="-77.45" rot="0" z="323" dx="0.5003" dy="0.5" sx="1" sy="1" image="darkStoneC"/>
  <decor_237 x="2581.55" y="17.55" rot="0" z="324" dx="0.5009" dy="0.4994" sx="1" sy="1" image="darkStoneB"/>
  <decor_238 x="2590.6" y="131.3" rot="0" z="325" dx="0.5003" dy="0.5" sx="1" sy="1" image="darkStoneC"/>
  <decor_239 x="2336.7" y="341.8" rot="0" z="326" dx="0.5003" dy="0.5" sx="1" sy="1" image="darkStoneC"/>
  <decor_240 x="2445.85" y="325.2" rot="0" z="327" dx="0.5009" dy="0.4994" sx="1" sy="1" image="darkStoneB"/>
  <decor_241 x="2126.05" y="363.5" rot="0" z="328" dx="0.501" dy="0.5" sx="1" sy="1" image="darkStoneD"/>
  <decor_242 x="2201.95" y="330.1" rot="0" z="329" dx="0.5003" dy="0.5" sx="1" sy="1" image="darkStoneC"/>
  <decor_243 x="2262.7" y="352.45" rot="0" z="330" dx="0.5007" dy="0.4993" sx="1" sy="1" image="darkStoneA"/>
  <decor_244 x="2121.8" y="86.9" rot="0" z="331" dx="0.501" dy="0.5" sx="1" sy="1" image="darkStoneD"/>
  <decor_245 x="2069.85" y="92.8" rot="0" z="332" dx="0.5007" dy="0.4993" sx="1" sy="1" image="darkStoneA"/>
  <decor_246 x="2090.75" y="140" rot="0" z="333" dx="0.5018" dy="0.4978" sx="1" sy="1" image="darkStoneE"/>
  <decor_247 x="1796.15" y="248.6" rot="0" z="334" dx="0.501" dy="0.5" sx="1" sy="1" image="darkStoneD"/>
  <decor_248 x="1850.75" y="257.55" rot="0" z="335" dx="0.501" dy="0.5" sx="1" sy="1" image="darkStoneD"/>
  <decor_249 x="1881.55" y="262.85" rot="0" z="336" dx="0.5018" dy="0.4978" sx="1" sy="1" image="darkStoneE"/>
  <decor_250 x="1799.1" y="343.55" rot="-84.2493" z="337" dx="0.5009" dy="0.4994" sx="1" sy="1" image="darkStoneB"/>
  <decor_251 x="1865.95" y="303.75" rot="0" z="338" dx="0.5007" dy="0.4993" sx="1" sy="1" image="darkStoneA"/>
  <decor_252 x="1782.95" y="300.7" rot="0" z="339" dx="0.5018" dy="0.4978" sx="1" sy="1" image="darkStoneE"/>
  <decor_253 x="1880.4" y="379.85" rot="0" z="340" dx="0.5018" dy="0.4978" sx="1" sy="1" image="darkStoneE"/>
  <decor_254 x="1306.15" y="385.65" rot="0" z="341" dx="0.5003" dy="0.5" sx="1" sy="1" image="darkStoneC"/>
  <decor_255 x="1526.65" y="386.3" rot="0" z="342" dx="0.5007" dy="0.4993" sx="1" sy="1" image="darkStoneA"/>
  <decor_256 x="1689.8" y="373.55" rot="0" z="343" dx="0.501" dy="0.5" sx="1" sy="1" image="darkStoneD"/>
  <decor_257 x="2055.6" y="356.35" rot="0" z="344" dx="0.501" dy="0.5" sx="1" sy="1" image="darkStoneD"/>
  <decor_258 x="2415.85" y="-229.55" rot="0" z="345" dx="0.5009" dy="0.4994" sx="1" sy="1" image="darkStoneB"/>
  <decor_259 x="2313.85" y="-233" rot="0" z="346" dx="0.5009" dy="0.4994" sx="1" sy="1" image="darkStoneB"/>
  <decor_260 x="952.45" y="296.8" rot="0" z="347" dx="0.5003" dy="0.5" sx="1" sy="1" image="darkStoneC"/>
  <decor_261 x="1016.95" y="282.25" rot="0" z="348" dx="0.5018" dy="0.4978" sx="1" sy="1" image="darkStoneE"/>
  <decor_262 x="709.3" y="319.75" rot="0" z="349" dx="0.501" dy="0.5" sx="1" sy="1" image="darkStoneD"/>
  <decor_263 x="743.15" y="340.15" rot="0" z="350" dx="0.5009" dy="0.4994" sx="1" sy="1" image="darkStoneB"/>
  <decor_264 x="742.4" y="306" rot="0" z="351" dx="0.5018" dy="0.4978" sx="1" sy="1" image="darkStoneE"/>
  <decor_265 x="802.2" y="285.3" rot="0" z="352" dx="0.501" dy="0.5" sx="1" sy="1" image="darkStoneD"/>
  <decor_266 x="1074.5" y="334.45" rot="0" z="353" dx="0.5009" dy="0.4994" sx="1" sy="1" image="darkStoneB"/>
  <decor_267 x="1080.75" y="288.8" rot="0" z="354" dx="0.501" dy="0.5" sx="1" sy="1" image="darkStoneD"/>
  <decor_268 x="1132.2" y="283.05" rot="0" z="355" dx="0.5018" dy="0.4978" sx="1" sy="1" image="darkStoneE"/>
  <decor_269 x="1160.85" y="279.65" rot="0" z="356" dx="0.5018" dy="0.4978" sx="1" sy="1" image="darkStoneE"/>
  <decor_270 x="865.6" y="339.35" rot="0" z="357" dx="0.5003" dy="0.5" sx="1" sy="1" image="darkStoneC"/>
  <decor_271 x="927.15" y="323.15" rot="0" z="358" dx="0.501" dy="0.5" sx="1" sy="1" image="darkStoneD"/>
  <decor_272 x="2369.9" y="-55.45" rot="0" z="359" dx="0.5" dy="0.5" sx="1.0382" sy="1" image="groundLeft"/>
  <decor_273 x="2341.4" y="-55.45" rot="0" z="360" dx="0.5" dy="0.5" sx="1.0382" sy="1" image="groundRight"/>
  <decor_274 x="2401.1" y="76.2" rot="0" z="361" dx="0.4879" dy="0.4826" sx="1" sy="0.935" image="stairsA"/>
  <decor_275 x="2401.1" y="117.15" rot="0" z="362" dx="0.4879" dy="0.4826" sx="1" sy="0.935" image="stairsA"/>
  <decor_276 x="2401.1" y="157.45" rot="0" z="363" dx="0.4879" dy="0.4826" sx="1" sy="0.935" image="stairsA"/>
  <decor_277 x="2401.15" y="35.4" rot="0" z="364" dx="0.483" dy="0.0652" sx="1" sy="1" image="stairsB"/>
  <decor_278 x="2401.5" y="180" rot="0" z="365" dx="0.5" dy="0.5056" sx="1" sy="1" image="stairsC"/>
  <decor_279 x="2520.45" y="-68.95" rot="0" z="366" dx="0.4879" dy="0.4826" sx="1" sy="0.935" image="stairsA"/>
  <decor_280 x="2520.45" y="-27.25" rot="0" z="367" dx="0.4879" dy="0.4826" sx="1" sy="0.935" image="stairsA"/>
  <decor_281 x="2520.45" y="14.05" rot="0" z="368" dx="0.4879" dy="0.4826" sx="1" sy="0.935" image="stairsA"/>
  <decor_282 x="2520.45" y="55" rot="0" z="369" dx="0.4879" dy="0.4826" sx="1" sy="0.935" image="stairsA"/>
  <decor_283 x="2520.45" y="96.3" rot="0" z="370" dx="0.4879" dy="0.4826" sx="1" sy="0.935" image="stairsA"/>
  <decor_284 x="2520.5" y="-90.75" rot="0" z="371" dx="0.483" dy="0.0652" sx="1" sy="1" image="stairsB"/>
  <decor_285 x="2520.85" y="118.85" rot="0" z="372" dx="0.5" dy="0.5056" sx="1" sy="1" image="stairsC"/>
  <decor_286 x="2401.1" y="57.2" rot="0" z="373" dx="0.4879" dy="0.4826" sx="1" sy="0.935" image="stairsA"/>
  <playerBall x="1004.95" y="-90.4" rot="0" type="2" den="1" frc="0.15" rst="0" sens="false" geom="0" z="378" dx="0.4824" dy="0.2923" category="100" mask="65533">
    <radius>40</radius>
  </playerBall>
  <door0 x="1964.6" y="270" rot="0" type="0" den="0" frc="0.4" rst="0" sens="false" geom="2" z="112" dx="0.5014" dy="0.9181" check="10">
    <p0>
      <v0 x="45" y="0"/>
      <v1 x="45" y="20"/>
      <v2 x="-45" y="20"/>
      <v3 x="-45" y="0"/>
    </p0>
  </door0>
  <key0 x="2249.7" y="59.55" rot="0" type="0" den="0" frc="0" rst="0" sens="true" geom="2" z="374" dx="0.5033" dy="0.4983">
    <p0>
      <v0 x="-18" y="18"/>
      <v1 x="-18" y="-18"/>
      <v2 x="18" y="-18"/>
      <v3 x="18" y="18"/>
    </p0>
  </key0>
  <star1 x="2250.15" y="-134.8" rot="0" type="0" den="0" frc="0" rst="0" sens="true" geom="0" z="50" dx="0.494" dy="0.5008">
    <radius>20</radius>
  </star1>
  <star2 x="2250.15" y="-30.3" rot="0" type="0" den="0" frc="0" rst="0" sens="true" geom="0" z="50" dx="0.494" dy="0.5008">
    <radius>20</radius>
  </star2>
  <star3 x="2250.15" y="150.45" rot="0" type="0" den="0" frc="0" rst="0" sens="true" geom="0" z="50" dx="0.494" dy="0.5008">
    <radius>20</radius>
  </star3>
  <star4 x="1349.85" y="150.2" rot="0" type="0" den="0" frc="0" rst="0" sens="true" geom="0" z="50" dx="0.494" dy="0.5008">
    <radius>20</radius>
  </star4>
  <star5 x="1649.85" y="150.2" rot="0" type="0" den="0" frc="0" rst="0" sens="true" geom="0" z="50" dx="0.494" dy="0.5008">
    <radius>20</radius>
  </star5>
  <star6 x="479.85" y="150.2" rot="0" type="0" den="0" frc="0" rst="0" sens="true" geom="0" z="50" dx="0.494" dy="0.5008">
    <radius>20</radius>
  </star6>
  <star7 x="776.65" y="150.2" rot="0" type="0" den="0" frc="0" rst="0" sens="true" geom="0" z="50" dx="0.494" dy="0.5008">
    <radius>20</radius>
  </star7>
  <star8 x="627.55" y="150.2" rot="0" type="0" den="0" frc="0" rst="0" sens="true" geom="0" z="50" dx="0.494" dy="0.5008">
    <radius>20</radius>
  </star8>
  <star9 x="329.85" y="150.2" rot="0" type="0" den="0" frc="0" rst="0" sens="true" geom="0" z="50" dx="0.494" dy="0.5008">
    <radius>20</radius>
  </star9>
  <body_83 x="0" y="0" rot="0" type="0" den="0" frc="0.4" rst="0" sens="false" geom="1">
    <v0 x="2520" y="-180.3"/>
    <v1 x="2520" y="269.25"/>
    <v2 x="2190" y="269.25"/>
    <v3 x="2190" y="269.7"/>
    <v4 x="2010" y="270"/>
    <v5 x="2010" y="420"/>
    <v6 x="1920" y="420"/>
    <v7 x="1920" y="210"/>
    <v8 x="1740" y="210"/>
    <v9 x="1740" y="330"/>
    <v10 x="1200" y="330"/>
    <v11 x="1200" y="228"/>
    <v12 x="1140" y="240"/>
    <v13 x="780" y="240"/>
    <v14 x="630" y="300"/>
    <v15 x="360.65" y="300"/>
    <v16 x="300" y="270"/>
    <v17 x="300" y="120.2"/>
    <v18 x="960" y="120"/>
    <v19 x="960" y="-270"/>
    <v20 x="1050" y="-270"/>
    <v21 x="1050" y="120"/>
    <v22 x="2010" y="120"/>
    <v23 x="2010" y="180"/>
    <v24 x="2189.6" y="179.7"/>
    <v25 x="2189.6" y="-180.3"/>
  </body_83>
  <body_84 x="0" y="0" rot="0" type="0" den="0" frc="0.4" rst="0" sens="false" geom="1">
    <v0 x="2400" y="-60.3"/>
    <v1 x="2399.6" y="179.7"/>
    <v2 x="2309.6" y="179.7"/>
    <v3 x="2309.6" y="-60.3"/>
  </body_84>
  <door1 x="1753" y="158.4" rot="0" type="0" den="0" frc="0.4" rst="0" sens="false" geom="2" z="170" dx="0.1297" dy="0.4982" check="1">
    <p0>
      <v0 x="0" y="-55"/>
      <v1 x="12" y="-55"/>
      <v2 x="12" y="55"/>
      <v3 x="0" y="55"/>
    </p0>
  </door1>
  <key1 x="1509.95" y="152.15" rot="0" type="0" den="0" frc="0" rst="0" sens="true" geom="2" z="387" dx="0.5033" dy="0.4983">
    <p0>
      <v0 x="-18" y="18"/>
      <v1 x="-18" y="-18"/>
      <v2 x="18" y="-18"/>
      <v3 x="18" y="18"/>
    </p0>
  </key1>
  <cargo1 x="407.6" y="281.05" rot="0" type="2" den="0.25" frc="1" rst="0" sens="false" geom="2" z="383" dx="0.4409" dy="0.0408">
    <p0>
      <v0 x="-45" y="0"/>
      <v1 x="-45" y="-45"/>
      <v2 x="45" y="-45"/>
      <v3 x="45" y="0"/>
    </p0>
  </cargo1>
  <wheel1 x="377.5" y="285.4" rot="0" type="2" den="2.5" frc="0.4" rst="0" sens="false" geom="0" z="384" dx="0.5" dy="0.5">
    <radius>26</radius>
  </wheel1>
  <wheel2 x="436" y="285.4" rot="0" type="2" den="2.5" frc="0.4" rst="0" sens="false" geom="0" z="385" dx="0.5" dy="0.5">
    <radius>26</radius>
  </wheel2>
  <body_90 x="407.6" y="281.05" rot="0" type="2" den="0.01" frc="0" rst="0" sens="true" geom="2">
    <p0>
      <v0 x="54.9" y="-39.4"/>
      <v1 x="54.9" y="-3.25"/>
      <v2 x="39.95" y="0"/>
      <v3 x="39.95" y="-42"/>
    </p0>
  </body_90>
  <boom2 x="1294.45" y="310.25" rot="0" type="2" den="1" frc="0.5" rst="0" sens="false" geom="2" z="386" dx="0.5" dy="0.5" x1="1294.45" x2="1636" phase="1">
    <p0>
      <v0 x="12.25" y="-17.75"/>
      <v1 x="16.95" y="-16.95"/>
      <v2 x="17.75" y="-11.95"/>
      <v3 x="17.75" y="11.95"/>
      <v4 x="17" y="17.1"/>
      <v5 x="12.25" y="17.75"/>
      <v6 x="-12" y="17.75"/>
      <v7 x="-16.9" y="16.85"/>
      <v8 x="-17.75" y="12.4"/>
      <v9 x="-17.75" y="-12"/>
      <v10 x="-17.1" y="-17"/>
      <v11 x="-12.75" y="-17.75"/>
    </p0>
  </boom2>
  <boom3 x="1468.8" y="312.2" rot="0" type="2" den="1" frc="0.5" rst="0" sens="false" geom="2" z="376" dx="0.5" dy="0.5" x1="1294.45" x2="1636" phase="1">
    <p0>
      <v0 x="12.25" y="-17.75"/>
      <v1 x="16.95" y="-16.95"/>
      <v2 x="17.75" y="-11.95"/>
      <v3 x="17.75" y="11.95"/>
      <v4 x="17" y="17.1"/>
      <v5 x="12.25" y="17.75"/>
      <v6 x="-12" y="17.75"/>
      <v7 x="-16.9" y="16.85"/>
      <v8 x="-17.75" y="12.4"/>
      <v9 x="-17.75" y="-12"/>
      <v10 x="-17.1" y="-17"/>
      <v11 x="-12.75" y="-17.75"/>
    </p0>
  </boom3>
  <boom4 x="1636" y="311.65" rot="0" type="2" den="1" frc="0.5" rst="0" sens="false" geom="2" z="375" dx="0.5" dy="0.5" x1="1294.45" x2="1636" phase="-1">
    <p0>
      <v0 x="12.25" y="-17.75"/>
      <v1 x="16.95" y="-16.95"/>
      <v2 x="17.75" y="-11.95"/>
      <v3 x="17.75" y="11.95"/>
      <v4 x="17" y="17.1"/>
      <v5 x="12.25" y="17.75"/>
      <v6 x="-12" y="17.75"/>
      <v7 x="-16.9" y="16.85"/>
      <v8 x="-17.75" y="12.4"/>
      <v9 x="-17.75" y="-12"/>
      <v10 x="-17.1" y="-17"/>
      <v11 x="-12.75" y="-17.75"/>
    </p0>
  </boom4>
  <boom5 x="2353" y="-78.35" rot="0" type="2" den="1" frc="0.5" rst="0" sens="false" geom="2" z="382" dx="0.5" dy="0.5" x1="0" x2="0" phase="0">
    <p0>
      <v0 x="12.25" y="-17.75"/>
      <v1 x="16.95" y="-16.95"/>
      <v2 x="17.75" y="-11.95"/>
      <v3 x="17.75" y="11.95"/>
      <v4 x="17" y="17.1"/>
      <v5 x="12.25" y="17.75"/>
      <v6 x="-12" y="17.75"/>
      <v7 x="-16.9" y="16.85"/>
      <v8 x="-17.75" y="12.4"/>
      <v9 x="-17.75" y="-12"/>
      <v10 x="-17.1" y="-17"/>
      <v11 x="-12.75" y="-17.75"/>
    </p0>
  </boom5>
  <stairs_0 x="0" y="0" rot="0" type="0" den="0" frc="0" rst="0" sens="true" geom="2">
    <p0>
      <v0 x="2490" y="-90"/>
      <v1 x="2520" y="-90.3"/>
      <v2 x="2520" y="119.7"/>
      <v3 x="2490" y="120"/>
    </p0>
  </stairs_0>
  <stairs_1 x="0" y="0" rot="0" type="0" den="0" frc="0" rst="0" sens="true" geom="2">
    <p0>
      <v0 x="2430" y="40.7"/>
      <v1 x="2430" y="179.7"/>
      <v2 x="2399.6" y="179.7"/>
      <v3 x="2399.85" y="40.7"/>
    </p0>
  </stairs_1>
  <caveMask>
    <p0>
      <v0 x="1050" y="120"/>
      <v1 x="1140" y="240"/>
      <v2 x="780" y="240"/>
      <v3 x="300" y="120.2"/>
    </p0>
    <p1>
      <v0 x="300" y="270"/>
      <v1 x="300" y="120.2"/>
      <v2 x="780" y="240"/>
      <v3 x="630" y="300"/>
      <v4 x="360.65" y="300"/>
    </p1>
    <p2>
      <v0 x="960" y="-270"/>
      <v1 x="1050" y="-270"/>
      <v2 x="1050" y="120"/>
      <v3 x="960" y="120"/>
    </p2>
    <p3>
      <v0 x="960" y="120"/>
      <v1 x="1050" y="-270"/>
      <v2 x="960" y="120"/>
    </p3>
    <p4>
      <v0 x="1920" y="210"/>
      <v1 x="1740" y="210"/>
      <v2 x="1050" y="120"/>
      <v3 x="2010" y="120"/>
    </p4>
    <p5>
      <v0 x="1740" y="210"/>
      <v1 x="1740" y="330"/>
      <v2 x="1200" y="228"/>
      <v3 x="1050" y="120"/>
    </p5>
    <p6>
      <v0 x="1140" y="240"/>
      <v1 x="1050" y="120"/>
      <v2 x="1200" y="228"/>
    </p6>
    <p7>
      <v0 x="1200" y="330"/>
      <v1 x="1200" y="228"/>
      <v2 x="1740" y="330"/>
    </p7>
    <p8>
      <v0 x="2399.6" y="179.7"/>
      <v1 x="2520" y="269.25"/>
      <v2 x="2190" y="269.25"/>
      <v3 x="1920" y="210"/>
      <v4 x="2010" y="180"/>
    </p8>
    <p9>
      <v0 x="2010" y="120"/>
      <v1 x="2010" y="180"/>
      <v2 x="1920" y="210"/>
    </p9>
    <p10>
      <v0 x="1920" y="420"/>
      <v1 x="1920" y="210"/>
      <v2 x="2010" y="270"/>
      <v3 x="2010" y="420"/>
    </p10>
    <p11>
      <v0 x="2010" y="270"/>
      <v1 x="1920" y="210"/>
      <v2 x="2190" y="269.25"/>
      <v3 x="2190" y="269.7"/>
    </p11>
    <p12>
      <v0 x="2399.6" y="179.7"/>
      <v1 x="2400" y="-60.3"/>
      <v2 x="2520" y="-180.3"/>
      <v3 x="2520" y="269.25"/>
    </p12>
    <p13>
      <v0 x="2400" y="-60.3"/>
      <v1 x="2309.6" y="-60.3"/>
      <v2 x="2189.6" y="-180.3"/>
      <v3 x="2520" y="-180.3"/>
    </p13>
    <p14>
      <v0 x="2189.6" y="-180.3"/>
      <v1 x="2309.6" y="-60.3"/>
      <v2 x="2309.6" y="179.7"/>
      <v3 x="2189.6" y="179.7"/>
    </p14>
  </caveMask>
</level_69>
