<level_67>
  <checkPoints>
    <p0 x="-286" y="-990.05"/>
    <p1 x="-60" y="-680"/>
    <p2 x="706" y="-740"/>
  </checkPoints>
  <viewPoints>
    <p0 x="-900.05" f="0.5" h="-790"/>
    <p1 x="-170" f="0.5" h="-790"/>
    <p2 x="30" f="0.5" h="-720"/>
    <p3 x="1000" f="0.5" h="-720"/>
    <p4 x="1070" f="0.5" h="-790"/>
    <p5 x="1500.1" f="0.5" h="-790"/>
  </viewPoints>
  <joints/>
  <frame x="-900.05" y="-1158.1" w="2400.15" h="668.45"/>
  <frameLeft x="0" y="0" rot="0" type="0" den="0" frc="0" rst="0" sens="false" geom="1" category="65535" mask="65535">
    <v0 x="-900.05" y="-1111.1"/>
    <v1 x="-900.05" y="-540.65"/>
  </frameLeft>
  <frameRight x="0" y="0" rot="0" type="0" den="0" frc="0" rst="0" sens="false" geom="1" category="65535" mask="65239">
    <v0 x="1500.1" y="-540.65"/>
    <v1 x="1500.1" y="-1111.1"/>
  </frameRight>
  <thorn0 x="998" y="-751.3" rot="179.9895" type="0" den="0" frc="0.4" rst="0" sens="true" geom="2" z="212" dx="0.5078" dy="0.1717">
    <p0>
      <v0 x="-5.5" y="0"/>
      <v1 x="0.7" y="-14.8"/>
      <v2 x="5.5" y="0"/>
    </p0>
  </thorn0>
  <thorn1 x="1009.4" y="-751.3" rot="179.9895" type="0" den="0" frc="0.4" rst="0" sens="true" geom="2" z="213" dx="0.5078" dy="0.1717">
    <p0>
      <v0 x="-5.5" y="0"/>
      <v1 x="0.7" y="-14.8"/>
      <v2 x="5.5" y="0"/>
    </p0>
  </thorn1>
  <thorn2 x="1042.75" y="-751.35" rot="179.9895" type="0" den="0" frc="0.4" rst="0" sens="true" geom="2" z="214" dx="0.5078" dy="0.1717">
    <p0>
      <v0 x="-5.5" y="0"/>
      <v1 x="0.7" y="-14.8"/>
      <v2 x="5.5" y="0"/>
    </p0>
  </thorn2>
  <thorn3 x="1032" y="-751.35" rot="179.9895" type="0" den="0" frc="0.4" rst="0" sens="true" geom="2" z="215" dx="0.5078" dy="0.1717">
    <p0>
      <v0 x="-5.5" y="0"/>
      <v1 x="0.7" y="-14.8"/>
      <v2 x="5.5" y="0"/>
    </p0>
  </thorn3>
  <thorn4 x="1020.5" y="-751.3" rot="179.9895" type="0" den="0" frc="0.4" rst="0" sens="true" geom="2" z="216" dx="0.5078" dy="0.1717">
    <p0>
      <v0 x="-5.5" y="0"/>
      <v1 x="0.7" y="-14.8"/>
      <v2 x="5.5" y="0"/>
    </p0>
  </thorn4>
  <thorn5 x="1053.5" y="-751.3" rot="179.9895" type="0" den="0" frc="0.4" rst="0" sens="true" geom="2" z="217" dx="0.5078" dy="0.1717">
    <p0>
      <v0 x="-5.5" y="0"/>
      <v1 x="0.7" y="-14.8"/>
      <v2 x="5.5" y="0"/>
    </p0>
  </thorn5>
  <thorn6 x="1064.9" y="-751.3" rot="179.9895" type="0" den="0" frc="0.4" rst="0" sens="true" geom="2" z="218" dx="0.5078" dy="0.1717">
    <p0>
      <v0 x="-5.5" y="0"/>
      <v1 x="0.7" y="-14.8"/>
      <v2 x="5.5" y="0"/>
    </p0>
  </thorn6>
  <thorn7 x="1098.25" y="-751.35" rot="179.9895" type="0" den="0" frc="0.4" rst="0" sens="true" geom="2" z="219" dx="0.5078" dy="0.1717">
    <p0>
      <v0 x="-5.5" y="0"/>
      <v1 x="0.7" y="-14.8"/>
      <v2 x="5.5" y="0"/>
    </p0>
  </thorn7>
  <thorn8 x="1087.5" y="-751.35" rot="179.9895" type="0" den="0" frc="0.4" rst="0" sens="true" geom="2" z="220" dx="0.5078" dy="0.1717">
    <p0>
      <v0 x="-5.5" y="0"/>
      <v1 x="0.7" y="-14.8"/>
      <v2 x="5.5" y="0"/>
    </p0>
  </thorn8>
  <thorn9 x="1076" y="-751.3" rot="179.9895" type="0" den="0" frc="0.4" rst="0" sens="true" geom="2" z="221" dx="0.5078" dy="0.1717">
    <p0>
      <v0 x="-5.5" y="0"/>
      <v1 x="0.7" y="-14.8"/>
      <v2 x="5.5" y="0"/>
    </p0>
  </thorn9>
  <thorn10 x="1109.5" y="-751.3" rot="179.9895" type="0" den="0" frc="0.4" rst="0" sens="true" geom="2" z="222" dx="0.5078" dy="0.1717">
    <p0>
      <v0 x="-5.5" y="0"/>
      <v1 x="0.7" y="-14.8"/>
      <v2 x="5.5" y="0"/>
    </p0>
  </thorn10>
  <thorn11 x="1120.9" y="-751.3" rot="179.9895" type="0" den="0" frc="0.4" rst="0" sens="true" geom="2" z="223" dx="0.5078" dy="0.1717">
    <p0>
      <v0 x="-5.5" y="0"/>
      <v1 x="0.7" y="-14.8"/>
      <v2 x="5.5" y="0"/>
    </p0>
  </thorn11>
  <thorn12 x="1154.25" y="-751.35" rot="179.9895" type="0" den="0" frc="0.4" rst="0" sens="true" geom="2" z="224" dx="0.5078" dy="0.1717">
    <p0>
      <v0 x="-5.5" y="0"/>
      <v1 x="0.7" y="-14.8"/>
      <v2 x="5.5" y="0"/>
    </p0>
  </thorn12>
  <thorn13 x="1143.5" y="-751.35" rot="179.9895" type="0" den="0" frc="0.4" rst="0" sens="true" geom="2" z="225" dx="0.5078" dy="0.1717">
    <p0>
      <v0 x="-5.5" y="0"/>
      <v1 x="0.7" y="-14.8"/>
      <v2 x="5.5" y="0"/>
    </p0>
  </thorn13>
  <thorn14 x="1132" y="-751.3" rot="179.9895" type="0" den="0" frc="0.4" rst="0" sens="true" geom="2" z="226" dx="0.5078" dy="0.1717">
    <p0>
      <v0 x="-5.5" y="0"/>
      <v1 x="0.7" y="-14.8"/>
      <v2 x="5.5" y="0"/>
    </p0>
  </thorn14>
  <thorn15 x="1165" y="-751.3" rot="179.9895" type="0" den="0" frc="0.4" rst="0" sens="true" geom="2" z="227" dx="0.5078" dy="0.1717">
    <p0>
      <v0 x="-5.5" y="0"/>
      <v1 x="0.7" y="-14.8"/>
      <v2 x="5.5" y="0"/>
    </p0>
  </thorn15>
  <thorn16 x="1176.4" y="-751.3" rot="179.9895" type="0" den="0" frc="0.4" rst="0" sens="true" geom="2" z="228" dx="0.5078" dy="0.1717">
    <p0>
      <v0 x="-5.5" y="0"/>
      <v1 x="0.7" y="-14.8"/>
      <v2 x="5.5" y="0"/>
    </p0>
  </thorn16>
  <thorn17 x="1209.75" y="-751.35" rot="179.9895" type="0" den="0" frc="0.4" rst="0" sens="true" geom="2" z="229" dx="0.5078" dy="0.1717">
    <p0>
      <v0 x="-5.5" y="0"/>
      <v1 x="0.7" y="-14.8"/>
      <v2 x="5.5" y="0"/>
    </p0>
  </thorn17>
  <thorn18 x="1199" y="-751.35" rot="179.9895" type="0" den="0" frc="0.4" rst="0" sens="true" geom="2" z="230" dx="0.5078" dy="0.1717">
    <p0>
      <v0 x="-5.5" y="0"/>
      <v1 x="0.7" y="-14.8"/>
      <v2 x="5.5" y="0"/>
    </p0>
  </thorn18>
  <thorn19 x="1187.5" y="-751.3" rot="179.9895" type="0" den="0" frc="0.4" rst="0" sens="true" geom="2" z="231" dx="0.5078" dy="0.1717">
    <p0>
      <v0 x="-5.5" y="0"/>
      <v1 x="0.7" y="-14.8"/>
      <v2 x="5.5" y="0"/>
    </p0>
  </thorn19>
  <thorn20 x="1220.9" y="-751.3" rot="179.9895" type="0" den="0" frc="0.4" rst="0" sens="true" geom="2" z="232" dx="0.5078" dy="0.1717">
    <p0>
      <v0 x="-5.5" y="0"/>
      <v1 x="0.7" y="-14.8"/>
      <v2 x="5.5" y="0"/>
    </p0>
  </thorn20>
  <thorn21 x="964.75" y="-751.35" rot="179.9895" type="0" den="0" frc="0.4" rst="0" sens="true" geom="2" z="233" dx="0.5078" dy="0.1717">
    <p0>
      <v0 x="-5.5" y="0"/>
      <v1 x="0.7" y="-14.8"/>
      <v2 x="5.5" y="0"/>
    </p0>
  </thorn21>
  <thorn22 x="975.5" y="-751.3" rot="179.9895" type="0" den="0" frc="0.4" rst="0" sens="true" geom="2" z="234" dx="0.5078" dy="0.1717">
    <p0>
      <v0 x="-5.5" y="0"/>
      <v1 x="0.7" y="-14.8"/>
      <v2 x="5.5" y="0"/>
    </p0>
  </thorn22>
  <thorn23 x="986.9" y="-751.3" rot="179.9895" type="0" den="0" frc="0.4" rst="0" sens="true" geom="2" z="235" dx="0.5078" dy="0.1717">
    <p0>
      <v0 x="-5.5" y="0"/>
      <v1 x="0.7" y="-14.8"/>
      <v2 x="5.5" y="0"/>
    </p0>
  </thorn23>
  <thorn24 x="1232" y="-751.3" rot="179.9895" type="0" den="0" frc="0.4" rst="0" sens="true" geom="2" z="236" dx="0.5078" dy="0.1717">
    <p0>
      <v0 x="-5.5" y="0"/>
      <v1 x="0.7" y="-14.8"/>
      <v2 x="5.5" y="0"/>
    </p0>
  </thorn24>
  <thorn25 x="1242.9" y="-751.3" rot="179.9895" type="0" den="0" frc="0.4" rst="0" sens="true" geom="2" z="237" dx="0.5078" dy="0.1717">
    <p0>
      <v0 x="-5.5" y="0"/>
      <v1 x="0.7" y="-14.8"/>
      <v2 x="5.5" y="0"/>
    </p0>
  </thorn25>
  <thorn26 x="1254" y="-751.3" rot="179.9895" type="0" den="0" frc="0.4" rst="0" sens="true" geom="2" z="238" dx="0.5078" dy="0.1717">
    <p0>
      <v0 x="-5.5" y="0"/>
      <v1 x="0.7" y="-14.8"/>
      <v2 x="5.5" y="0"/>
    </p0>
  </thorn26>
  <decor_1 x="-48.85" y="-688" rot="2.9515" z="31" dx="0.5" dy="0.499" sx="1.2767" sy="1.2767" image="backStones"/>
  <decor_2 x="-648.55" y="-690.5" rot="0" z="32" dx="0.5" dy="0.499" sx="1.2767" sy="1.2767" image="backStones"/>
  <decor_3 x="717.8" y="-749.65" rot="1.2194" z="33" dx="0.5" dy="0.499" sx="1.2767" sy="1.2767" image="backStones"/>
  <decor_4 x="222.6" y="-630.8" rot="0" z="34" dx="0.5" dy="0.499" sx="1.2767" sy="1.2767" image="backStones"/>
  <decor_5 x="-274.65" y="-678.25" rot="180" z="35" dx="0.5" dy="0.501" sx="0.8943" sy="0.8943" image="backStones"/>
  <decor_6 x="-553.05" y="-1002.95" rot="0" z="36" dx="0.5" dy="0.4988" sx="0.7501" sy="0.7501" image="backStones"/>
  <decor_7 x="397.7" y="-618.5" rot="0" z="37" dx="0.5" dy="0.4991" sx="0.9973" sy="0.9973" image="backStones"/>
  <decor_8 x="84.75" y="-740.35" rot="180" z="38" dx="0.5" dy="0.501" sx="0.8943" sy="0.8943" image="backStones"/>
  <decor_9 x="-536.7" y="-673.05" rot="180" z="39" dx="0.5" dy="0.501" sx="0.8943" sy="0.8943" image="backStones"/>
  <decor_10 x="1333.9" y="-677.55" rot="0" z="40" dx="0.5" dy="0.499" sx="0.8272" sy="0.8272" image="backStones"/>
  <decor_11 x="1432.8" y="-940.75" rot="0" z="41" dx="0.5" dy="0.4986" sx="0.636" sy="0.636" image="backStones"/>
  <decor_12 x="959.25" y="-682.45" rot="0" z="42" dx="0.5" dy="0.4991" sx="0.9973" sy="0.9973" image="backStones"/>
  <decor_13 x="505.4" y="-672.05" rot="0" z="43" dx="0.5" dy="0.4986" sx="0.636" sy="0.636" image="backStones"/>
  <decor_14 x="597.35" y="-736.55" rot="0" z="44" dx="0.5" dy="0.499" sx="0.8791" sy="0.8791" image="backStones"/>
  <decor_15 x="-764.45" y="-949.45" rot="0" z="45" dx="0.5" dy="0.4988" sx="0.7501" sy="0.7501" image="backStones"/>
  <decor_16 x="-660.2" y="-846" rot="-146.0466" z="46" dx="0.5" dy="0.5" sx="1" sy="0.8839" image="backWood"/>
  <decor_17 x="-731.65" y="-1003.1" rot="0" z="47" dx="0.5" dy="0.5" sx="1" sy="0.6808" image="backWood"/>
  <decor_18 x="-164.75" y="-708.25" rot="-56.1894" z="48" dx="0.5" dy="0.5" sx="1" sy="0.7073" image="backWood"/>
  <decor_19 x="-460.75" y="-707.1" rot="-71.9138" z="49" dx="0.5" dy="0.5" sx="0.9999" sy="1.1647" image="backWood"/>
  <decor_20 x="-462.7" y="-709.6" rot="-108.9274" z="50" dx="0.5" dy="0.5" sx="0.9999" sy="1.1648" image="backWood"/>
  <decor_21 x="-285.2" y="-812.9" rot="135.9187" z="51" dx="0.5" dy="0.5" sx="1" sy="0.6722" image="backWood"/>
  <decor_22 x="-285.2" y="-915.4" rot="135.9187" z="52" dx="0.5" dy="0.5" sx="1" sy="0.6722" image="backWood"/>
  <decor_23 x="-285.2" y="-915.4" rot="45.9187" z="53" dx="0.5" dy="0.5" sx="1" sy="0.6722" image="backWood"/>
  <decor_24 x="-287.05" y="-1026.25" rot="135.9187" z="54" dx="0.5" dy="0.5" sx="1" sy="0.6722" image="backWood"/>
  <decor_25 x="-282.85" y="-1021.1" rot="45.9187" z="55" dx="0.5" dy="0.5" sx="1" sy="0.6722" image="backWood"/>
  <decor_26 x="-284.75" y="-811.6" rot="45.9187" z="56" dx="0.5" dy="0.5" sx="1" sy="0.6722" image="backWood"/>
  <decor_27 x="-286.8" y="-758.25" rot="90" z="57" dx="0.5" dy="0.5" sx="1" sy="0.5477" image="backWood"/>
  <decor_28 x="-287.75" y="-864.1" rot="90" z="58" dx="0.5" dy="0.5" sx="1" sy="0.5645" image="backWood"/>
  <decor_29 x="-287.75" y="-962.55" rot="90" z="59" dx="0.5" dy="0.5" sx="1" sy="0.5645" image="backWood"/>
  <decor_30 x="854.75" y="-600.45" rot="124.0603" z="60" dx="0.5" dy="0.5" sx="1" sy="0.5331" image="backWood"/>
  <decor_31 x="856.75" y="-597.2" rot="57.7169" z="61" dx="0.5" dy="0.5" sx="1" sy="0.5842" image="backWood"/>
  <decor_32 x="852.6" y="-640.2" rot="90" z="62" dx="0.5" dy="0.5" sx="1" sy="0.5465" image="backWood"/>
  <decor_33 x="-290" y="-1130.85" rot="129.1863" z="63" dx="0.5" dy="0.5" sx="1" sy="0.6256" image="backWood"/>
  <decor_34 x="-284.9" y="-1124.6" rot="51.3759" z="64" dx="0.5" dy="0.5" sx="1" sy="0.5854" image="backWood"/>
  <decor_35 x="-286.65" y="-1076.55" rot="90" z="65" dx="0.5" dy="0.5" sx="1" sy="0.5081" image="backWood"/>
  <decor_36 x="854.75" y="-519.45" rot="124.0603" z="66" dx="0.5" dy="0.5" sx="1" sy="0.6156" image="backWood"/>
  <decor_37 x="856.75" y="-516.2" rot="57.7169" z="67" dx="0.5" dy="0.5" sx="1" sy="0.5822" image="backWood"/>
  <decor_38 x="855.65" y="-563.1" rot="90" z="68" dx="0.5" dy="0.5" sx="1" sy="0.5465" image="backWood"/>
  <decor_39 x="-662.65" y="-915.15" rot="90" z="69" dx="0.5" dy="0.5" sx="1" sy="0.5678" image="backWood"/>
  <decor_40 x="-585.35" y="-1028.65" rot="0" z="70" dx="0.5" dy="0.5" sx="1" sy="0.4621" image="backWood"/>
  <decor_41 x="-652.05" y="-708.25" rot="-56.1894" z="71" dx="0.5" dy="0.5" sx="1" sy="0.7073" image="backWood"/>
  <decor_42 x="-585.35" y="-704.15" rot="0" z="72" dx="0.5" dy="0.5" sx="1" sy="0.4621" image="backWood"/>
  <decor_43 x="-339.5" y="-704.15" rot="0" z="73" dx="0.5" dy="0.5" sx="1" sy="0.4621" image="backWood"/>
  <decor_44 x="-662.65" y="-756.2" rot="90" z="74" dx="0.5" dy="0.5" sx="1" sy="0.5678" image="backWood"/>
  <decor_45 x="-229.5" y="-704.15" rot="0" z="75" dx="0.5" dy="0.5" sx="1" sy="0.4621" image="backWood"/>
  <decor_46 x="-98.05" y="-704.15" rot="0" z="76" dx="0.5" dy="0.5" sx="1" sy="0.4621" image="backWood"/>
  <decor_47 x="44.95" y="-762.45" rot="0" z="77" dx="0.5" dy="0.5" sx="1" sy="0.4621" image="backWood"/>
  <decor_48 x="138.45" y="-762.45" rot="0" z="78" dx="0.5" dy="0.5" sx="1" sy="0.4621" image="backWood"/>
  <decor_49 x="315.55" y="-702.95" rot="0" z="79" dx="0.5" dy="0.5" sx="1" sy="0.9716" image="backWood"/>
  <decor_50 x="198.95" y="-702.95" rot="0" z="80" dx="0.5" dy="0.5" sx="1" sy="0.9716" image="backWood"/>
  <decor_51 x="379.35" y="-702.95" rot="0" z="81" dx="0.5" dy="0.5" sx="1" sy="0.9716" image="backWood"/>
  <decor_52 x="495.95" y="-734.95" rot="0" z="82" dx="0.5" dy="0.5" sx="1" sy="0.6975" image="backWood"/>
  <decor_53 x="555.35" y="-762.45" rot="0" z="83" dx="0.5" dy="0.5" sx="1" sy="0.4621" image="backWood"/>
  <decor_54 x="799" y="-762.45" rot="0" z="84" dx="0.5" dy="0.5" sx="1" sy="0.4621" image="backWood"/>
  <decor_55 x="973.7" y="-704.1" rot="0" z="85" dx="0.5" dy="0.5" sx="1" sy="0.4621" image="backWood"/>
  <decor_56 x="1313.95" y="-706.5" rot="52.0905" z="86" dx="0.5" dy="0.5" sx="0.9999" sy="0.7063" image="backWood"/>
  <decor_57 x="1325.55" y="-993.75" rot="40.1135" z="87" dx="0.5" dy="0.5" sx="0.9999" sy="0.8963" image="backWood"/>
  <decor_58 x="1315.05" y="-842.4" rot="143.4623" z="88" dx="0.5" dy="0.5" sx="1" sy="0.884" image="backWood"/>
  <decor_59 x="1248.7" y="-704.1" rot="0" z="89" dx="0.5" dy="0.5" sx="1" sy="0.4621" image="backWood"/>
  <decor_60 x="1316.9" y="-759.7" rot="90" z="90" dx="0.5" dy="0.5" sx="1" sy="0.5558" image="backWood"/>
  <decor_61 x="1316.9" y="-913.7" rot="90" z="91" dx="0.5" dy="0.5" sx="1" sy="0.5558" image="backWood"/>
  <decor_62 x="1247.6" y="-1035.1" rot="0" z="92" dx="0.5" dy="0.5" sx="1" sy="0.4428" image="backWood"/>
  <decor_63 x="1395.6" y="-1001.8" rot="0" z="93" dx="0.5" dy="0.5" sx="1" sy="0.7049" image="backWood"/>
  <decor_64 x="346.3" y="-812.8" rot="0" z="94" dx="0.4907" dy="0.8132" sx="1" sy="1" image="lamp"/>
  <decor_65 x="1322.6" y="-1082.05" rot="0" z="95" dx="0.4907" dy="0.8132" sx="1" sy="1" image="lamp"/>
  <decor_66 x="-660.25" y="-1079.55" rot="0" z="96" dx="0.4907" dy="0.8132" sx="1" sy="1" image="lamp"/>
  <decor_67 x="852.6" y="-810.75" rot="0" z="97" dx="0.5" dy="0.9569" sx="1" sy="1" image="bat_0004"/>
  <decor_68 x="-464.4" y="-667.7" rot="0" z="98" dx="0.6288" dy="0.003" sx="1" sy="1" image="dangerPlate"/>
  <decor_69 x="717.05" y="-811.65" rot="0" z="99" dx="0.5054" dy="0.8987" sx="1" sy="1" image="chainA"/>
  <decor_70 x="25.4" y="-779.35" rot="0" z="100" dx="0.5036" dy="0.0217" sx="1" sy="1" image="chainB"/>
  <decor_71 x="94" y="-820.7" rot="0" z="101" dx="0.5054" dy="0.8987" sx="1" sy="1" image="chainA"/>
  <decor_72 x="1454.85" y="-1048.3" rot="0" z="102" dx="0.7338" dy="0.4919" sx="1" sy="1" image="spiderNetA"/>
  <decor_73 x="14.95" y="-765" rot="0" z="103" dx="0.5036" dy="0.0217" sx="1" sy="1" image="chainB"/>
  <decor_74 x="-543.95" y="-749.9" rot="0" z="104" dx="0.5" dy="0.9569" sx="1" sy="1" image="bat_0004"/>
  <decor_75 x="690.75" y="-823.1" rot="0" z="105" dx="0.5054" dy="0.8987" sx="1" sy="1" image="chainA"/>
  <decor_76 x="-522.15" y="-1051.95" rot="0" z="106" dx="0.7338" dy="0.4919" sx="1" sy="1" image="spiderNetA"/>
  <decor_77 x="-286.5" y="-993" rot="0" z="107" dx="0.5009" dy="0.5" sx="4.302" sy="4.1436" image="backShadow"/>
  <decor_78 x="855.75" y="-566.3" rot="180" z="108" dx="0.5009" dy="0.5" sx="4.4175" sy="2.0483" image="backShadow"/>
  <decor_79 x="-342.1" y="-1078.25" rot="-90" z="112" dx="0.5" dy="0.5" sx="1.4745" sy="1" image="woodStandart"/>
  <decor_80 x="-342.2" y="-861.15" rot="-90" z="113" dx="0.5" dy="0.5" sx="1.4745" sy="1" image="woodStandart"/>
  <decor_81 x="-227.15" y="-860" rot="90" z="114" dx="0.5" dy="0.5" sx="1.4738" sy="1" image="woodStandart"/>
  <decor_82 x="-412.35" y="-762.3" rot="0" z="115" dx="0.5" dy="0.5" sx="1.1108" sy="1" image="woodStandart"/>
  <decor_83 x="-227.35" y="-1078.45" rot="90" z="116" dx="0.5" dy="0.5" sx="1.4738" sy="1" image="woodStandart"/>
  <decor_84 x="-285" y="-1176.15" rot="0" z="117" dx="0.5" dy="0.5" sx="0.9308" sy="1" image="woodStandart"/>
  <decor_85 x="-164.35" y="-762.5" rot="0" z="118" dx="0.5" dy="0.5" sx="1.0095" sy="1" image="woodStandart"/>
  <decor_86 x="1455.85" y="-925.05" rot="0" z="119" dx="0.5" dy="0.5" sx="1.0382" sy="1" image="groundShort"/>
  <decor_87 x="1482.75" y="-1015.85" rot="90" z="120" dx="0.5" dy="0.5" sx="1.1816" sy="1" image="woodStandart"/>
  <decor_88 x="1342.4" y="-655.45" rot="0" z="121" dx="0.5" dy="0.5" sx="0.9328" sy="1" image="groundLong"/>
  <decor_89 x="1392.35" y="-732.85" rot="90" z="122" dx="0.5" dy="0.5" sx="1.0311" sy="1" image="woodStandart"/>
  <decor_90 x="855.05" y="-466.2" rot="0" z="123" dx="0.5" dy="0.5" sx="1" sy="1" image="groundLong"/>
  <decor_91 x="912.55" y="-567.65" rot="90" z="124" dx="0.5" dy="0.5" sx="1.2612" sy="1" image="woodStandart"/>
  <decor_92 x="797.65" y="-552.25" rot="-90" z="125" dx="0.5" dy="0.5" sx="1.0627" sy="1" image="woodStandart"/>
  <decor_93 x="797.45" y="-645.95" rot="-90" z="126" dx="0.5" dy="0.5" sx="1" sy="1" image="woodStandart"/>
  <decor_94 x="-280.95" y="-655.15" rot="0" z="127" dx="0.5" dy="0.5" sx="1.1196" sy="1" image="groundLong"/>
  <decor_95 x="-149.2" y="-655.15" rot="0" z="128" dx="0.5" dy="0.5" sx="1.1196" sy="1" image="groundLong"/>
  <decor_96 x="-21.8" y="-655.15" rot="0" z="129" dx="0.5" dy="0.5" sx="1.0531" sy="1" image="groundLong"/>
  <decor_97 x="42.6" y="-689.3" rot="90" z="130" dx="0.5" dy="0.5" sx="0.4096" sy="1" image="woodStandart"/>
  <decor_98 x="202.1" y="-595.25" rot="0" z="131" dx="0.5" dy="0.5" sx="1.1034" sy="1" image="groundLong"/>
  <decor_99 x="334.45" y="-595.25" rot="0" z="132" dx="0.5" dy="0.5" sx="1.1456" sy="1" image="groundLong"/>
  <decor_100 x="137.6" y="-660.05" rot="-90" z="133" dx="0.5" dy="0.5" sx="0.8036" sy="1" image="woodStandart"/>
  <decor_101 x="429.95" y="-595.25" rot="0" z="134" dx="0.5" dy="0.5" sx="1.0382" sy="1" image="groundShort"/>
  <decor_102 x="462.8" y="-629.1" rot="90" z="135" dx="0.5" dy="0.5" sx="0.4108" sy="1" image="woodStandart"/>
  <decor_103 x="523.15" y="-655.55" rot="0" z="136" dx="0.5" dy="0.5" sx="1" sy="1" image="groundShort"/>
  <decor_104 x="551.8" y="-688.75" rot="90" z="137" dx="0.5" dy="0.5" sx="0.4108" sy="1" image="woodStandart"/>
  <decor_105 x="198" y="-867.95" rot="-90" z="138" dx="0.5" dy="0.5" sx="0.7704" sy="1" image="woodStandart"/>
  <decor_106 x="135.4" y="-823.2" rot="0" z="139" dx="0.5" dy="0.5" sx="1.0085" sy="1" image="woodStandart"/>
  <decor_107 x="34.4" y="-823.2" rot="0" z="140" dx="0.5" dy="0.5" sx="1.0085" sy="1" image="woodStandart"/>
  <decor_108 x="377" y="-867.95" rot="-90" z="141" dx="0.5" dy="0.5" sx="0.7709" sy="1" image="woodStandart"/>
  <decor_109 x="434.8" y="-912.75" rot="0" z="142" dx="0.5" dy="0.5" sx="0.9432" sy="1" image="woodStandart"/>
  <decor_110 x="312.5" y="-867.85" rot="90" z="143" dx="0.5" dy="0.5" sx="0.7727" sy="1" image="woodStandart"/>
  <decor_111 x="255.3" y="-912.75" rot="0" z="144" dx="0.5" dy="0.5" sx="0.9383" sy="1" image="woodStandart"/>
  <decor_112 x="492.5" y="-867.95" rot="90" z="145" dx="0.5" dy="0.5" sx="0.7714" sy="1" image="woodStandart"/>
  <decor_113 x="344.95" y="-823.2" rot="0" z="146" dx="0.5" dy="0.5" sx="0.6065" sy="1" image="woodStandart"/>
  <decor_114 x="698.95" y="-823.2" rot="0" z="147" dx="0.5" dy="0.5" sx="1" sy="1" image="woodStandart"/>
  <decor_115 x="-671.35" y="-655.15" rot="0" z="148" dx="0.5" dy="0.5" sx="1.0608" sy="1" image="groundLong"/>
  <decor_116 x="-543.2" y="-655.15" rot="0" z="149" dx="0.5" dy="0.5" sx="1.1196" sy="1" image="groundLong"/>
  <decor_117 x="-412" y="-655.15" rot="0" z="150" dx="0.5" dy="0.5" sx="1.1196" sy="1" image="groundLong"/>
  <decor_118 x="-732.85" y="-832.4" rot="-90" z="151" dx="0.5" dy="0.5" sx="1.3127" sy="1" image="woodStandart"/>
  <decor_119 x="-732.85" y="-757.1" rot="-90" z="152" dx="0.5" dy="0.5" sx="1.3127" sy="1" image="woodStandart"/>
  <decor_120 x="-517.35" y="-762.3" rot="0" z="153" dx="0.5" dy="0.5" sx="1.1108" sy="1" image="woodStandart"/>
  <decor_121 x="-793.35" y="-925.4" rot="0" z="154" dx="0.5" dy="0.5" sx="1" sy="1" image="groundShort"/>
  <decor_122 x="-822" y="-1016.75" rot="-90" z="155" dx="0.5" dy="0.5" sx="1.177" sy="1" image="woodStandart"/>
  <decor_123 x="-744.4" y="-1092.05" rot="0" z="156" dx="0.5" dy="0.5" sx="1.2004" sy="1" image="woodStandart"/>
  <decor_124 x="-522.3" y="-985.15" rot="0" z="157" dx="0.5" dy="0.5" sx="1" sy="1" image="groundShort"/>
  <decor_125 x="-496.85" y="-1046.05" rot="90" z="158" dx="0.5" dy="0.5" sx="0.7816" sy="1" image="woodStandart"/>
  <decor_126 x="-572.3" y="-1092.05" rot="0" z="159" dx="0.5" dy="0.5" sx="1.1753" sy="1" image="woodStandart"/>
  <decor_127 x="-588.15" y="-870.3" rot="90" z="160" dx="0.5" dy="0.5" sx="1.606" sy="1" image="woodStandart"/>
  <decor_128 x="1392.35" y="-853.35" rot="90" z="161" dx="0.5" dy="0.5" sx="1.0311" sy="1" image="woodStandart"/>
  <decor_129 x="1247" y="-914.4" rot="-90" z="162" dx="0.5" dy="0.5" sx="1.0311" sy="1" image="woodStandart"/>
  <decor_130 x="1247" y="-826.5" rot="-90" z="163" dx="0.5" dy="0.5" sx="1.0246" sy="1" image="woodStandart"/>
  <decor_131 x="1182.95" y="-762.25" rot="0" z="164" dx="0.5" dy="0.5" sx="1.0311" sy="1" image="woodStandart"/>
  <decor_132 x="1036.15" y="-762.25" rot="0" z="165" dx="0.5" dy="0.5" sx="1.0311" sy="1" image="woodStandart"/>
  <decor_133 x="1186.95" y="-985.05" rot="0" z="166" dx="0.5" dy="0.5" sx="1.0382" sy="1" image="groundShort"/>
  <decor_134 x="1156.45" y="-1048" rot="-90" z="167" dx="0.5" dy="0.5" sx="0.7645" sy="1" image="woodStandart"/>
  <decor_135 x="1424.2" y="-1092.55" rot="0" z="168" dx="0.5" dy="0.5" sx="0.9551" sy="1" image="woodStandart"/>
  <decor_136 x="1217.3" y="-1092.55" rot="0" z="169" dx="0.5" dy="0.5" sx="0.9804" sy="1" image="woodStandart"/>
  <decor_137 x="1319.2" y="-1092.55" rot="0" z="170" dx="0.5" dy="0.5" sx="0.9551" sy="1" image="woodStandart"/>
  <decor_138 x="830.9" y="-823.2" rot="0" z="171" dx="0.5" dy="0.5" sx="1.0593" sy="1" image="woodStandart"/>
  <decor_139 x="1109.55" y="-762.25" rot="0" z="172" dx="0.5002" dy="0.5" sx="2.0103" sy="1" image="woodShadow"/>
  <decor_140 x="935.55" y="-792.45" rot="44.9996" z="173" dx="0.5084" dy="0.5075" sx="1" sy="1" image="woodStandartC"/>
  <decor_141 x="-164.35" y="-762.5" rot="0" z="174" dx="0.5002" dy="0.5" sx="1.0094" sy="1" image="woodShadow"/>
  <decor_142 x="-65.4" y="-792.9" rot="134.9996" z="175" dx="0.4942" dy="0.4623" sx="1" sy="1" image="woodStandartC2"/>
  <decor_143 x="672.9" y="-714.75" rot="0" z="176" dx="0.5" dy="0.5" sx="1.3715" sy="1" image="groundLong"/>
  <decor_144 x="554.95" y="-823.2" rot="0" z="178" dx="0.5" dy="0.5" sx="1" sy="1" image="woodStandart"/>
  <decor_145 x="-342.1" y="-969.75" rot="-90" z="180" dx="0.5002" dy="0.5" sx="2.922" sy="1" image="woodShadow"/>
  <decor_146 x="-464.75" y="-762.3" rot="0" z="181" dx="0.5002" dy="0.5" sx="1.8114" sy="1" image="woodShadow"/>
  <decor_147 x="-227.35" y="-969.2" rot="90" z="182" dx="0.5002" dy="0.5" sx="2.931" sy="1" image="woodShadow"/>
  <decor_148 x="-285" y="-1176.15" rot="0" z="183" dx="0.5002" dy="0.5" sx="0.9308" sy="1" image="woodShadow"/>
  <decor_149 x="1482.75" y="-1015.85" rot="90" z="184" dx="0.5003" dy="0.5" sx="1.1816" sy="1" image="woodShadow"/>
  <decor_150 x="1392.35" y="-793" rot="90" z="185" dx="0.5002" dy="0.5" sx="1.8344" sy="1" image="woodShadow"/>
  <decor_151 x="912.55" y="-567.65" rot="90" z="186" dx="0.5001" dy="0.5" sx="1.2612" sy="1" image="woodShadow"/>
  <decor_152 x="797.65" y="-552.25" rot="-90" z="187" dx="0.5002" dy="0.5" sx="1.0627" sy="1" image="woodShadow"/>
  <decor_153 x="797.45" y="-645.95" rot="-90" z="188" dx="0.5002" dy="0.5" sx="1" sy="1" image="woodShadow"/>
  <decor_154 x="42.6" y="-689.3" rot="90" z="189" dx="0.5004" dy="0.5" sx="0.4096" sy="1" image="woodShadow"/>
  <decor_155 x="137.6" y="-660.05" rot="-90" z="190" dx="0.5002" dy="0.5" sx="0.8036" sy="1" image="woodShadow"/>
  <decor_156 x="462.8" y="-629.1" rot="90" z="191" dx="0.5004" dy="0.5" sx="0.4108" sy="1" image="woodShadow"/>
  <decor_157 x="551.8" y="-688.75" rot="90" z="192" dx="0.5004" dy="0.5" sx="0.4108" sy="1" image="woodShadow"/>
  <decor_158 x="198" y="-867.95" rot="-90" z="193" dx="0.5002" dy="0.5" sx="0.7704" sy="1" image="woodShadow"/>
  <decor_159 x="84.9" y="-823.2" rot="0" z="194" dx="0.5001" dy="0.5" sx="1.6821" sy="1" image="woodShadow"/>
  <decor_160 x="377" y="-867.95" rot="-90" z="195" dx="0.5002" dy="0.5" sx="0.7709" sy="1" image="woodShadow"/>
  <decor_161 x="434.8" y="-912.75" rot="0" z="196" dx="0.5002" dy="0.5" sx="0.9432" sy="1" image="woodShadow"/>
  <decor_162 x="312.5" y="-867.85" rot="90" z="197" dx="0.5002" dy="0.5" sx="0.7727" sy="1" image="woodShadow"/>
  <decor_163 x="255.3" y="-912.75" rot="0" z="198" dx="0.5002" dy="0.5" sx="0.9383" sy="1" image="woodShadow"/>
  <decor_164 x="492.5" y="-867.95" rot="90" z="199" dx="0.5002" dy="0.5" sx="0.7714" sy="1" image="woodShadow"/>
  <decor_165 x="344.95" y="-823.2" rot="0" z="200" dx="0.5003" dy="0.5" sx="0.6065" sy="1" image="woodShadow"/>
  <decor_166 x="695.15" y="-823.2" rot="0" z="201" dx="0.5001" dy="0.5" sx="2.8699" sy="1" image="woodShadow"/>
  <decor_167 x="-732.85" y="-794.75" rot="-90" z="202" dx="0.5002" dy="0.5" sx="1.8148" sy="1" image="woodShadow"/>
  <decor_168 x="-822" y="-1016.75" rot="-90" z="203" dx="0.5001" dy="0.5" sx="1.177" sy="1" image="woodShadow"/>
  <decor_169 x="-496.85" y="-1046.7" rot="90" z="204" dx="0.5002" dy="0.5" sx="0.7897" sy="1" image="woodShadow"/>
  <decor_170 x="-659.25" y="-1092.05" rot="0" z="205" dx="0.5001" dy="0.5" sx="2.3358" sy="1" image="woodShadow"/>
  <decor_171 x="-588.15" y="-870.3" rot="90" z="206" dx="0.5001" dy="0.5" sx="1.606" sy="1" image="woodShadow"/>
  <decor_172 x="1247" y="-870.1" rot="-90" z="207" dx="0.5002" dy="0.5" sx="1.6071" sy="1" image="woodShadow"/>
  <decor_173 x="1156.45" y="-1048" rot="-90" z="208" dx="0.5002" dy="0.5" sx="0.7645" sy="1" image="woodShadow"/>
  <decor_174 x="1319.75" y="-1092.55" rot="0" z="209" dx="0.5001" dy="0.5" sx="2.3471" sy="1" image="woodShadow"/>
  <decor_175 x="935.55" y="-792.45" rot="44.9996" z="210" dx="0.5002" dy="0.5588" sx="1" sy="1" image="woodShadowC1"/>
  <decor_176 x="-64.3" y="-794.55" rot="-45.0004" z="211" dx="0.5002" dy="0.5588" sx="1" sy="1" image="woodShadowC2"/>
  <decor_177 x="1157.7" y="-674.4" rot="26.0854" z="239" dx="0.5" dy="0.5" sx="1.0067" sy="0.9987" image="groundShort"/>
  <decor_178 x="1174.85" y="-665.9" rot="26.0861" z="240" dx="0.5" dy="0.5" sx="1.0054" sy="0.9961" image="groundShort"/>
  <decor_179 x="1260.5" y="-655" rot="0" z="241" dx="0.5" dy="0.5" sx="1.0382" sy="1" image="groundLong"/>
  <decor_180 x="961.75" y="-654.95" rot="0" z="242" dx="0.5" dy="0.5" sx="1.0382" sy="1" image="groundLeft"/>
  <decor_181 x="1198.95" y="-985.05" rot="0" z="243" dx="0.5" dy="0.5" sx="1.0382" sy="1" image="groundRight"/>
  <decor_182 x="1439.85" y="-925.05" rot="0" z="244" dx="0.5" dy="0.5" sx="1.0382" sy="1" image="groundLeft"/>
  <decor_183 x="1060.15" y="-674.3" rot="-26.1699" z="245" dx="0.5" dy="0.5" sx="1.008" sy="1" image="groundShort"/>
  <decor_184 x="1043.05" y="-665.75" rot="-26.1699" z="246" dx="0.5" dy="0.5" sx="1.008" sy="1" image="groundShort"/>
  <decor_185 x="1109.95" y="-684.9" rot="0" z="247" dx="0.5" dy="0.5" sx="1.0081" sy="1" image="groundShort"/>
  <decor_186 x="990.5" y="-655" rot="0" z="248" dx="0.5" dy="0.5" sx="1.0081" sy="1" image="groundShort"/>
  <decor_187 x="599.35" y="-715.2" rot="0" z="249" dx="0.5" dy="0.5" sx="1.0382" sy="1" image="groundLeft"/>
  <decor_188 x="750.6" y="-715.2" rot="0" z="250" dx="0.5" dy="0.5" sx="1.0382" sy="1" image="groundRight"/>
  <decor_189 x="510.45" y="-655.6" rot="0" z="251" dx="0.5" dy="0.5" sx="1.0382" sy="1" image="groundLeft"/>
  <decor_190 x="88.5" y="-715" rot="0" z="252" dx="0.5" dy="0.5" sx="1.0382" sy="1" image="groundLeft"/>
  <decor_191 x="87.7" y="-714.95" rot="0" z="253" dx="0.5" dy="0.5" sx="1" sy="1" image="groundShort"/>
  <decor_192 x="93" y="-715" rot="0" z="254" dx="0.5" dy="0.5" sx="1.0382" sy="1" image="groundRight"/>
  <decor_193 x="-779.05" y="-925.45" rot="0" z="255" dx="0.5" dy="0.5" sx="1.0382" sy="1" image="groundRight"/>
  <decor_194 x="-539.6" y="-985.2" rot="0" z="256" dx="0.5" dy="0.5" sx="1.0382" sy="1" image="groundLeft"/>
  <decor_195 x="-600.6" y="-777.9" rot="0" z="257" dx="0.0239" dy="0.9761" sx="1" sy="1" image="steelOver"/>
  <decor_196 x="-357.4" y="-749.85" rot="-90" z="258" dx="0.0239" dy="0.9761" sx="1" sy="1" image="steelOver"/>
  <decor_197 x="-240.8" y="-777.9" rot="0" z="259" dx="0.0239" dy="0.9761" sx="1" sy="1" image="steelOver"/>
  <decor_198 x="183.45" y="-809.65" rot="-90" z="260" dx="0.0239" dy="0.9761" sx="1" sy="1" image="steelOver"/>
  <decor_199 x="299.6" y="-837.8" rot="0" z="261" dx="0.0239" dy="0.9761" sx="1" sy="1" image="steelOver"/>
  <decor_200 x="362.55" y="-809.65" rot="-90" z="262" dx="0.0239" dy="0.9761" sx="1" sy="1" image="steelOver"/>
  <decor_201 x="478.7" y="-837.8" rot="0" z="263" dx="0.0239" dy="0.9761" sx="1" sy="1" image="steelOver"/>
  <decor_202 x="1232.25" y="-749.25" rot="-90" z="264" dx="0.0239" dy="0.9761" sx="1" sy="1" image="steelOver"/>
  <decor_203 x="1380.2" y="-896.9" rot="0" z="265" dx="0.4879" dy="0.4827" sx="1" sy="1" image="stairsA"/>
  <decor_204 x="1380.2" y="-855.9" rot="0" z="266" dx="0.4879" dy="0.4827" sx="1" sy="1" image="stairsA"/>
  <decor_205 x="1380.2" y="-813.7" rot="0" z="267" dx="0.4879" dy="0.4827" sx="1" sy="1" image="stairsA"/>
  <decor_206 x="1380.2" y="-769.5" rot="0" z="268" dx="0.4879" dy="0.4827" sx="1" sy="1" image="stairsA"/>
  <decor_207 x="1380.2" y="-725.7" rot="0" z="269" dx="0.4879" dy="0.4827" sx="1" sy="1" image="stairsA"/>
  <decor_208 x="1380.2" y="-681.5" rot="0" z="270" dx="0.4879" dy="0.4827" sx="1" sy="1" image="stairsA"/>
  <decor_209 x="1380.25" y="-921" rot="0" z="271" dx="0.483" dy="0.0652" sx="1" sy="1" image="stairsB"/>
  <decor_210 x="1380.6" y="-657.4" rot="0" z="272" dx="0.5" dy="0.5056" sx="1" sy="1" image="stairsC"/>
  <decor_211 x="-720.2" y="-899.95" rot="0" z="273" dx="0.4879" dy="0.4827" sx="1" sy="1" image="stairsA"/>
  <decor_212 x="-720.2" y="-858.95" rot="0" z="274" dx="0.4879" dy="0.4827" sx="1" sy="1" image="stairsA"/>
  <decor_213 x="-720.2" y="-816.75" rot="0" z="275" dx="0.4879" dy="0.4827" sx="1" sy="1" image="stairsA"/>
  <decor_214 x="-720.2" y="-772.55" rot="0" z="276" dx="0.4879" dy="0.4827" sx="1" sy="1" image="stairsA"/>
  <decor_215 x="-720.2" y="-728.75" rot="0" z="277" dx="0.4879" dy="0.4827" sx="1" sy="1" image="stairsA"/>
  <decor_216 x="-720.2" y="-684.55" rot="0" z="278" dx="0.4879" dy="0.4827" sx="1" sy="1" image="stairsA"/>
  <decor_217 x="-720.3" y="-921" rot="0" z="279" dx="0.483" dy="0.0652" sx="1" sy="1" image="stairsB"/>
  <decor_218 x="-719.95" y="-660.2" rot="0" z="280" dx="0.5" dy="0.5056" sx="1" sy="1" image="stairsC"/>
  <decor_219 x="-740.25" y="-658.35" rot="0" z="281" dx="0.5" dy="0.5" sx="1" sy="1" image="stonesOver"/>
  <decor_220 x="131.35" y="-597.4" rot="0" z="282" dx="0.5" dy="0.5" sx="1" sy="1" image="stonesOver"/>
  <decor_221 x="1152.25" y="-986.5" rot="0" z="283" dx="0.5" dy="0.5" sx="1" sy="1" image="stonesOver"/>
  <decor_222 x="1479.7" y="-926.4" rot="0" z="284" dx="0.5" dy="0.5" sx="1" sy="1" image="stonesOver2"/>
  <decor_223 x="1396.55" y="-652.35" rot="0" z="285" dx="0.5" dy="0.5" sx="1" sy="1" image="stonesOver2"/>
  <decor_224 x="796.75" y="-471.45" rot="0" z="286" dx="0.5" dy="0.5" sx="1" sy="1" image="stonesOver"/>
  <decor_225 x="914.3" y="-471.45" rot="180" z="287" dx="0.5" dy="0.5" sx="1" sy="1" image="stonesOver"/>
  <decor_226 x="553.55" y="-654.35" rot="0" z="288" dx="0.5" dy="0.5" sx="1" sy="1" image="stonesOver2"/>
  <decor_227 x="464.05" y="-591.75" rot="0" z="289" dx="0.5" dy="0.5" sx="1" sy="1" image="stonesOver2"/>
  <decor_228 x="43.6" y="-651.8" rot="0" z="290" dx="0.5" dy="0.5" sx="1" sy="1" image="stonesOver2"/>
  <decor_229 x="-830.65" y="-930.1" rot="0" z="291" dx="0.5" dy="0.5" sx="1" sy="1" image="stonesOver"/>
  <decor_230 x="-500.7" y="-985.15" rot="0" z="292" dx="0.5" dy="0.5" sx="1" sy="1" image="stonesOver2"/>
  <decor_231 x="-860.45" y="-1048.15" rot="0" z="293" dx="0.5007" dy="0.4993" sx="1" sy="1" image="darkStoneA"/>
  <decor_232 x="-386.6" y="-1028.8" rot="0" z="294" dx="0.5009" dy="0.4994" sx="1" sy="1" image="darkStoneB"/>
  <decor_233 x="-425.85" y="-1087.7" rot="0" z="295" dx="0.5003" dy="0.5" sx="1" sy="1" image="darkStoneC"/>
  <decor_234 x="-855.2" y="-1112.15" rot="0" z="296" dx="0.501" dy="0.5" sx="1" sy="1" image="darkStoneD"/>
  <decor_235 x="-562.85" y="-949.2" rot="0" z="297" dx="0.5018" dy="0.4978" sx="1" sy="1" image="darkStoneE"/>
  <decor_236 x="-396.45" y="-802.85" rot="0" z="298" dx="0.5003" dy="0.5" sx="1" sy="1" image="darkStoneC"/>
  <decor_237 x="-540.95" y="-808.75" rot="0" z="299" dx="0.5009" dy="0.4994" sx="1" sy="1" image="darkStoneB"/>
  <decor_238 x="-534.55" y="-879.3" rot="0" z="300" dx="0.5007" dy="0.4993" sx="1" sy="1" image="darkStoneA"/>
  <decor_239 x="-181.45" y="-1202.65" rot="0" z="301" dx="0.5003" dy="0.5" sx="1" sy="1" image="darkStoneC"/>
  <decor_240 x="-334.45" y="-1209.7" rot="0" z="302" dx="0.5009" dy="0.4994" sx="1" sy="1" image="darkStoneB"/>
  <decor_241 x="-774.35" y="-1131.6" rot="0" z="303" dx="0.5009" dy="0.4994" sx="1" sy="1" image="darkStoneB"/>
  <decor_242 x="-652.95" y="-1150.3" rot="0" z="304" dx="0.5003" dy="0.5" sx="1" sy="1" image="darkStoneC"/>
  <decor_243 x="-534.55" y="-1134.35" rot="0" z="305" dx="0.5007" dy="0.4993" sx="1" sy="1" image="darkStoneA"/>
  <decor_244 x="-400.65" y="-931.55" rot="0" z="306" dx="0.5003" dy="0.5" sx="1" sy="1" image="darkStoneC"/>
  <decor_245 x="-376.35" y="-879.3" rot="0" z="307" dx="0.5007" dy="0.4993" sx="1" sy="1" image="darkStoneA"/>
  <decor_246 x="-787.65" y="-861.85" rot="0" z="308" dx="0.5003" dy="0.5" sx="1" sy="1" image="darkStoneC"/>
  <decor_247 x="143.05" y="-861.85" rot="0" z="309" dx="0.5003" dy="0.5" sx="1" sy="1" image="darkStoneC"/>
  <decor_248 x="-172.35" y="-805.6" rot="0" z="310" dx="0.5009" dy="0.4994" sx="1" sy="1" image="darkStoneB"/>
  <decor_249 x="88.35" y="-624.55" rot="0" z="311" dx="0.5009" dy="0.4994" sx="1" sy="1" image="darkStoneB"/>
  <decor_250 x="100.2" y="-665.1" rot="0" z="312" dx="0.5007" dy="0.4993" sx="1" sy="1" image="darkStoneA"/>
  <decor_251 x="-785.7" y="-619.05" rot="0" z="313" dx="0.5003" dy="0.5" sx="1" sy="1" image="darkStoneC"/>
  <decor_252 x="-781.4" y="-738.25" rot="0" z="314" dx="0.5009" dy="0.4994" sx="1" sy="1" image="darkStoneB"/>
  <decor_253 x="-703.55" y="-591.95" rot="0" z="315" dx="0.5007" dy="0.4993" sx="1" sy="1" image="darkStoneA"/>
  <decor_254 x="-622.8" y="-597.5" rot="0" z="316" dx="0.5003" dy="0.5" sx="1" sy="1" image="darkStoneC"/>
  <decor_255 x="-527.2" y="-597.7" rot="0" z="317" dx="0.5009" dy="0.4994" sx="1" sy="1" image="darkStoneB"/>
  <decor_256 x="-445.95" y="-603" rot="0" z="318" dx="0.5007" dy="0.4993" sx="1" sy="1" image="darkStoneA"/>
  <decor_257 x="-58.9" y="-864.6" rot="0" z="319" dx="0.5009" dy="0.4994" sx="1" sy="1" image="darkStoneB"/>
  <decor_258 x="-160.35" y="-876.4" rot="0" z="320" dx="0.5003" dy="0.5" sx="1" sy="1" image="darkStoneC"/>
  <decor_259 x="48" y="-879.3" rot="0" z="321" dx="0.5007" dy="0.4993" sx="1" sy="1" image="darkStoneA"/>
  <decor_260 x="554.85" y="-867.4" rot="0" z="322" dx="0.5003" dy="0.5" sx="1" sy="1" image="darkStoneC"/>
  <decor_261 x="-174.8" y="-1112.55" rot="0" z="323" dx="0.5009" dy="0.4994" sx="1" sy="1" image="darkStoneB"/>
  <decor_262 x="-151.25" y="-947.05" rot="0" z="324" dx="0.5009" dy="0.4994" sx="1" sy="1" image="darkStoneB"/>
  <decor_263 x="670.85" y="-569" rot="0" z="325" dx="0.5018" dy="0.4978" sx="1" sy="1" image="darkStoneE"/>
  <decor_264 x="-8.5" y="-849.6" rot="0" z="326" dx="0.5018" dy="0.4978" sx="1" sy="1" image="darkStoneE"/>
  <decor_265 x="-106.55" y="-793.75" rot="0" z="327" dx="0.5018" dy="0.4978" sx="1" sy="1" image="darkStoneE"/>
  <decor_266 x="-106.55" y="-834.9" rot="0" z="328" dx="0.5018" dy="0.4978" sx="1" sy="1" image="darkStoneE"/>
  <decor_267 x="89.6" y="-855.1" rot="0" z="329" dx="0.5018" dy="0.4978" sx="1" sy="1" image="darkStoneE"/>
  <decor_268 x="-462.5" y="-1019.05" rot="0" z="330" dx="0.5018" dy="0.4978" sx="1" sy="1" image="darkStoneE"/>
  <decor_269 x="-493.4" y="-950.25" rot="0" z="331" dx="0.5018" dy="0.4978" sx="1" sy="1" image="darkStoneE"/>
  <decor_270 x="-51.05" y="-597.5" rot="0" z="332" dx="0.5003" dy="0.5" sx="1" sy="1" image="darkStoneC"/>
  <decor_271 x="-151.25" y="-594.95" rot="0" z="333" dx="0.5009" dy="0.4994" sx="1" sy="1" image="darkStoneB"/>
  <decor_272 x="-244.2" y="-587.6" rot="0" z="334" dx="0.5007" dy="0.4993" sx="1" sy="1" image="darkStoneA"/>
  <decor_273 x="-337.15" y="-597.5" rot="0" z="335" dx="0.5003" dy="0.5" sx="1" sy="1" image="darkStoneC"/>
  <decor_274 x="530.8" y="-597.5" rot="0" z="336" dx="0.5003" dy="0.5" sx="1" sy="1" image="darkStoneC"/>
  <decor_275 x="622.2" y="-652.45" rot="0" z="337" dx="0.5009" dy="0.4994" sx="1" sy="1" image="darkStoneB"/>
  <decor_276 x="734.1" y="-656.5" rot="0" z="338" dx="0.5003" dy="0.5" sx="1" sy="1" image="darkStoneC"/>
  <decor_277 x="736.3" y="-487" rot="0" z="339" dx="0.5003" dy="0.5" sx="1" sy="1" image="darkStoneC"/>
  <decor_278 x="737.75" y="-567.35" rot="0" z="340" dx="0.5007" dy="0.4993" sx="1" sy="1" image="darkStoneA"/>
  <decor_279 x="341.2" y="-947.05" rot="0" z="341" dx="0.5009" dy="0.4994" sx="1" sy="1" image="darkStoneB"/>
  <decor_280 x="344.1" y="-857.2" rot="0" z="342" dx="0.5018" dy="0.4978" sx="1" sy="1" image="darkStoneE"/>
  <decor_281 x="174.55" y="-953.8" rot="0" z="343" dx="0.5007" dy="0.4993" sx="1" sy="1" image="darkStoneA"/>
  <decor_282 x="931.95" y="-849.9" rot="0" z="344" dx="0.5009" dy="0.4994" sx="1" sy="1" image="darkStoneB"/>
  <decor_283 x="1186.7" y="-808.4" rot="0" z="345" dx="0.5003" dy="0.5" sx="1" sy="1" image="darkStoneC"/>
  <decor_284 x="1189.6" y="-931" rot="0" z="346" dx="0.5009" dy="0.4994" sx="1" sy="1" image="darkStoneB"/>
  <decor_285 x="642.7" y="-869.4" rot="0" z="347" dx="0.5009" dy="0.4994" sx="1" sy="1" image="darkStoneB"/>
  <decor_286 x="504.4" y="-945.55" rot="0" z="348" dx="0.5009" dy="0.4994" sx="1" sy="1" image="darkStoneB"/>
  <decor_287 x="953.2" y="-597.7" rot="0" z="349" dx="0.5007" dy="0.4993" sx="1" sy="1" image="darkStoneA"/>
  <decor_288 x="822.3" y="-876.4" rot="0" z="350" dx="0.5003" dy="0.5" sx="1" sy="1" image="darkStoneC"/>
  <decor_289 x="724.05" y="-866.65" rot="0" z="351" dx="0.5007" dy="0.4993" sx="1" sy="1" image="darkStoneA"/>
  <decor_290 x="1099.05" y="-636.1" rot="0" z="352" dx="0.5009" dy="0.4994" sx="1" sy="1" image="darkStoneB"/>
  <decor_291 x="998.1" y="-811.55" rot="0" z="353" dx="0.5003" dy="0.5" sx="1" sy="1" image="darkStoneC"/>
  <decor_292 x="767" y="-854.4" rot="0" z="354" dx="0.5018" dy="0.4978" sx="1" sy="1" image="darkStoneE"/>
  <decor_293 x="1443.8" y="-867.4" rot="0" z="355" dx="0.5003" dy="0.5" sx="1" sy="1" image="darkStoneC"/>
  <decor_294 x="1437.45" y="-805.15" rot="0" z="356" dx="0.5009" dy="0.4994" sx="1" sy="1" image="darkStoneB"/>
  <decor_295 x="951.05" y="-406" rot="0" z="357" dx="0.5003" dy="0.5" sx="1" sy="1" image="darkStoneC"/>
  <decor_296 x="978.9" y="-475.9" rot="0" z="358" dx="0.5009" dy="0.4994" sx="1" sy="1" image="darkStoneB"/>
  <decor_297 x="1153.35" y="-1142.75" rot="0" z="359" dx="0.5009" dy="0.4994" sx="1" sy="1" image="darkStoneB"/>
  <decor_298 x="1098.3" y="-1073.1" rot="0" z="360" dx="0.5003" dy="0.5" sx="1" sy="1" image="darkStoneC"/>
  <decor_299 x="1513.65" y="-1125.45" rot="0" z="361" dx="0.5003" dy="0.5" sx="1" sy="1" image="darkStoneC"/>
  <decor_300 x="1124.5" y="-803.2" rot="0" z="362" dx="0.5007" dy="0.4993" sx="1" sy="1" image="darkStoneA"/>
  <decor_301 x="1531.1" y="-966.25" rot="0" z="363" dx="0.5009" dy="0.4994" sx="1" sy="1" image="darkStoneB"/>
  <decor_302 x="1533.85" y="-1031.55" rot="0" z="364" dx="0.5007" dy="0.4993" sx="1" sy="1" image="darkStoneA"/>
  <decor_303 x="1412.2" y="-588.9" rot="0" z="365" dx="0.5003" dy="0.5" sx="1" sy="1" image="darkStoneC"/>
  <decor_304 x="1265.85" y="-594.95" rot="0" z="366" dx="0.5009" dy="0.4994" sx="1" sy="1" image="darkStoneB"/>
  <decor_305 x="1173.55" y="-597.75" rot="0" z="367" dx="0.5003" dy="0.5" sx="1" sy="1" image="darkStoneC"/>
  <decor_306 x="1443.35" y="-681.5" rot="0" z="368" dx="0.5009" dy="0.4994" sx="1" sy="1" image="darkStoneB"/>
  <decor_307 x="1432.3" y="-740.2" rot="0" z="369" dx="0.5007" dy="0.4993" sx="1" sy="1" image="darkStoneA"/>
  <decor_308 x="1261.95" y="-1139.8" rot="0" z="370" dx="0.5003" dy="0.5" sx="1" sy="1" image="darkStoneC"/>
  <decor_309 x="1370.1" y="-1134.25" rot="0" z="371" dx="0.5007" dy="0.4993" sx="1" sy="1" image="darkStoneA"/>
  <decor_310 x="-487.5" y="-803.1" rot="44.4668" z="372" dx="0.5003" dy="0.5" sx="1" sy="1" image="darkStoneC"/>
  <decor_311 x="-445.4" y="-839.2" rot="0" z="373" dx="0.5007" dy="0.4993" sx="1" sy="1" image="darkStoneA"/>
  <decor_312 x="-539.15" y="-927.1" rot="0" z="374" dx="0.5009" dy="0.4994" sx="1" sy="1" image="darkStoneB"/>
  <decor_313 x="-380.15" y="-846.2" rot="0" z="375" dx="0.501" dy="0.5" sx="1" sy="1" image="darkStoneD"/>
  <decor_314 x="-467.1" y="-901.05" rot="0" z="376" dx="0.5003" dy="0.5" sx="1" sy="1" image="darkStoneC"/>
  <decor_315 x="-426.25" y="-982.7" rot="0" z="377" dx="0.5009" dy="0.4994" sx="1" sy="1" image="darkStoneB"/>
  <decor_316 x="-456.95" y="-1054.4" rot="0" z="378" dx="0.5007" dy="0.4993" sx="1" sy="1" image="darkStoneA"/>
  <decor_317 x="-558.5" y="-844.65" rot="0" z="379" dx="0.501" dy="0.5" sx="1" sy="1" image="darkStoneD"/>
  <decor_318 x="-780.05" y="-800.65" rot="-36.6893" z="380" dx="0.5009" dy="0.4994" sx="1" sy="1" image="darkStoneB"/>
  <decor_319 x="-785.5" y="-676.1" rot="66.4786" z="381" dx="0.5009" dy="0.4994" sx="1" sy="1" image="darkStoneB"/>
  <decor_320 x="69.4" y="-678.55" rot="0" z="382" dx="0.5018" dy="0.4978" sx="1" sy="1" image="darkStoneE"/>
  <decor_321 x="31.05" y="-606.45" rot="0" z="383" dx="0.5007" dy="0.4993" sx="1" sy="1" image="darkStoneA"/>
  <decor_322 x="344.7" y="-892.35" rot="0" z="384" dx="0.5007" dy="0.4993" sx="1" sy="1" image="darkStoneA"/>
  <decor_323 x="518.4" y="-847.5" rot="0" z="385" dx="0.5018" dy="0.4978" sx="1" sy="1" image="darkStoneE"/>
  <decor_324 x="667.4" y="-608.15" rot="-22.2272" z="386" dx="0.5003" dy="0.5" sx="1" sy="1" image="darkStoneC"/>
  <decor_325 x="761" y="-613" rot="55.2446" z="387" dx="0.5007" dy="0.4993" sx="1" sy="1" image="darkStoneA"/>
  <decor_326 x="1023.3" y="-600.5" rot="0" z="388" dx="0.5003" dy="0.5" sx="1" sy="1" image="darkStoneC"/>
  <decor_327 x="809" y="-418.8" rot="0" z="389" dx="0.5003" dy="0.5" sx="1" sy="1" image="darkStoneC"/>
  <decor_328 x="953.85" y="-513" rot="46.4839" z="390" dx="0.5007" dy="0.4993" sx="1" sy="1" image="darkStoneA"/>
  <decor_329 x="942.7" y="-557.7" rot="0" z="391" dx="0.5018" dy="0.4978" sx="1" sy="1" image="darkStoneE"/>
  <decor_330 x="1062.05" y="-804.15" rot="0" z="392" dx="0.5009" dy="0.4994" sx="1" sy="1" image="darkStoneB"/>
  <decor_331 x="1198.6" y="-863.1" rot="-54.4869" z="393" dx="0.5003" dy="0.5" sx="1" sy="1" image="darkStoneC"/>
  <decor_332 x="1104.1" y="-1009.9" rot="-54.4869" z="394" dx="0.5003" dy="0.5" sx="1" sy="1" image="darkStoneC"/>
  <decor_333 x="1105.75" y="-943.75" rot="0" z="395" dx="0.5003" dy="0.5" sx="1" sy="1" image="darkStoneC"/>
  <decor_334 x="1551.55" y="-1078.35" rot="-21.9923" z="396" dx="0.5003" dy="0.5" sx="1" sy="1" image="darkStoneC"/>
  <decor_335 x="876.35" y="-858.25" rot="0" z="397" dx="0.5007" dy="0.4993" sx="1" sy="1" image="darkStoneA"/>
  <decor_336 x="1439" y="-635.35" rot="0" z="398" dx="0.5007" dy="0.4993" sx="1" sy="1" image="darkStoneA"/>
  <decor_337 x="1339" y="-601.5" rot="47.7336" z="399" dx="0.5007" dy="0.4993" sx="1" sy="1" image="darkStoneA"/>
  <decor_338 x="84.1" y="-570.55" rot="0" z="400" dx="0.5007" dy="0.4993" sx="1" sy="1" image="darkStoneA"/>
  <decor_339 x="157.05" y="-541.1" rot="0" z="401" dx="0.5003" dy="0.5" sx="1" sy="1" image="darkStoneC"/>
  <decor_340 x="252.65" y="-541.3" rot="0" z="402" dx="0.5009" dy="0.4994" sx="1" sy="1" image="darkStoneB"/>
  <decor_341 x="333.9" y="-546.6" rot="0" z="403" dx="0.5007" dy="0.4993" sx="1" sy="1" image="darkStoneA"/>
  <decor_342 x="442.7" y="-541.1" rot="0" z="404" dx="0.5003" dy="0.5" sx="1" sy="1" image="darkStoneC"/>
  <decor_343 x="522.95" y="-541.3" rot="0" z="405" dx="0.5009" dy="0.4994" sx="1" sy="1" image="darkStoneB"/>
  <decor_344 x="608.2" y="-562.5" rot="0" z="406" dx="0.5003" dy="0.5" sx="1" sy="1" image="darkStoneC"/>
  <decor_345 x="600.85" y="-606.45" rot="0" z="407" dx="0.5007" dy="0.4993" sx="1" sy="1" image="darkStoneA"/>
  <decor_346 x="766.1" y="-524.25" rot="0" z="408" dx="0.5018" dy="0.4978" sx="1" sy="1" image="darkStoneE"/>
  <decor_347 x="766.1" y="-565.1" rot="0" z="409" dx="0.5018" dy="0.4978" sx="1" sy="1" image="darkStoneE"/>
  <playerBall x="-286" y="-990.05" rot="0" type="2" den="1" frc="0.15" rst="0" sens="false" geom="0" z="413" dx="0.4824" dy="0.2923" category="100" mask="65533">
    <radius>40</radius>
  </playerBall>
  <door0 x="855.25" y="-661.15" rot="0" type="0" den="0" frc="0.4" rst="0" sens="false" geom="2" z="109" dx="0.5014" dy="0.9181" check="10">
    <p0>
      <v0 x="45" y="0"/>
      <v1 x="45" y="20"/>
      <v2 x="-45" y="20"/>
      <v3 x="-45" y="0"/>
    </p0>
  </door0>
  <key0 x="1215.1" y="-1034.65" rot="0" type="0" den="0" frc="0" rst="0" sens="true" geom="2" z="410" dx="0.5033" dy="0.4983">
    <p0>
      <v0 x="-18" y="18"/>
      <v1 x="-18" y="-18"/>
      <v2 x="18" y="-18"/>
      <v3 x="18" y="18"/>
    </p0>
  </key0>
  <star1 x="-765.85" y="-974.75" rot="0" type="0" den="0" frc="0" rst="0" sens="true" geom="0" z="50" dx="0.494" dy="0.5008">
    <radius>20</radius>
  </star1>
  <star2 x="-764.85" y="-1034.65" rot="0" type="0" den="0" frc="0" rst="0" sens="true" geom="0" z="50" dx="0.494" dy="0.5008">
    <radius>20</radius>
  </star2>
  <star3 x="-630.15" y="-915.15" rot="0" type="0" den="0" frc="0" rst="0" sens="true" geom="0" z="50" dx="0.494" dy="0.5008">
    <radius>20</radius>
  </star3>
  <star4 x="-630.15" y="-811" rot="0" type="0" den="0" frc="0" rst="0" sens="true" geom="0" z="50" dx="0.494" dy="0.5008">
    <radius>20</radius>
  </star4>
  <star5 x="1289.85" y="-811" rot="0" type="0" den="0" frc="0" rst="0" sens="true" geom="0" z="50" dx="0.494" dy="0.5008">
    <radius>20</radius>
  </star5>
  <star6 x="1289.85" y="-915.15" rot="0" type="0" den="0" frc="0" rst="0" sens="true" geom="0" z="50" dx="0.494" dy="0.5008">
    <radius>20</radius>
  </star6>
  <body_39 x="0" y="0" rot="0" type="0" den="0" frc="0.4" rst="0" sens="false" geom="1">
    <v0 x="1470" y="-930"/>
    <v1 x="1380" y="-930"/>
    <v2 x="1380" y="-660"/>
    <v3 x="1200" y="-660"/>
    <v4 x="1140" y="-690"/>
    <v5 x="1080" y="-690"/>
    <v6 x="1020" y="-660"/>
    <v7 x="900" y="-660"/>
    <v8 x="900" y="-480"/>
    <v9 x="810" y="-480"/>
    <v10 x="810" y="-720"/>
    <v11 x="540" y="-720"/>
    <v12 x="540" y="-660"/>
    <v13 x="450" y="-660"/>
    <v14 x="450" y="-600"/>
    <v15 x="150" y="-600"/>
    <v16 x="150" y="-720"/>
    <v17 x="30" y="-720"/>
    <v18 x="30" y="-660"/>
    <v19 x="-720" y="-660"/>
    <v20 x="-720" y="-930"/>
    <v21 x="-810" y="-930"/>
    <v22 x="-810" y="-1080"/>
    <v23 x="-510" y="-1080"/>
    <v24 x="-510" y="-990"/>
    <v25 x="-600" y="-990"/>
    <v26 x="-600" y="-750"/>
    <v27 x="-330" y="-750"/>
    <v28 x="-330" y="-1170"/>
    <v29 x="-240" y="-1170"/>
    <v30 x="-240" y="-750"/>
    <v31 x="-90" y="-750"/>
    <v32 x="-30" y="-810"/>
    <v33 x="210" y="-810"/>
    <v34 x="210" y="-900"/>
    <v35 x="300" y="-900"/>
    <v36 x="300" y="-810"/>
    <v37 x="390" y="-810"/>
    <v38 x="390" y="-900"/>
    <v39 x="480" y="-900"/>
    <v40 x="480" y="-810"/>
    <v41 x="900" y="-810"/>
    <v42 x="960" y="-750"/>
    <v43 x="1260" y="-750"/>
    <v44 x="1260" y="-990"/>
    <v45 x="1170" y="-990"/>
    <v46 x="1170" y="-1080"/>
    <v47 x="1470" y="-1080"/>
  </body_39>
  <boom1 x="-120" y="-678.5" rot="0" type="2" den="1" frc="0.5" rst="0" sens="false" geom="2" z="420" dx="0.5" dy="0.5" x1="-690" x2="50" phase="-1">
    <p0>
      <v0 x="12.25" y="-17.75"/>
      <v1 x="16.95" y="-16.95"/>
      <v2 x="17.75" y="-11.95"/>
      <v3 x="17.75" y="11.95"/>
      <v4 x="17" y="17.1"/>
      <v5 x="12.25" y="17.75"/>
      <v6 x="-12" y="17.75"/>
      <v7 x="-16.9" y="16.85"/>
      <v8 x="-17.75" y="12.4"/>
      <v9 x="-17.75" y="-12"/>
      <v10 x="-17.1" y="-17"/>
      <v11 x="-12.75" y="-17.75"/>
    </p0>
  </boom1>
  <boom2 x="1426" y="-948.2" rot="0" type="2" den="1" frc="0.5" rst="0" sens="false" geom="2" z="415" dx="0.5" dy="0.5" x1="0" x2="0" phase="2">
    <p0>
      <v0 x="12.25" y="-17.75"/>
      <v1 x="16.95" y="-16.95"/>
      <v2 x="17.75" y="-11.95"/>
      <v3 x="17.75" y="11.95"/>
      <v4 x="17" y="17.1"/>
      <v5 x="12.25" y="17.75"/>
      <v6 x="-12" y="17.75"/>
      <v7 x="-16.9" y="16.85"/>
      <v8 x="-17.75" y="12.4"/>
      <v9 x="-17.75" y="-12"/>
      <v10 x="-17.1" y="-17"/>
      <v11 x="-12.75" y="-17.75"/>
    </p0>
  </boom2>
  <boom3 x="256.45" y="-840" rot="0" type="2" den="1" frc="0.5" rst="0" sens="false" geom="2" z="426" dx="0.5" dy="0.5" x1="0" x2="0" phase="2">
    <p0>
      <v0 x="12.25" y="-17.75"/>
      <v1 x="16.95" y="-16.95"/>
      <v2 x="17.75" y="-11.95"/>
      <v3 x="17.75" y="11.95"/>
      <v4 x="17" y="17.1"/>
      <v5 x="12.25" y="17.75"/>
      <v6 x="-12" y="17.75"/>
      <v7 x="-16.9" y="16.85"/>
      <v8 x="-17.75" y="12.4"/>
      <v9 x="-17.75" y="-12"/>
      <v10 x="-17.1" y="-17"/>
      <v11 x="-12.75" y="-17.75"/>
    </p0>
  </boom3>
  <boom4 x="434.45" y="-840" rot="0" type="2" den="1" frc="0.5" rst="0" sens="false" geom="2" z="427" dx="0.5" dy="0.5" x1="0" x2="0" phase="2">
    <p0>
      <v0 x="12.25" y="-17.75"/>
      <v1 x="16.95" y="-16.95"/>
      <v2 x="17.75" y="-11.95"/>
      <v3 x="17.75" y="11.95"/>
      <v4 x="17" y="17.1"/>
      <v5 x="12.25" y="17.75"/>
      <v6 x="-12" y="17.75"/>
      <v7 x="-16.9" y="16.85"/>
      <v8 x="-17.75" y="12.4"/>
      <v9 x="-17.75" y="-12"/>
      <v10 x="-17.1" y="-17"/>
      <v11 x="-12.75" y="-17.75"/>
    </p0>
  </boom4>
  <door1 x="-239.45" y="-712.75" rot="0" type="0" den="0" frc="0.4" rst="0" sens="false" geom="2" z="179" dx="0.1297" dy="0.4982" check="1">
    <p0>
      <v0 x="0" y="-55"/>
      <v1 x="12" y="-55"/>
      <v2 x="12" y="55"/>
      <v3 x="0" y="55"/>
    </p0>
  </door1>
  <key1 x="-554.9" y="-1035" rot="0" type="0" den="0" frc="0" rst="0" sens="true" geom="2" z="414" dx="0.5033" dy="0.4983">
    <p0>
      <v0 x="-18" y="18"/>
      <v1 x="-18" y="-18"/>
      <v2 x="18" y="-18"/>
      <v3 x="18" y="18"/>
    </p0>
  </key1>
  <door2 x="599.65" y="-771.4" rot="0" type="0" den="0" frc="0.4" rst="0" sens="false" geom="2" z="177" dx="0.0137" dy="0.5009" check="2">
    <p0>
      <v0 x="0" y="-55"/>
      <v1 x="12" y="-55"/>
      <v2 x="12" y="55"/>
      <v3 x="0" y="55"/>
    </p0>
  </door2>
  <key2 x="297.35" y="-630.05" rot="0" type="0" den="0" frc="0" rst="0" sens="true" geom="2" z="424" dx="0.5033" dy="0.4983">
    <p0>
      <v0 x="-18" y="18"/>
      <v1 x="-18" y="-18"/>
      <v2 x="18" y="-18"/>
      <v3 x="18" y="18"/>
    </p0>
  </key2>
  <door3 x="435" y="-823.9" rot="89.9948" type="0" den="0" frc="0.4" rst="0" sens="false" geom="2" z="111" dx="0.0137" dy="0.5009" check="2">
    <p0>
      <v0 x="0" y="-55"/>
      <v1 x="12" y="-55"/>
      <v2 x="12" y="55"/>
      <v3 x="0" y="55"/>
    </p0>
  </door3>
  <key4 x="399.9" y="-630.05" rot="0" type="0" den="0" frc="0" rst="0" sens="true" geom="2" z="423" dx="0.5033" dy="0.4983">
    <p0>
      <v0 x="-18" y="18"/>
      <v1 x="-18" y="-18"/>
      <v2 x="18" y="-18"/>
      <v3 x="18" y="18"/>
    </p0>
  </key4>
  <door4 x="255.25" y="-823.65" rot="89.9948" type="0" den="0" frc="0.4" rst="0" sens="false" geom="2" z="110" dx="0.0137" dy="0.5009" check="2">
    <p0>
      <v0 x="0" y="-55"/>
      <v1 x="12" y="-55"/>
      <v2 x="12" y="55"/>
      <v3 x="0" y="55"/>
    </p0>
  </door4>
  <key3 x="196.1" y="-630.05" rot="0" type="0" den="0" frc="0" rst="0" sens="true" geom="2" z="425" dx="0.5033" dy="0.4983">
    <p0>
      <v0 x="-18" y="18"/>
      <v1 x="-18" y="-18"/>
      <v2 x="18" y="-18"/>
      <v3 x="18" y="18"/>
    </p0>
  </key3>
  <stairs_0 x="0" y="0" rot="0" type="0" den="0" frc="0" rst="0" sens="true" geom="2">
    <p0>
      <v0 x="-720" y="-930"/>
      <v1 x="-690" y="-930"/>
      <v2 x="-690" y="-660"/>
      <v3 x="-720" y="-660"/>
    </p0>
  </stairs_0>
  <stairs_1 x="0" y="0" rot="0" type="0" den="0" frc="0" rst="0" sens="true" geom="2">
    <p0>
      <v0 x="1350" y="-930"/>
      <v1 x="1380" y="-930"/>
      <v2 x="1380" y="-660"/>
      <v3 x="1350" y="-660"/>
    </p0>
  </stairs_1>
  <caveMask>
    <p0>
      <v0 x="-510" y="-990"/>
      <v1 x="-600" y="-990"/>
      <v2 x="-810" y="-1080"/>
      <v3 x="-510" y="-1080"/>
    </p0>
    <p1>
      <v0 x="-810" y="-1080"/>
      <v1 x="-600" y="-990"/>
      <v2 x="-720" y="-930"/>
      <v3 x="-810" y="-930"/>
    </p1>
    <p2>
      <v0 x="-720" y="-930"/>
      <v1 x="-600" y="-990"/>
      <v2 x="-600" y="-750"/>
      <v3 x="-720" y="-660"/>
    </p2>
    <p3>
      <v0 x="150" y="-720"/>
      <v1 x="30" y="-720"/>
      <v2 x="-30" y="-810"/>
      <v3 x="210" y="-810"/>
    </p3>
    <p4>
      <v0 x="30" y="-720"/>
      <v1 x="30" y="-660"/>
      <v2 x="-90" y="-750"/>
      <v3 x="-30" y="-810"/>
    </p4>
    <p5>
      <v0 x="-90" y="-750"/>
      <v1 x="30" y="-660"/>
      <v2 x="-720" y="-660"/>
      <v3 x="-600" y="-750"/>
    </p5>
    <p6>
      <v0 x="-330" y="-1170"/>
      <v1 x="-240" y="-1170"/>
      <v2 x="-240" y="-750"/>
      <v3 x="-330" y="-750"/>
    </p6>
    <p7>
      <v0 x="300" y="-900"/>
      <v1 x="300" y="-810"/>
      <v2 x="210" y="-810"/>
      <v3 x="210" y="-900"/>
    </p7>
    <p8>
      <v0 x="210" y="-810"/>
      <v1 x="300" y="-810"/>
      <v2 x="450" y="-660"/>
      <v3 x="450" y="-600"/>
      <v4 x="150" y="-600"/>
      <v5 x="150" y="-720"/>
    </p8>
    <p9>
      <v0 x="390" y="-810"/>
      <v1 x="450" y="-660"/>
      <v2 x="300" y="-810"/>
    </p9>
    <p10>
      <v0 x="480" y="-900"/>
      <v1 x="480" y="-810"/>
      <v2 x="450" y="-660"/>
      <v3 x="390" y="-810"/>
      <v4 x="390" y="-900"/>
    </p10>
    <p11>
      <v0 x="450" y="-660"/>
      <v1 x="480" y="-810"/>
      <v2 x="540" y="-720"/>
      <v3 x="540" y="-660"/>
    </p11>
    <p12>
      <v0 x="540" y="-720"/>
      <v1 x="480" y="-810"/>
      <v2 x="900" y="-810"/>
      <v3 x="810" y="-720"/>
    </p12>
    <p13>
      <v0 x="810" y="-480"/>
      <v1 x="810" y="-720"/>
      <v2 x="900" y="-810"/>
      <v3 x="900" y="-480"/>
    </p13>
    <p14>
      <v0 x="1470" y="-930"/>
      <v1 x="1380" y="-930"/>
      <v2 x="1260" y="-990"/>
      <v3 x="1170" y="-1080"/>
      <v4 x="1470" y="-1080"/>
    </p14>
    <p15>
      <v0 x="1170" y="-990"/>
      <v1 x="1170" y="-1080"/>
      <v2 x="1260" y="-990"/>
    </p15>
    <p16>
      <v0 x="1260" y="-990"/>
      <v1 x="1380" y="-930"/>
      <v2 x="1260" y="-750"/>
    </p16>
    <p17>
      <v0 x="900" y="-810"/>
      <v1 x="960" y="-750"/>
      <v2 x="900" y="-660"/>
    </p17>
    <p18>
      <v0 x="960" y="-750"/>
      <v1 x="1260" y="-750"/>
      <v2 x="1080" y="-690"/>
      <v3 x="900" y="-660"/>
    </p18>
    <p19>
      <v0 x="1020" y="-660"/>
      <v1 x="900" y="-660"/>
      <v2 x="1080" y="-690"/>
    </p19>
    <p20>
      <v0 x="1080" y="-690"/>
      <v1 x="1260" y="-750"/>
      <v2 x="1140" y="-690"/>
    </p20>
    <p21>
      <v0 x="1140" y="-690"/>
      <v1 x="1260" y="-750"/>
      <v2 x="1200" y="-660"/>
    </p21>
    <p22>
      <v0 x="1260" y="-750"/>
      <v1 x="1380" y="-930"/>
      <v2 x="1200" y="-660"/>
    </p22>
    <p23>
      <v0 x="1380" y="-660"/>
      <v1 x="1200" y="-660"/>
      <v2 x="1380" y="-930"/>
    </p23>
  </caveMask>
</level_67>
