<level_60>
  <checkPoints>
    <p0 x="89" y="381.55"/>
  </checkPoints>
  <viewPoints>
    <p0 x="-0.05" f="0.5" h="240"/>
    <p1 x="640.05" f="0.5" h="240"/>
  </viewPoints>
  <joints/>
  <frame x="-0.05" y="-0.05" w="640.1" h="480.1"/>
  <frameLeft x="0" y="0" rot="0" type="0" den="0" frc="0" rst="0" sens="false" geom="1" category="65535" mask="65535">
    <v0 x="-0.05" y="-0.05"/>
    <v1 x="-0.05" y="480.05"/>
  </frameLeft>
  <frameRight x="0" y="0" rot="0" type="0" den="0" frc="0" rst="0" sens="false" geom="1" category="65535" mask="65239">
    <v0 x="640.05" y="480.05"/>
    <v1 x="640.05" y="-0.05"/>
  </frameRight>
  <body_3 x="0" y="0" rot="0" type="0" den="0" frc="0" rst="0" sens="false" geom="1">
    <v0 x="-200.05" y="-0.05"/>
    <v1 x="-200.05" y="480.05"/>
  </body_3>
  <body_4 x="0" y="0" rot="0" type="0" den="0" frc="0" rst="0" sens="false" geom="1">
    <v0 x="840.05" y="480.05"/>
    <v1 x="840.05" y="-0.05"/>
  </body_4>
  <body_5 x="25" y="409" rot="0" type="0" den="0" frc="0.4" rst="0" sens="false" geom="2" image="balk90" z="9" dx="0.5" dy="0.5">
    <p0>
      <v0 x="42.55" y="-5.15"/>
      <v1 x="44.05" y="-2"/>
      <v2 x="44.05" y="0.85"/>
      <v3 x="43.35" y="3.6"/>
      <v4 x="42.05" y="5.75"/>
      <v5 x="39.35" y="8"/>
      <v6 x="-40" y="8"/>
      <v7 x="-42" y="5.75"/>
      <v8 x="-43.3" y="3.6"/>
      <v9 x="-44" y="0.85"/>
      <v10 x="-44" y="-2"/>
      <v11 x="-42.5" y="-5.15"/>
      <v12 x="-39.45" y="-8"/>
      <v13 x="39.4" y="-8"/>
    </p0>
  </body_5>
  <body_6 x="111" y="409" rot="0" type="0" den="0" frc="0.4" rst="0" sens="false" geom="2" image="balk90" z="10" dx="0.5" dy="0.5">
    <p0>
      <v0 x="42.55" y="-5.15"/>
      <v1 x="44.05" y="-2"/>
      <v2 x="44.05" y="0.85"/>
      <v3 x="43.35" y="3.6"/>
      <v4 x="42.05" y="5.75"/>
      <v5 x="39.35" y="8"/>
      <v6 x="-40" y="8"/>
      <v7 x="-42" y="5.75"/>
      <v8 x="-43.3" y="3.6"/>
      <v9 x="-44" y="0.85"/>
      <v10 x="-44" y="-2"/>
      <v11 x="-42.5" y="-5.15"/>
      <v12 x="-39.45" y="-8"/>
      <v13 x="39.4" y="-8"/>
    </p0>
  </body_6>
  <body_7 x="195" y="409" rot="0" type="0" den="0" frc="0.4" rst="0" sens="false" geom="2" image="balk90" z="11" dx="0.5" dy="0.5">
    <p0>
      <v0 x="42.55" y="-5.15"/>
      <v1 x="44.05" y="-2"/>
      <v2 x="44.05" y="0.85"/>
      <v3 x="43.35" y="3.6"/>
      <v4 x="42.05" y="5.75"/>
      <v5 x="39.35" y="8"/>
      <v6 x="-40" y="8"/>
      <v7 x="-42" y="5.75"/>
      <v8 x="-43.3" y="3.6"/>
      <v9 x="-44" y="0.85"/>
      <v10 x="-44" y="-2"/>
      <v11 x="-42.5" y="-5.15"/>
      <v12 x="-39.45" y="-8"/>
      <v13 x="39.4" y="-8"/>
    </p0>
  </body_7>
  <body_8 x="281" y="409" rot="0" type="0" den="0" frc="0.4" rst="0" sens="false" geom="2" image="balk90" z="12" dx="0.5" dy="0.5">
    <p0>
      <v0 x="42.55" y="-5.15"/>
      <v1 x="44.05" y="-2"/>
      <v2 x="44.05" y="0.85"/>
      <v3 x="43.35" y="3.6"/>
      <v4 x="42.05" y="5.75"/>
      <v5 x="39.35" y="8"/>
      <v6 x="-40" y="8"/>
      <v7 x="-42" y="5.75"/>
      <v8 x="-43.3" y="3.6"/>
      <v9 x="-44" y="0.85"/>
      <v10 x="-44" y="-2"/>
      <v11 x="-42.5" y="-5.15"/>
      <v12 x="-39.45" y="-8"/>
      <v13 x="39.4" y="-8"/>
    </p0>
  </body_8>
  <body_9 x="365" y="409" rot="0" type="0" den="0" frc="0.4" rst="0" sens="false" geom="2" image="balk90" z="13" dx="0.5" dy="0.5">
    <p0>
      <v0 x="42.55" y="-5.15"/>
      <v1 x="44.05" y="-2"/>
      <v2 x="44.05" y="0.85"/>
      <v3 x="43.35" y="3.6"/>
      <v4 x="42.05" y="5.75"/>
      <v5 x="39.35" y="8"/>
      <v6 x="-40" y="8"/>
      <v7 x="-42" y="5.75"/>
      <v8 x="-43.3" y="3.6"/>
      <v9 x="-44" y="0.85"/>
      <v10 x="-44" y="-2"/>
      <v11 x="-42.5" y="-5.15"/>
      <v12 x="-39.45" y="-8"/>
      <v13 x="39.4" y="-8"/>
    </p0>
  </body_9>
  <body_10 x="451" y="409" rot="0" type="0" den="0" frc="0.4" rst="0" sens="false" geom="2" image="balk90" z="14" dx="0.5" dy="0.5">
    <p0>
      <v0 x="42.55" y="-5.15"/>
      <v1 x="44.05" y="-2"/>
      <v2 x="44.05" y="0.85"/>
      <v3 x="43.35" y="3.6"/>
      <v4 x="42.05" y="5.75"/>
      <v5 x="39.35" y="8"/>
      <v6 x="-40" y="8"/>
      <v7 x="-42" y="5.75"/>
      <v8 x="-43.3" y="3.6"/>
      <v9 x="-44" y="0.85"/>
      <v10 x="-44" y="-2"/>
      <v11 x="-42.5" y="-5.15"/>
      <v12 x="-39.45" y="-8"/>
      <v13 x="39.4" y="-8"/>
    </p0>
  </body_10>
  <body_11 x="535" y="409" rot="0" type="0" den="0" frc="0.4" rst="0" sens="false" geom="2" image="balk90" z="15" dx="0.5" dy="0.5">
    <p0>
      <v0 x="42.55" y="-5.15"/>
      <v1 x="44.05" y="-2"/>
      <v2 x="44.05" y="0.85"/>
      <v3 x="43.35" y="3.6"/>
      <v4 x="42.05" y="5.75"/>
      <v5 x="39.35" y="8"/>
      <v6 x="-40" y="8"/>
      <v7 x="-42" y="5.75"/>
      <v8 x="-43.3" y="3.6"/>
      <v9 x="-44" y="0.85"/>
      <v10 x="-44" y="-2"/>
      <v11 x="-42.5" y="-5.15"/>
      <v12 x="-39.45" y="-8"/>
      <v13 x="39.4" y="-8"/>
    </p0>
  </body_11>
  <body_12 x="621" y="409" rot="0" type="0" den="0" frc="0.4" rst="0" sens="false" geom="2" image="balk90" z="16" dx="0.5" dy="0.5">
    <p0>
      <v0 x="42.55" y="-5.15"/>
      <v1 x="44.05" y="-2"/>
      <v2 x="44.05" y="0.85"/>
      <v3 x="43.35" y="3.6"/>
      <v4 x="42.05" y="5.75"/>
      <v5 x="39.35" y="8"/>
      <v6 x="-40" y="8"/>
      <v7 x="-42" y="5.75"/>
      <v8 x="-43.3" y="3.6"/>
      <v9 x="-44" y="0.85"/>
      <v10 x="-44" y="-2"/>
      <v11 x="-42.5" y="-5.15"/>
      <v12 x="-39.45" y="-8"/>
      <v13 x="39.4" y="-8"/>
    </p0>
  </body_12>
  <body_13 x="621" y="112" rot="180" type="0" den="0" frc="0.4" rst="0" sens="false" geom="2" image="balk90" z="17" dx="0.5" dy="0.5">
    <p0>
      <v0 x="42.55" y="-5.15"/>
      <v1 x="44.05" y="-2"/>
      <v2 x="44.05" y="0.85"/>
      <v3 x="43.35" y="3.6"/>
      <v4 x="42.05" y="5.75"/>
      <v5 x="39.35" y="8"/>
      <v6 x="-40" y="8"/>
      <v7 x="-42" y="5.75"/>
      <v8 x="-43.3" y="3.6"/>
      <v9 x="-44" y="0.85"/>
      <v10 x="-44" y="-2"/>
      <v11 x="-42.5" y="-5.15"/>
      <v12 x="-39.45" y="-8"/>
      <v13 x="39.4" y="-8"/>
    </p0>
  </body_13>
  <body_14 x="535" y="112" rot="180" type="0" den="0" frc="0.4" rst="0" sens="false" geom="2" image="balk90" z="18" dx="0.5" dy="0.5">
    <p0>
      <v0 x="42.55" y="-5.15"/>
      <v1 x="44.05" y="-2"/>
      <v2 x="44.05" y="0.85"/>
      <v3 x="43.35" y="3.6"/>
      <v4 x="42.05" y="5.75"/>
      <v5 x="39.35" y="8"/>
      <v6 x="-40" y="8"/>
      <v7 x="-42" y="5.75"/>
      <v8 x="-43.3" y="3.6"/>
      <v9 x="-44" y="0.85"/>
      <v10 x="-44" y="-2"/>
      <v11 x="-42.5" y="-5.15"/>
      <v12 x="-39.45" y="-8"/>
      <v13 x="39.4" y="-8"/>
    </p0>
  </body_14>
  <body_15 x="451" y="112" rot="180" type="0" den="0" frc="0.4" rst="0" sens="false" geom="2" image="balk90" z="19" dx="0.5" dy="0.5">
    <p0>
      <v0 x="42.55" y="-5.15"/>
      <v1 x="44.05" y="-2"/>
      <v2 x="44.05" y="0.85"/>
      <v3 x="43.35" y="3.6"/>
      <v4 x="42.05" y="5.75"/>
      <v5 x="39.35" y="8"/>
      <v6 x="-40" y="8"/>
      <v7 x="-42" y="5.75"/>
      <v8 x="-43.3" y="3.6"/>
      <v9 x="-44" y="0.85"/>
      <v10 x="-44" y="-2"/>
      <v11 x="-42.5" y="-5.15"/>
      <v12 x="-39.45" y="-8"/>
      <v13 x="39.4" y="-8"/>
    </p0>
  </body_15>
  <body_16 x="365" y="112" rot="180" type="0" den="0" frc="0.4" rst="0" sens="false" geom="2" image="balk90" z="20" dx="0.5" dy="0.5">
    <p0>
      <v0 x="42.55" y="-5.15"/>
      <v1 x="44.05" y="-2"/>
      <v2 x="44.05" y="0.85"/>
      <v3 x="43.35" y="3.6"/>
      <v4 x="42.05" y="5.75"/>
      <v5 x="39.35" y="8"/>
      <v6 x="-40" y="8"/>
      <v7 x="-42" y="5.75"/>
      <v8 x="-43.3" y="3.6"/>
      <v9 x="-44" y="0.85"/>
      <v10 x="-44" y="-2"/>
      <v11 x="-42.5" y="-5.15"/>
      <v12 x="-39.45" y="-8"/>
      <v13 x="39.4" y="-8"/>
    </p0>
  </body_16>
  <body_17 x="281" y="112" rot="180" type="0" den="0" frc="0.4" rst="0" sens="false" geom="2" image="balk90" z="21" dx="0.5" dy="0.5">
    <p0>
      <v0 x="42.55" y="-5.15"/>
      <v1 x="44.05" y="-2"/>
      <v2 x="44.05" y="0.85"/>
      <v3 x="43.35" y="3.6"/>
      <v4 x="42.05" y="5.75"/>
      <v5 x="39.35" y="8"/>
      <v6 x="-40" y="8"/>
      <v7 x="-42" y="5.75"/>
      <v8 x="-43.3" y="3.6"/>
      <v9 x="-44" y="0.85"/>
      <v10 x="-44" y="-2"/>
      <v11 x="-42.5" y="-5.15"/>
      <v12 x="-39.45" y="-8"/>
      <v13 x="39.4" y="-8"/>
    </p0>
  </body_17>
  <body_18 x="195" y="112" rot="180" type="0" den="0" frc="0.4" rst="0" sens="false" geom="2" image="balk90" z="22" dx="0.5" dy="0.5">
    <p0>
      <v0 x="42.55" y="-5.15"/>
      <v1 x="44.05" y="-2"/>
      <v2 x="44.05" y="0.85"/>
      <v3 x="43.35" y="3.6"/>
      <v4 x="42.05" y="5.75"/>
      <v5 x="39.35" y="8"/>
      <v6 x="-40" y="8"/>
      <v7 x="-42" y="5.75"/>
      <v8 x="-43.3" y="3.6"/>
      <v9 x="-44" y="0.85"/>
      <v10 x="-44" y="-2"/>
      <v11 x="-42.5" y="-5.15"/>
      <v12 x="-39.45" y="-8"/>
      <v13 x="39.4" y="-8"/>
    </p0>
  </body_18>
  <body_19 x="111" y="112" rot="180" type="0" den="0" frc="0.4" rst="0" sens="false" geom="2" image="balk90" z="23" dx="0.5" dy="0.5">
    <p0>
      <v0 x="42.55" y="-5.15"/>
      <v1 x="44.05" y="-2"/>
      <v2 x="44.05" y="0.85"/>
      <v3 x="43.35" y="3.6"/>
      <v4 x="42.05" y="5.75"/>
      <v5 x="39.35" y="8"/>
      <v6 x="-40" y="8"/>
      <v7 x="-42" y="5.75"/>
      <v8 x="-43.3" y="3.6"/>
      <v9 x="-44" y="0.85"/>
      <v10 x="-44" y="-2"/>
      <v11 x="-42.5" y="-5.15"/>
      <v12 x="-39.45" y="-8"/>
      <v13 x="39.4" y="-8"/>
    </p0>
  </body_19>
  <body_20 x="25" y="112" rot="180" type="0" den="0" frc="0.4" rst="0" sens="false" geom="2" image="balk90" z="24" dx="0.5" dy="0.5">
    <p0>
      <v0 x="42.55" y="-5.15"/>
      <v1 x="44.05" y="-2"/>
      <v2 x="44.05" y="0.85"/>
      <v3 x="43.35" y="3.6"/>
      <v4 x="42.05" y="5.75"/>
      <v5 x="39.35" y="8"/>
      <v6 x="-40" y="8"/>
      <v7 x="-42" y="5.75"/>
      <v8 x="-43.3" y="3.6"/>
      <v9 x="-44" y="0.85"/>
      <v10 x="-44" y="-2"/>
      <v11 x="-42.5" y="-5.15"/>
      <v12 x="-39.45" y="-8"/>
      <v13 x="39.4" y="-8"/>
    </p0>
  </body_20>
  <body_21 x="-147" y="409" rot="0" type="0" den="0" frc="0.4" rst="0" sens="false" geom="2" image="balk90" z="26" dx="0.5" dy="0.5">
    <p0>
      <v0 x="42.55" y="-5.15"/>
      <v1 x="44.05" y="-2"/>
      <v2 x="44.05" y="0.85"/>
      <v3 x="43.35" y="3.6"/>
      <v4 x="42.05" y="5.75"/>
      <v5 x="39.35" y="8"/>
      <v6 x="-40" y="8"/>
      <v7 x="-42" y="5.75"/>
      <v8 x="-43.3" y="3.6"/>
      <v9 x="-44" y="0.85"/>
      <v10 x="-44" y="-2"/>
      <v11 x="-42.5" y="-5.15"/>
      <v12 x="-39.45" y="-8"/>
      <v13 x="39.4" y="-8"/>
    </p0>
  </body_21>
  <body_22 x="-61" y="409" rot="0" type="0" den="0" frc="0.4" rst="0" sens="false" geom="2" image="balk90" z="27" dx="0.5" dy="0.5">
    <p0>
      <v0 x="42.55" y="-5.15"/>
      <v1 x="44.05" y="-2"/>
      <v2 x="44.05" y="0.85"/>
      <v3 x="43.35" y="3.6"/>
      <v4 x="42.05" y="5.75"/>
      <v5 x="39.35" y="8"/>
      <v6 x="-40" y="8"/>
      <v7 x="-42" y="5.75"/>
      <v8 x="-43.3" y="3.6"/>
      <v9 x="-44" y="0.85"/>
      <v10 x="-44" y="-2"/>
      <v11 x="-42.5" y="-5.15"/>
      <v12 x="-39.45" y="-8"/>
      <v13 x="39.4" y="-8"/>
    </p0>
  </body_22>
  <body_23 x="-61" y="112" rot="180" type="0" den="0" frc="0.4" rst="0" sens="false" geom="2" image="balk90" z="28" dx="0.5" dy="0.5">
    <p0>
      <v0 x="42.55" y="-5.15"/>
      <v1 x="44.05" y="-2"/>
      <v2 x="44.05" y="0.85"/>
      <v3 x="43.35" y="3.6"/>
      <v4 x="42.05" y="5.75"/>
      <v5 x="39.35" y="8"/>
      <v6 x="-40" y="8"/>
      <v7 x="-42" y="5.75"/>
      <v8 x="-43.3" y="3.6"/>
      <v9 x="-44" y="0.85"/>
      <v10 x="-44" y="-2"/>
      <v11 x="-42.5" y="-5.15"/>
      <v12 x="-39.45" y="-8"/>
      <v13 x="39.4" y="-8"/>
    </p0>
  </body_23>
  <body_24 x="-147" y="112" rot="180" type="0" den="0" frc="0.4" rst="0" sens="false" geom="2" image="balk90" z="29" dx="0.5" dy="0.5">
    <p0>
      <v0 x="42.55" y="-5.15"/>
      <v1 x="44.05" y="-2"/>
      <v2 x="44.05" y="0.85"/>
      <v3 x="43.35" y="3.6"/>
      <v4 x="42.05" y="5.75"/>
      <v5 x="39.35" y="8"/>
      <v6 x="-40" y="8"/>
      <v7 x="-42" y="5.75"/>
      <v8 x="-43.3" y="3.6"/>
      <v9 x="-44" y="0.85"/>
      <v10 x="-44" y="-2"/>
      <v11 x="-42.5" y="-5.15"/>
      <v12 x="-39.45" y="-8"/>
      <v13 x="39.4" y="-8"/>
    </p0>
  </body_24>
  <body_25 x="707" y="409" rot="0" type="0" den="0" frc="0.4" rst="0" sens="false" geom="2" image="balk90" z="30" dx="0.5" dy="0.5">
    <p0>
      <v0 x="42.55" y="-5.15"/>
      <v1 x="44.05" y="-2"/>
      <v2 x="44.05" y="0.85"/>
      <v3 x="43.35" y="3.6"/>
      <v4 x="42.05" y="5.75"/>
      <v5 x="39.35" y="8"/>
      <v6 x="-40" y="8"/>
      <v7 x="-42" y="5.75"/>
      <v8 x="-43.3" y="3.6"/>
      <v9 x="-44" y="0.85"/>
      <v10 x="-44" y="-2"/>
      <v11 x="-42.5" y="-5.15"/>
      <v12 x="-39.45" y="-8"/>
      <v13 x="39.4" y="-8"/>
    </p0>
  </body_25>
  <body_26 x="793" y="409" rot="0" type="0" den="0" frc="0.4" rst="0" sens="false" geom="2" image="balk90" z="31" dx="0.5" dy="0.5">
    <p0>
      <v0 x="42.55" y="-5.15"/>
      <v1 x="44.05" y="-2"/>
      <v2 x="44.05" y="0.85"/>
      <v3 x="43.35" y="3.6"/>
      <v4 x="42.05" y="5.75"/>
      <v5 x="39.35" y="8"/>
      <v6 x="-40" y="8"/>
      <v7 x="-42" y="5.75"/>
      <v8 x="-43.3" y="3.6"/>
      <v9 x="-44" y="0.85"/>
      <v10 x="-44" y="-2"/>
      <v11 x="-42.5" y="-5.15"/>
      <v12 x="-39.45" y="-8"/>
      <v13 x="39.4" y="-8"/>
    </p0>
  </body_26>
  <body_27 x="793" y="112" rot="180" type="0" den="0" frc="0.4" rst="0" sens="false" geom="2" image="balk90" z="32" dx="0.5" dy="0.5">
    <p0>
      <v0 x="42.55" y="-5.15"/>
      <v1 x="44.05" y="-2"/>
      <v2 x="44.05" y="0.85"/>
      <v3 x="43.35" y="3.6"/>
      <v4 x="42.05" y="5.75"/>
      <v5 x="39.35" y="8"/>
      <v6 x="-40" y="8"/>
      <v7 x="-42" y="5.75"/>
      <v8 x="-43.3" y="3.6"/>
      <v9 x="-44" y="0.85"/>
      <v10 x="-44" y="-2"/>
      <v11 x="-42.5" y="-5.15"/>
      <v12 x="-39.45" y="-8"/>
      <v13 x="39.4" y="-8"/>
    </p0>
  </body_27>
  <body_28 x="707" y="112" rot="180" type="0" den="0" frc="0.4" rst="0" sens="false" geom="2" image="balk90" z="33" dx="0.5" dy="0.5">
    <p0>
      <v0 x="42.55" y="-5.15"/>
      <v1 x="44.05" y="-2"/>
      <v2 x="44.05" y="0.85"/>
      <v3 x="43.35" y="3.6"/>
      <v4 x="42.05" y="5.75"/>
      <v5 x="39.35" y="8"/>
      <v6 x="-40" y="8"/>
      <v7 x="-42" y="5.75"/>
      <v8 x="-43.3" y="3.6"/>
      <v9 x="-44" y="0.85"/>
      <v10 x="-44" y="-2"/>
      <v11 x="-42.5" y="-5.15"/>
      <v12 x="-39.45" y="-8"/>
      <v13 x="39.4" y="-8"/>
    </p0>
  </body_28>
  <playerBall x="89" y="381.55" rot="0" type="2" den="1" frc="0.15" rst="0" sens="false" geom="0" z="8" dx="0.4824" dy="0.3283" category="100" mask="65533">
    <radius>40</radius>
  </playerBall>
  <bossBox x="541.2" y="371.1" rot="0" type="2" den="1" frc="0.8" rst="0" sens="false" geom="2" z="25" dx="0.5" dy="0.5" category="50" mask="65535" x1="100" x2="540" phase="0">
    <p0>
      <v0 x="20.75" y="-30.95"/>
      <v1 x="27.45" y="-27.4"/>
      <v2 x="31" y="-20.7"/>
      <v3 x="31" y="21.35"/>
      <v4 x="27.75" y="27.75"/>
      <v5 x="21.35" y="31"/>
      <v6 x="-20.7" y="31"/>
      <v7 x="-27.6" y="27.65"/>
      <v8 x="-30.95" y="20.75"/>
      <v9 x="-30.95" y="-21.6"/>
      <v10 x="-27.65" y="-27.65"/>
      <v11 x="-21.6" y="-30.95"/>
    </p0>
  </bossBox>
  <body_31 x="0" y="0" rot="0" type="0" den="0" frc="0" rst="0" sens="false" geom="1" category="296" mask="68">
    <v0 x="0" y="-200"/>
    <v1 x="0" y="200"/>
  </body_31>
  <laser_1 body="body_32">
    <emitter1/>
    <emitter3/>
  </laser_1>
  <emitter1 x="-19" y="139" rot="89.9948" z="4" dx="0.793" dy="0.5"/>
  <emitter3 x="-19" y="382.1" rot="-90.0052" z="5" dx="0.793" dy="0.5"/>
  <body_32 x="0" y="0" rot="0" type="0" den="0" frc="0" rst="0" sens="true" geom="1">
    <v0 x="-19" y="139"/>
    <v1 x="-19" y="382.1"/>
  </body_32>
  <laser_2 body="body_33">
    <emitter2/>
    <emitter4/>
  </laser_2>
  <emitter2 x="661" y="139" rot="89.9948" z="2" dx="0.793" dy="0.5"/>
  <emitter4 x="661" y="382.1" rot="-90.0052" z="3" dx="0.793" dy="0.5"/>
  <body_33 x="0" y="0" rot="0" type="0" den="0" frc="0" rst="0" sens="true" geom="1">
    <v0 x="661" y="139"/>
    <v1 x="661" y="382.1"/>
  </body_33>
  <grav_1 x="40" y="346" rot="0" type="0" den="0" frc="0" rst="0" sens="true" geom="2" z="7" dx="0.5" dy="0">
    <p0>
      <v0 x="22.5" y="-43.4"/>
      <v1 x="22.8" y="4.1"/>
      <v2 x="-22.45" y="4.1"/>
      <v3 x="-22.45" y="-43.4"/>
    </p0>
  </grav_1>
  <grav_2 x="600" y="174" rot="180" type="0" den="0" frc="0" rst="0" sens="true" geom="2" z="6" dx="0.5" dy="0">
    <p0>
      <v0 x="22.5" y="-43.4"/>
      <v1 x="22.8" y="4.1"/>
      <v2 x="-22.45" y="4.1"/>
      <v3 x="-22.45" y="-43.4"/>
    </p0>
  </grav_2>
</level_60>