<level_65>
  <checkPoints>
    <p0 x="-286" y="-972.95"/>
    <p1 x="-450" y="-650"/>
  </checkPoints>
  <viewPoints>
    <p0 x="-1588.85" f="0.5" h="-695"/>
    <p1 x="750.1" f="0.5" h="-570"/>
  </viewPoints>
  <joints>
    <j1 type="1" bA="cargo1" bB="wheel1" col="false">
      <anchor x="-180.1" y="-643.2"/>
    </j1>
    <j2 type="1" bA="cargo1" bB="wheel2" col="false">
      <anchor x="-121.6" y="-643.2"/>
    </j2>
  </joints>
  <frame x="-1588.85" y="-1020.05" w="2338.95" h="629.1"/>
  <frameLeft x="0" y="0" rot="0" type="0" den="0" frc="0" rst="0" sens="false" geom="1" category="65535" mask="65535">
    <v0 x="-1588.85" y="-1020.05"/>
    <v1 x="-1588.85" y="-390.95"/>
  </frameLeft>
  <frameRight x="0" y="0" rot="0" type="0" den="0" frc="0" rst="0" sens="false" geom="1" category="65535" mask="65239">
    <v0 x="750.1" y="-390.95"/>
    <v1 x="750.1" y="-1020.05"/>
  </frameRight>
  <thorn0 x="575.95" y="-598.65" rot="-0.0105" type="0" den="0" frc="0.4" rst="0" sens="true" geom="2" z="387" dx="0.5078" dy="0.1717">
    <p0>
      <v0 x="-5.5" y="0"/>
      <v1 x="0.7" y="-14.8"/>
      <v2 x="5.5" y="0"/>
    </p0>
  </thorn0>
  <thorn1 x="531.1" y="-598.65" rot="-0.0105" type="0" den="0" frc="0.4" rst="0" sens="true" geom="2" z="388" dx="0.5078" dy="0.1717">
    <p0>
      <v0 x="-5.5" y="0"/>
      <v1 x="0.7" y="-14.8"/>
      <v2 x="5.5" y="0"/>
    </p0>
  </thorn1>
  <thorn2 x="542.6" y="-598.65" rot="-0.0105" type="0" den="0" frc="0.4" rst="0" sens="true" geom="2" z="389" dx="0.5078" dy="0.1717">
    <p0>
      <v0 x="-5.5" y="0"/>
      <v1 x="0.7" y="-14.8"/>
      <v2 x="5.5" y="0"/>
    </p0>
  </thorn2>
  <thorn3 x="553.35" y="-598.65" rot="-0.0105" type="0" den="0" frc="0.4" rst="0" sens="true" geom="2" z="390" dx="0.5078" dy="0.1717">
    <p0>
      <v0 x="-5.5" y="0"/>
      <v1 x="0.7" y="-14.8"/>
      <v2 x="5.5" y="0"/>
    </p0>
  </thorn3>
  <thorn4 x="564.85" y="-598.65" rot="-0.0105" type="0" den="0" frc="0.4" rst="0" sens="true" geom="2" z="391" dx="0.5078" dy="0.1717">
    <p0>
      <v0 x="-5.5" y="0"/>
      <v1 x="0.7" y="-14.8"/>
      <v2 x="5.5" y="0"/>
    </p0>
  </thorn4>
  <thorn5 x="519.7" y="-598.65" rot="-0.0105" type="0" den="0" frc="0.4" rst="0" sens="true" geom="2" z="392" dx="0.5078" dy="0.1717">
    <p0>
      <v0 x="-5.5" y="0"/>
      <v1 x="0.7" y="-14.8"/>
      <v2 x="5.5" y="0"/>
    </p0>
  </thorn5>
  <thorn6 x="486.35" y="-598.6" rot="-0.0105" type="0" den="0" frc="0.4" rst="0" sens="true" geom="2" z="393" dx="0.5078" dy="0.1717">
    <p0>
      <v0 x="-5.5" y="0"/>
      <v1 x="0.7" y="-14.8"/>
      <v2 x="5.5" y="0"/>
    </p0>
  </thorn6>
  <thorn7 x="497.1" y="-598.6" rot="-0.0105" type="0" den="0" frc="0.4" rst="0" sens="true" geom="2" z="394" dx="0.5078" dy="0.1717">
    <p0>
      <v0 x="-5.5" y="0"/>
      <v1 x="0.7" y="-14.8"/>
      <v2 x="5.5" y="0"/>
    </p0>
  </thorn7>
  <thorn8 x="508.6" y="-598.65" rot="-0.0105" type="0" den="0" frc="0.4" rst="0" sens="true" geom="2" z="395" dx="0.5078" dy="0.1717">
    <p0>
      <v0 x="-5.5" y="0"/>
      <v1 x="0.7" y="-14.8"/>
      <v2 x="5.5" y="0"/>
    </p0>
  </thorn8>
  <thorn9 x="598.45" y="-598.65" rot="-0.0105" type="0" den="0" frc="0.4" rst="0" sens="true" geom="2" z="396" dx="0.5078" dy="0.1717">
    <p0>
      <v0 x="-5.5" y="0"/>
      <v1 x="0.7" y="-14.8"/>
      <v2 x="5.5" y="0"/>
    </p0>
  </thorn9>
  <thorn10 x="587.35" y="-598.65" rot="-0.0105" type="0" den="0" frc="0.4" rst="0" sens="true" geom="2" z="397" dx="0.5078" dy="0.1717">
    <p0>
      <v0 x="-5.5" y="0"/>
      <v1 x="0.7" y="-14.8"/>
      <v2 x="5.5" y="0"/>
    </p0>
  </thorn10>
  <thorn11 x="641.95" y="-598.65" rot="-0.0105" type="0" den="0" frc="0.4" rst="0" sens="true" geom="2" z="398" dx="0.5078" dy="0.1717">
    <p0>
      <v0 x="-5.5" y="0"/>
      <v1 x="0.7" y="-14.8"/>
      <v2 x="5.5" y="0"/>
    </p0>
  </thorn11>
  <thorn12 x="608.6" y="-598.65" rot="-0.0105" type="0" den="0" frc="0.4" rst="0" sens="true" geom="2" z="399" dx="0.5078" dy="0.1717">
    <p0>
      <v0 x="-5.5" y="0"/>
      <v1 x="0.7" y="-14.8"/>
      <v2 x="5.5" y="0"/>
    </p0>
  </thorn12>
  <thorn13 x="619.35" y="-598.65" rot="-0.0105" type="0" den="0" frc="0.4" rst="0" sens="true" geom="2" z="400" dx="0.5078" dy="0.1717">
    <p0>
      <v0 x="-5.5" y="0"/>
      <v1 x="0.7" y="-14.8"/>
      <v2 x="5.5" y="0"/>
    </p0>
  </thorn13>
  <thorn14 x="630.85" y="-598.65" rot="-0.0105" type="0" den="0" frc="0.4" rst="0" sens="true" geom="2" z="401" dx="0.5078" dy="0.1717">
    <p0>
      <v0 x="-5.5" y="0"/>
      <v1 x="0.7" y="-14.8"/>
      <v2 x="5.5" y="0"/>
    </p0>
  </thorn14>
  <thorn15 x="653.35" y="-598.65" rot="-0.0105" type="0" den="0" frc="0.4" rst="0" sens="true" geom="2" z="402" dx="0.5078" dy="0.1717">
    <p0>
      <v0 x="-5.5" y="0"/>
      <v1 x="0.7" y="-14.8"/>
      <v2 x="5.5" y="0"/>
    </p0>
  </thorn15>
  <thorn16 x="138.8" y="-681.45" rot="-16.5268" type="0" den="0" frc="0.4" rst="0" sens="true" geom="2" z="417" dx="0.5078" dy="0.1717">
    <p0>
      <v0 x="-5.5" y="0"/>
      <v1 x="0.7" y="-14.8"/>
      <v2 x="5.5" y="0"/>
    </p0>
  </thorn16>
  <thorn17 x="95.85" y="-668.7" rot="-16.5268" type="0" den="0" frc="0.4" rst="0" sens="true" geom="2" z="418" dx="0.5078" dy="0.1717">
    <p0>
      <v0 x="-5.5" y="0"/>
      <v1 x="0.7" y="-14.8"/>
      <v2 x="5.5" y="0"/>
    </p0>
  </thorn17>
  <thorn18 x="106.9" y="-672" rot="-16.5268" type="0" den="0" frc="0.4" rst="0" sens="true" geom="2" z="419" dx="0.5078" dy="0.1717">
    <p0>
      <v0 x="-5.5" y="0"/>
      <v1 x="0.7" y="-14.8"/>
      <v2 x="5.5" y="0"/>
    </p0>
  </thorn18>
  <thorn19 x="117.2" y="-675" rot="-16.5268" type="0" den="0" frc="0.4" rst="0" sens="true" geom="2" z="420" dx="0.5078" dy="0.1717">
    <p0>
      <v0 x="-5.5" y="0"/>
      <v1 x="0.7" y="-14.8"/>
      <v2 x="5.5" y="0"/>
    </p0>
  </thorn19>
  <thorn20 x="128.2" y="-678.3" rot="-16.5268" type="0" den="0" frc="0.4" rst="0" sens="true" geom="2" z="421" dx="0.5078" dy="0.1717">
    <p0>
      <v0 x="-5.5" y="0"/>
      <v1 x="0.7" y="-14.8"/>
      <v2 x="5.5" y="0"/>
    </p0>
  </thorn20>
  <thorn21 x="84.9" y="-665.5" rot="-16.5268" type="0" den="0" frc="0.4" rst="0" sens="true" geom="2" z="422" dx="0.5078" dy="0.1717">
    <p0>
      <v0 x="-5.5" y="0"/>
      <v1 x="0.7" y="-14.8"/>
      <v2 x="5.5" y="0"/>
    </p0>
  </thorn21>
  <thorn22 x="53" y="-655.95" rot="-16.5268" type="0" den="0" frc="0.4" rst="0" sens="true" geom="2" z="423" dx="0.5078" dy="0.1717">
    <p0>
      <v0 x="-5.5" y="0"/>
      <v1 x="0.7" y="-14.8"/>
      <v2 x="5.5" y="0"/>
    </p0>
  </thorn22>
  <thorn23 x="63.3" y="-659" rot="-16.5268" type="0" den="0" frc="0.4" rst="0" sens="true" geom="2" z="424" dx="0.5078" dy="0.1717">
    <p0>
      <v0 x="-5.5" y="0"/>
      <v1 x="0.7" y="-14.8"/>
      <v2 x="5.5" y="0"/>
    </p0>
  </thorn23>
  <thorn24 x="74.3" y="-662.35" rot="-16.5268" type="0" den="0" frc="0.4" rst="0" sens="true" geom="2" z="425" dx="0.5078" dy="0.1717">
    <p0>
      <v0 x="-5.5" y="0"/>
      <v1 x="0.7" y="-14.8"/>
      <v2 x="5.5" y="0"/>
    </p0>
  </thorn24>
  <thorn25 x="160.35" y="-687.85" rot="-16.5268" type="0" den="0" frc="0.4" rst="0" sens="true" geom="2" z="426" dx="0.5078" dy="0.1717">
    <p0>
      <v0 x="-5.5" y="0"/>
      <v1 x="0.7" y="-14.8"/>
      <v2 x="5.5" y="0"/>
    </p0>
  </thorn25>
  <thorn26 x="149.75" y="-684.65" rot="-16.5268" type="0" den="0" frc="0.4" rst="0" sens="true" geom="2" z="427" dx="0.5078" dy="0.1717">
    <p0>
      <v0 x="-5.5" y="0"/>
      <v1 x="0.7" y="-14.8"/>
      <v2 x="5.5" y="0"/>
    </p0>
  </thorn26>
  <thorn27 x="202.1" y="-700.2" rot="-16.5268" type="0" den="0" frc="0.4" rst="0" sens="true" geom="2" z="428" dx="0.5078" dy="0.1717">
    <p0>
      <v0 x="-5.5" y="0"/>
      <v1 x="0.7" y="-14.8"/>
      <v2 x="5.5" y="0"/>
    </p0>
  </thorn27>
  <thorn28 x="170.1" y="-690.75" rot="-16.5268" type="0" den="0" frc="0.4" rst="0" sens="true" geom="2" z="429" dx="0.5078" dy="0.1717">
    <p0>
      <v0 x="-5.5" y="0"/>
      <v1 x="0.7" y="-14.8"/>
      <v2 x="5.5" y="0"/>
    </p0>
  </thorn28>
  <thorn29 x="180.4" y="-693.75" rot="-16.5268" type="0" den="0" frc="0.4" rst="0" sens="true" geom="2" z="430" dx="0.5078" dy="0.1717">
    <p0>
      <v0 x="-5.5" y="0"/>
      <v1 x="0.7" y="-14.8"/>
      <v2 x="5.5" y="0"/>
    </p0>
  </thorn29>
  <thorn30 x="191.45" y="-697.05" rot="-16.5268" type="0" den="0" frc="0.4" rst="0" sens="true" geom="2" z="431" dx="0.5078" dy="0.1717">
    <p0>
      <v0 x="-5.5" y="0"/>
      <v1 x="0.7" y="-14.8"/>
      <v2 x="5.5" y="0"/>
    </p0>
  </thorn30>
  <thorn31 x="213" y="-703.4" rot="-16.5268" type="0" den="0" frc="0.4" rst="0" sens="true" geom="2" z="432" dx="0.5078" dy="0.1717">
    <p0>
      <v0 x="-5.5" y="0"/>
      <v1 x="0.7" y="-14.8"/>
      <v2 x="5.5" y="0"/>
    </p0>
  </thorn31>
  <decor_1 x="-752.65" y="-595.5" rot="0" z="31" dx="0.5" dy="0.499" sx="1.2767" sy="1.2767" image="backStones"/>
  <decor_2 x="-1438.1" y="-516" rot="0" z="32" dx="0.5" dy="0.499" sx="1.2767" sy="1.2767" image="backStones"/>
  <decor_3 x="22" y="-564.45" rot="-6.9743" z="33" dx="0.5" dy="0.499" sx="1.2767" sy="1.2767" image="backStones"/>
  <decor_4 x="-266.1" y="-548.25" rot="0" z="34" dx="0.5" dy="0.499" sx="1.2767" sy="1.2767" image="backStones"/>
  <decor_5 x="-1356.85" y="-831.4" rot="180" z="35" dx="0.5" dy="0.501" sx="0.8943" sy="0.8943" image="backStones"/>
  <decor_6 x="-672.15" y="-589" rot="0" z="36" dx="0.5" dy="0.4988" sx="0.7501" sy="0.7501" image="backStones"/>
  <decor_7 x="-185.55" y="-532.95" rot="0" z="37" dx="0.5" dy="0.4991" sx="0.9973" sy="0.9973" image="backStones"/>
  <decor_8 x="-1295.15" y="-509.6" rot="180" z="38" dx="0.5" dy="0.501" sx="0.8943" sy="0.8943" image="backStones"/>
  <decor_9 x="-1140.05" y="-532.85" rot="180" z="39" dx="0.5" dy="0.501" sx="0.8943" sy="0.8943" image="backStones"/>
  <decor_10 x="501.35" y="-619.6" rot="0" z="40" dx="0.5" dy="0.499" sx="0.8272" sy="0.8272" image="backStones"/>
  <decor_11 x="630.85" y="-621.35" rot="0" z="41" dx="0.5" dy="0.4986" sx="0.636" sy="0.636" image="backStones"/>
  <decor_12 x="324.9" y="-626.35" rot="0" z="42" dx="0.5" dy="0.4991" sx="0.9973" sy="0.9973" image="backStones"/>
  <decor_13 x="175.8" y="-593.05" rot="-6.6951" z="43" dx="0.5" dy="0.4991" sx="0.9972" sy="0.9972" image="backStones"/>
  <decor_14 x="420.7" y="-618.05" rot="0" z="44" dx="0.5" dy="0.4986" sx="0.636" sy="0.636" image="backStones"/>
  <decor_15 x="-64.45" y="-540.45" rot="0" z="45" dx="0.5" dy="0.499" sx="0.8791" sy="0.8791" image="backStones"/>
  <decor_16 x="-287.5" y="-730.1" rot="90" z="46" dx="0.5" dy="0.5" sx="1" sy="0.5477" image="backWood"/>
  <decor_17 x="-288.45" y="-847.35" rot="90" z="47" dx="0.5" dy="0.5" sx="1" sy="0.5645" image="backWood"/>
  <decor_18 x="-340.9" y="-669.55" rot="0" z="48" dx="0.5" dy="0.5" sx="1" sy="0.5685" image="backWood"/>
  <decor_19 x="-225.7" y="-614.45" rot="0" z="49" dx="0.5" dy="0.5" sx="1" sy="1" image="backWood"/>
  <decor_20 x="16.4" y="-788.05" rot="44.9685" z="50" dx="0.5" dy="0.5" sx="1" sy="0.786" image="backWood"/>
  <decor_21 x="210.55" y="-634.45" rot="41.4114" z="51" dx="0.5" dy="0.5" sx="1" sy="0.8795" image="backWood"/>
  <decor_22 x="94.85" y="-602.5" rot="-54.1909" z="52" dx="0.5" dy="0.5" sx="1" sy="0.6065" image="backWood"/>
  <decor_23 x="-2.15" y="-576.25" rot="32.7029" z="53" dx="0.5" dy="0.5" sx="1" sy="0.6973" image="backWood"/>
  <decor_24 x="42.7" y="-586" rot="0" z="54" dx="0.5" dy="0.5" sx="1" sy="0.5226" image="backWood"/>
  <decor_25 x="-41.3" y="-615.4" rot="0" z="55" dx="0.5" dy="0.5" sx="1" sy="0.9772" image="backWood"/>
  <decor_26 x="-646.6" y="-649.85" rot="0" z="56" dx="0.5" dy="0.5" sx="1" sy="0.8107" image="backWood"/>
  <decor_27 x="-705.35" y="-839.45" rot="-26.8107" z="57" dx="0.5" dy="0.5" sx="1" sy="1.0306" image="backWood"/>
  <decor_28 x="-1330.8" y="-678" rot="0" z="58" dx="0.5" dy="0.4991" sx="1" sy="1" image="backStones"/>
  <decor_29 x="-1122.1" y="-859.55" rot="0" z="59" dx="0.5" dy="0.5" sx="1" sy="0.4233" image="backWood"/>
  <decor_30 x="-1394.3" y="-851.8" rot="0" z="60" dx="0.5" dy="0.5" sx="1" sy="0.5149" image="backWood"/>
  <decor_31 x="-1394.5" y="-561.15" rot="0" z="61" dx="0.5" dy="0.5" sx="1" sy="0.7606" image="backWood"/>
  <decor_32 x="598.05" y="-706.8" rot="32.1441" z="62" dx="0.5" dy="0.5" sx="1" sy="1.1447" image="backWood"/>
  <decor_33 x="600" y="-712.7" rot="-31.223" z="63" dx="0.5" dy="0.5" sx="1" sy="1.1283" image="backWood"/>
  <decor_34 x="591.85" y="-631.35" rot="0" z="64" dx="0.5" dy="0.4991" sx="1" sy="1" image="backStones"/>
  <decor_35 x="528.65" y="-705.05" rot="0" z="65" dx="0.5" dy="0.5" sx="1" sy="1" image="backWood"/>
  <decor_36 x="-708.05" y="-835.35" rot="26.4131" z="66" dx="0.5" dy="0.5" sx="1" sy="1.0306" image="backWood"/>
  <decor_37 x="-524.3" y="-669.3" rot="0" z="67" dx="0.5" dy="0.5" sx="1" sy="0.5851" image="backWood"/>
  <decor_38 x="-825.25" y="-833.05" rot="0" z="68" dx="0.5" dy="0.5" sx="1" sy="0.9118" image="backWood"/>
  <decor_39 x="-386.85" y="-641.3" rot="0" z="69" dx="0.5" dy="0.4991" sx="1" sy="1" image="backStones"/>
  <decor_40 x="-1093.85" y="-609.1" rot="0" z="70" dx="0.5" dy="0.5" sx="1" sy="0.3916" image="backWood"/>
  <decor_41 x="-1005.25" y="-606.9" rot="0" z="71" dx="0.5" dy="0.5" sx="1" sy="0.3846" image="backWood"/>
  <decor_42 x="-917.55" y="-652.8" rot="0" z="72" dx="0.5" dy="0.5" sx="1" sy="0.7835" image="backWood"/>
  <decor_43 x="280.5" y="-705" rot="0" z="73" dx="0.5" dy="0.5" sx="1" sy="1" image="backWood"/>
  <decor_44 x="-761.05" y="-833.05" rot="0" z="74" dx="0.5" dy="0.5" sx="1" sy="0.9118" image="backWood"/>
  <decor_45 x="-1447.2" y="-641.9" rot="90" z="75" dx="0.5" dy="0.5" sx="1" sy="0.675" image="backWood"/>
  <decor_46 x="-1459.95" y="-798.95" rot="90" z="76" dx="0.5" dy="0.5" sx="1" sy="0.5729" image="backWood"/>
  <decor_47 x="-1005.7" y="-765.25" rot="0" z="77" dx="0.5" dy="0.5" sx="1" sy="1.0627" image="backWood"/>
  <decor_48 x="145.65" y="-615.4" rot="0" z="78" dx="0.5" dy="0.5" sx="1" sy="0.5766" image="backWood"/>
  <decor_49 x="413.05" y="-708.75" rot="0" z="79" dx="0.5" dy="0.5" sx="1" sy="1" image="backWood"/>
  <decor_50 x="-495.4" y="-636.6" rot="0" z="80" dx="0.5" dy="0.4987" sx="0.6551" sy="0.6551" image="backStones"/>
  <decor_51 x="-1254" y="-569.35" rot="0" z="81" dx="0.5" dy="0.5" sx="1" sy="0.6914" image="backWood"/>
  <decor_52 x="-1121.9" y="-693.85" rot="0" z="82" dx="0.5" dy="0.5" sx="1" sy="0.4666" image="backWood"/>
  <decor_53 x="-288.45" y="-973.35" rot="90" z="83" dx="0.5" dy="0.5" sx="1" sy="0.5645" image="backWood"/>
  <decor_54 x="-285.9" y="-794.25" rot="135.9187" z="84" dx="0.5" dy="0.5" sx="1" sy="0.6722" image="backWood"/>
  <decor_55 x="-285.9" y="-915.75" rot="135.9187" z="85" dx="0.5" dy="0.5" sx="1" sy="0.6722" image="backWood"/>
  <decor_56 x="-285.9" y="-915.75" rot="45.9187" z="86" dx="0.5" dy="0.5" sx="1" sy="0.6722" image="backWood"/>
  <decor_57 x="-287.75" y="-1044.65" rot="135.9187" z="87" dx="0.5" dy="0.5" sx="1" sy="0.6722" image="backWood"/>
  <decor_58 x="-283.55" y="-1039.5" rot="45.9187" z="88" dx="0.5" dy="0.5" sx="1" sy="0.6722" image="backWood"/>
  <decor_59 x="-285.45" y="-792.95" rot="45.9187" z="89" dx="0.5" dy="0.5" sx="1" sy="0.6722" image="backWood"/>
  <decor_60 x="-586.6" y="-500.05" rot="134.9996" z="90" dx="0.5" dy="0.5" sx="1" sy="0.6958" image="backWood"/>
  <decor_61 x="-589.1" y="-387.35" rot="134.9996" z="91" dx="0.5" dy="0.5" sx="1" sy="0.6958" image="backWood"/>
  <decor_62 x="-585.4" y="-382.8" rot="44.9996" z="92" dx="0.5" dy="0.5" sx="1" sy="0.6958" image="backWood"/>
  <decor_63 x="-584.6" y="-496.75" rot="44.9996" z="93" dx="0.5" dy="0.5" sx="1" sy="0.6958" image="backWood"/>
  <decor_64 x="-588.75" y="-559" rot="90" z="94" dx="0.5" dy="0.5" sx="1" sy="0.5465" image="backWood"/>
  <decor_65 x="-585.45" y="-441.75" rot="90" z="95" dx="0.5" dy="0.5" sx="1" sy="0.5465" image="backWood"/>
  <decor_66 x="-888.1" y="-930" rot="0" z="97" dx="0.5" dy="0.9569" sx="1" sy="1" image="bat_0004"/>
  <decor_67 x="-886.9" y="-576.9" rot="0" z="98" dx="0.6288" dy="0.003" sx="1" sy="1" image="dangerPlate"/>
  <decor_68 x="-1059.15" y="-891.85" rot="0" z="99" dx="0.5054" dy="0.8987" sx="1" sy="1" image="chainA"/>
  <decor_69 x="-1123.55" y="-862.7" rot="4.488" z="100" dx="0.5036" dy="0.0217" sx="1" sy="1" image="chainB"/>
  <decor_70 x="-1280.75" y="-633.5" rot="0" z="101" dx="0.5054" dy="0.8987" sx="1" sy="1" image="chainA"/>
  <decor_71 x="-910.75" y="-907.2" rot="-0.0009" z="102" dx="0.6742" dy="0.5077" sx="1" sy="1" image="spiderNetB"/>
  <decor_72 x="-677.45" y="-899.4" rot="0" z="103" dx="0.7338" dy="0.4919" sx="1" sy="1" image="spiderNetA"/>
  <decor_73 x="-1153.85" y="-865.75" rot="0" z="104" dx="0.5036" dy="0.0217" sx="1" sy="1" image="chainB"/>
  <decor_74 x="648.45" y="-780.4" rot="0" z="105" dx="0.7338" dy="0.4919" sx="1" sy="1" image="spiderNetA"/>
  <decor_75 x="444.85" y="-810" rot="0" z="106" dx="0.5" dy="0.9569" sx="1" sy="1" image="bat_0004"/>
  <decor_76 x="-80.2" y="-609.9" rot="0" z="107" dx="0.5054" dy="0.8987" sx="1" sy="1" image="chainA"/>
  <decor_77 x="-149.6" y="-575.75" rot="4.488" z="108" dx="0.5036" dy="0.0217" sx="1" sy="1" image="chainB"/>
  <decor_78 x="-693.65" y="-737.7" rot="0" z="109" dx="0.5054" dy="0.8987" sx="1" sy="1" image="chainA"/>
  <decor_79 x="-629.55" y="-682.95" rot="4.488" z="110" dx="0.5036" dy="0.0217" sx="1" sy="1" image="chainB"/>
  <decor_80 x="-280.95" y="-578.55" rot="-0.0009" z="111" dx="0.6742" dy="0.5077" sx="1" sy="1" image="spiderNetB"/>
  <decor_81 x="-797.65" y="-724" rot="0" z="112" dx="0.4907" dy="0.8132" sx="1" sy="1" image="lamp"/>
  <decor_82 x="-1396.85" y="-634.8" rot="0" z="113" dx="0.4907" dy="0.8132" sx="1" sy="1" image="lamp"/>
  <decor_83 x="-1462.8" y="-904.1" rot="0" z="114" dx="0.4907" dy="0.8132" sx="1" sy="1" image="lamp"/>
  <decor_84 x="39.9" y="-843" rot="0" z="115" dx="0.4907" dy="0.8132" sx="1" sy="1" image="lamp"/>
  <decor_85 x="-286.55" y="-911.85" rot="0" z="117" dx="0.5009" dy="0.5" sx="4.302" sy="4.1436" image="backShadow"/>
  <decor_86 x="-586.15" y="-436.45" rot="180" z="118" dx="0.5009" dy="0.5" sx="4.4175" sy="2.4654" image="backShadow"/>
  <decor_87 x="-412.6" y="-732.65" rot="0" z="119" dx="0.5" dy="0.5" sx="1.1108" sy="1" image="woodStandart"/>
  <decor_88 x="-464.3" y="-732.65" rot="0" z="120" dx="0.5" dy="0.5" sx="1.0085" sy="1" image="woodStandart"/>
  <decor_89 x="-342.35" y="-1012.75" rot="-90" z="121" dx="0.5" dy="0.5" sx="1.3127" sy="1" image="woodStandart"/>
  <decor_90 x="-342.35" y="-839.45" rot="-90" z="122" dx="0.5" dy="0.5" sx="1.3127" sy="1" image="woodStandart"/>
  <decor_91 x="-228.6" y="-817.35" rot="90" z="123" dx="0.5" dy="0.5" sx="1.3127" sy="1" image="woodStandart"/>
  <decor_92 x="-228.6" y="-1011.9" rot="90" z="124" dx="0.5" dy="0.5" sx="1.3127" sy="1" image="woodStandart"/>
  <decor_93 x="-285.25" y="-1106" rot="0" z="125" dx="0.5" dy="0.5" sx="0.9308" sy="1" image="woodStandart"/>
  <decor_94 x="-134.85" y="-732.1" rot="0" z="126" dx="0.5" dy="0.5" sx="1.4095" sy="1" image="woodStandart"/>
  <decor_95 x="66.65" y="-853.25" rot="0" z="127" dx="0.5" dy="0.5" sx="1.0311" sy="1" image="woodStandart"/>
  <decor_96 x="-42.75" y="-769.75" rot="-90" z="128" dx="0.5" dy="0.5" sx="0.6636" sy="1" image="woodStandart"/>
  <decor_97 x="-1325.55" y="-805.25" rot="0" z="129" dx="0.5" dy="0.5" sx="1" sy="1" image="groundShort"/>
  <decor_98 x="-1134.15" y="-502.9" rot="-5.5525" z="130" dx="0.5" dy="0.5" sx="0.9997" sy="0.9997" image="groundShort"/>
  <decor_99 x="-1337.2" y="-482.6" rot="-5.6746" z="131" dx="0.5" dy="0.5" sx="1.0411" sy="1" image="groundLong"/>
  <decor_100 x="-1457.3" y="-475.5" rot="0" z="132" dx="0.5" dy="0.5" sx="1.0031" sy="1" image="groundLong"/>
  <decor_101 x="-527.65" y="-554.6" rot="90" z="133" dx="0.5" dy="0.5" sx="1" sy="1" image="woodStandart"/>
  <decor_102 x="-1512.65" y="-550.8" rot="-90" z="134" dx="0.5" dy="0.5" sx="1.018" sy="1" image="woodStandart"/>
  <decor_103 x="-795.5" y="-827.15" rot="0" z="135" dx="0.5" dy="0.4575" sx="0.7956" sy="1" image="woodTop"/>
  <decor_104 x="-23.5" y="-833.4" rot="-45.2568" z="136" dx="0.5077" dy="0.4737" sx="0.4428" sy="1" image="woodStandartA1"/>
  <decor_105 x="173.15" y="-853.1" rot="0" z="137" dx="0.5" dy="0.5" sx="1.0311" sy="1" image="woodStandart"/>
  <decor_106 x="499.8" y="-823" rot="0" z="138" dx="0.5" dy="0.5" sx="1.0311" sy="1" image="woodStandart"/>
  <decor_107 x="346" y="-823" rot="0" z="139" dx="0.5" dy="0.5" sx="1.0311" sy="1" image="woodStandart"/>
  <decor_108 x="120" y="-853.1" rot="0" z="140" dx="0.5002" dy="0.5" sx="1.729" sy="1" image="woodShadow"/>
  <decor_109 x="672.65" y="-746.3" rot="90" z="141" dx="0.5" dy="0.5" sx="1.1816" sy="1" image="woodStandart"/>
  <decor_110 x="614.1" y="-823" rot="0" z="142" dx="0.5" dy="0.5" sx="0.9551" sy="1" image="woodStandart"/>
  <decor_111 x="622.2" y="-594.6" rot="0" z="143" dx="0.5" dy="0.5" sx="0.9328" sy="1" image="groundLong"/>
  <decor_112 x="672.65" y="-672" rot="90" z="144" dx="0.5" dy="0.5" sx="1.0311" sy="1" image="woodStandart"/>
  <decor_113 x="477.9" y="-823" rot="0" z="145" dx="0.5002" dy="0.5" sx="2.7734" sy="1" image="woodShadow"/>
  <decor_114 x="255.75" y="-842" rot="45.0591" z="146" dx="0.4319" dy="0.4513" sx="0.2928" sy="1" image="woodStandartA2"/>
  <decor_115 x="-585.15" y="-323.5" rot="0" z="147" dx="0.5" dy="0.5" sx="1" sy="1" image="groundLong"/>
  <decor_116 x="-527.65" y="-400.15" rot="90" z="148" dx="0.5" dy="0.5" sx="1.0627" sy="1" image="woodStandart"/>
  <decor_117 x="-642.55" y="-399.55" rot="-90" z="149" dx="0.5" dy="0.5" sx="1.0627" sy="1" image="woodStandart"/>
  <decor_118 x="-642.75" y="-495.75" rot="-90" z="150" dx="0.5" dy="0.5" sx="1" sy="1" image="woodStandart"/>
  <decor_119 x="-611.3" y="-732.65" rot="0" z="151" dx="0.5" dy="0.5" sx="1.0085" sy="1" image="woodStandart"/>
  <decor_120 x="-973.2" y="-911.15" rot="-90" z="152" dx="0.5" dy="0.5" sx="0.5781" sy="1" image="woodStandart"/>
  <decor_121 x="-1045.75" y="-896.95" rot="14.4748" z="153" dx="0.5" dy="0.5" sx="0.8976" sy="1" image="woodStandart"/>
  <decor_122 x="-1181.3" y="-912.8" rot="0" z="154" dx="0.5" dy="0.5" sx="1.0085" sy="1" image="woodStandart"/>
  <decor_123 x="-1330.75" y="-912.8" rot="0" z="155" dx="0.5" dy="0.5" sx="1.0085" sy="1" image="woodStandart"/>
  <decor_124 x="-1512.9" y="-837.25" rot="-90" z="156" dx="0.5" dy="0.5" sx="1.1749" sy="1" image="woodStandart"/>
  <decor_125 x="-1452.65" y="-912.8" rot="0" z="157" dx="0.5" dy="0.5" sx="0.9629" sy="1" image="woodStandart"/>
  <decor_126 x="-1512.9" y="-698.8" rot="-90" z="158" dx="0.5" dy="0.5" sx="1.0085" sy="1" image="woodStandart"/>
  <decor_127 x="-1017.15" y="-646.55" rot="0" z="159" dx="0.5" dy="0.4575" sx="1" sy="1" image="woodTop"/>
  <decor_128 x="-1129.15" y="-646.55" rot="0" z="160" dx="0.5" dy="0.4575" sx="1" sy="1" image="woodTop"/>
  <decor_129 x="-1241.15" y="-646.55" rot="0" z="161" dx="0.5" dy="0.4575" sx="1" sy="1" image="woodTop"/>
  <decor_130 x="-1352.55" y="-646.55" rot="0" z="162" dx="0.5" dy="0.4575" sx="0.9965" sy="1" image="woodTop"/>
  <decor_131 x="-1097.05" y="-539.65" rot="90" z="163" dx="0.5" dy="0.5" sx="0.4096" sy="1" image="woodStandart"/>
  <decor_132 x="-1221.75" y="-494.05" rot="-5.6746" z="164" dx="0.5" dy="0.5" sx="1" sy="1" image="groundLong"/>
  <decor_133 x="-993.85" y="-565.2" rot="0" z="165" dx="0.5" dy="0.5" sx="1.0531" sy="1" image="groundLong"/>
  <decor_134 x="-869.9" y="-565.2" rot="0" z="166" dx="0.5" dy="0.5" sx="1.0531" sy="1" image="groundLong"/>
  <decor_135 x="-746.5" y="-565.2" rot="0" z="167" dx="0.5" dy="0.5" sx="1.0531" sy="1" image="groundLong"/>
  <decor_136 x="-271.5" y="-505.7" rot="0" z="168" dx="0.5" dy="0.5" sx="1" sy="1" image="groundLong"/>
  <decor_137 x="-341.85" y="-554.35" rot="-90" z="169" dx="0.5" dy="0.5" sx="0.6179" sy="1" image="woodStandart"/>
  <decor_138 x="27.85" y="-521.7" rot="-16.6802" z="170" dx="0.5" dy="0.5" sx="1.0382" sy="1" image="groundLong"/>
  <decor_139 x="-60.8" y="-505.8" rot="0" z="171" dx="0.5" dy="0.5" sx="1.0382" sy="1" image="groundShort"/>
  <decor_140 x="-151.55" y="-505.7" rot="0" z="172" dx="0.5" dy="0.5" sx="1.0382" sy="1" image="groundLong"/>
  <decor_141 x="145.2" y="-557.15" rot="-16.6802" z="173" dx="0.5" dy="0.5" sx="1.0382" sy="1" image="groundLong"/>
  <decor_142 x="236.75" y="-584.9" rot="-16.5654" z="174" dx="0.5" dy="0.5" sx="1.1737" sy="0.9991" image="groundShort"/>
  <decor_143 x="297.25" y="-594.7" rot="0" z="175" dx="0.5" dy="0.5" sx="1.0382" sy="1" image="groundShort"/>
  <decor_144 x="-1233.55" y="-804.95" rot="0" z="176" dx="0.5" dy="0.5" sx="1.1822" sy="1" image="groundLong"/>
  <decor_145 x="-1122.35" y="-780.1" rot="-90" z="177" dx="0.5" dy="0.5" sx="0.4063" sy="1" image="woodStandart"/>
  <decor_146 x="386.8" y="-594.6" rot="0" z="178" dx="0.5" dy="0.5" sx="1.0382" sy="1" image="groundLong"/>
  <decor_147 x="508.3" y="-594.6" rot="0" z="179" dx="0.5" dy="0.5" sx="1.0382" sy="1" image="groundLong"/>
  <decor_148 x="-1203.1" y="-762.65" rot="0" z="180" dx="0.5" dy="0.5" sx="0.9155" sy="1" image="woodStandart"/>
  <decor_149 x="-1306" y="-762.65" rot="0" z="181" dx="0.5" dy="0.5" sx="1.0085" sy="1" image="woodStandart"/>
  <decor_150 x="-791.55" y="-736.55" rot="0" z="182" dx="0.5" dy="0.4575" sx="1" sy="1" image="woodTop"/>
  <decor_151 x="-903.55" y="-736.55" rot="0" z="183" dx="0.5" dy="0.4575" sx="1" sy="1" image="woodTop"/>
  <decor_152 x="-693.65" y="-736.55" rot="0" z="184" dx="0.5" dy="0.4575" sx="0.9847" sy="1" image="woodTop"/>
  <decor_153 x="-648.9" y="-805.45" rot="90" z="185" dx="0.5" dy="0.5" sx="0.8097" sy="1" image="woodStandart"/>
  <decor_154 x="-648.9" y="-881.65" rot="90" z="186" dx="0.5" dy="0.5" sx="0.9673" sy="1" image="woodStandart"/>
  <decor_155 x="-711.55" y="-942.85" rot="0" z="187" dx="0.5" dy="0.5" sx="1.0085" sy="1" image="woodStandart"/>
  <decor_156 x="-802.55" y="-942.85" rot="0" z="188" dx="0.5" dy="0.5" sx="1.0085" sy="1" image="woodStandart"/>
  <decor_157 x="-911.4" y="-942.85" rot="0" z="189" dx="0.5" dy="0.5" sx="0.9998" sy="1" image="woodStandart"/>
  <decor_158 x="-188.05" y="-616.85" rot="0" z="190" dx="0.5" dy="0.4575" sx="1" sy="1" image="woodTop"/>
  <decor_159 x="-399.65" y="-617.25" rot="0" z="191" dx="0.5" dy="0.4575" sx="1" sy="1" image="woodTop"/>
  <decor_160 x="-300.85" y="-616.85" rot="0" z="192" dx="0.5" dy="0.4575" sx="1" sy="1" image="woodTop"/>
  <decor_161 x="-388.85" y="-616.85" rot="0" z="193" dx="0.5" dy="0.4575" sx="1" sy="1" image="woodTop"/>
  <decor_162 x="-483.65" y="-616.85" rot="0" z="194" dx="0.5" dy="0.4575" sx="1" sy="1" image="woodTop"/>
  <decor_163 x="-89.25" y="-616.85" rot="0" z="195" dx="0.5" dy="0.4575" sx="1" sy="1" image="woodTop"/>
  <decor_164 x="18" y="-632.65" rot="-16.4995" z="196" dx="0.5" dy="0.4575" sx="1" sy="1" image="woodTop"/>
  <decor_165 x="122.8" y="-663.45" rot="-16.4995" z="197" dx="0.5" dy="0.4575" sx="1" sy="1" image="woodTop"/>
  <decor_166 x="222.95" y="-693.1" rot="-16.4995" z="198" dx="0.5" dy="0.4575" sx="0.9301" sy="1" image="woodTop"/>
  <decor_167 x="324.5" y="-706.9" rot="0" z="199" dx="0.5" dy="0.4575" sx="1" sy="1" image="woodTop"/>
  <decor_168 x="483.3" y="-706.9" rot="0" z="200" dx="0.5" dy="0.4575" sx="1" sy="1" image="woodTop"/>
  <decor_169 x="395.3" y="-706.9" rot="0" z="201" dx="0.5" dy="0.4575" sx="1" sy="1" image="woodTop"/>
  <decor_170 x="-1394.95" y="-725.1" rot="-90" z="202" dx="0.5" dy="0.5" sx="0.9422" sy="1.1664" image="woodStandart"/>
  <decor_171 x="-496.15" y="-732.65" rot="0" z="204" dx="0.5002" dy="0.5" sx="1.9363" sy="1" image="woodShadow"/>
  <decor_172 x="-342.35" y="-928.6" rot="-90" z="205" dx="0.5001" dy="0.5" sx="2.5029" sy="1" image="woodShadow"/>
  <decor_173 x="-228.6" y="-918.35" rot="90" z="206" dx="0.5001" dy="0.5" sx="2.6622" sy="1" image="woodShadow"/>
  <decor_174 x="-285.25" y="-1106" rot="0" z="207" dx="0.5002" dy="0.5" sx="0.9308" sy="1" image="woodShadow"/>
  <decor_175 x="-134.85" y="-732.1" rot="0" z="208" dx="0.5002" dy="0.5" sx="1.4095" sy="1" image="woodShadow"/>
  <decor_176 x="-42.75" y="-769.75" rot="-90" z="209" dx="0.5" dy="0.4053" sx="0.6636" sy="1" image="woodShadowA2"/>
  <decor_177 x="-23.3" y="-833.6" rot="-45.2559" z="210" dx="0.4994" dy="0.3489" sx="0.4395" sy="1" image="woodShadowA1"/>
  <decor_178 x="255.7" y="-841.75" rot="45.0577" z="211" dx="0.484" dy="0.3854" sx="0.3001" sy="1" image="woodShadowA3"/>
  <decor_179 x="672.65" y="-715.4" rot="90" z="212" dx="0.5002" dy="0.5" sx="1.6058" sy="1" image="woodShadow"/>
  <decor_180 x="-527.65" y="-460.1" rot="90" z="213" dx="0.5002" dy="0.5" sx="1.8625" sy="1" image="woodShadow"/>
  <decor_181 x="-642.55" y="-438.75" rot="-90" z="214" dx="0.5001" dy="0.5" sx="1.5854" sy="1" image="woodShadow"/>
  <decor_182 x="-973.2" y="-911.15" rot="-90" z="215" dx="0.5003" dy="0.5" sx="0.5781" sy="1" image="woodShadow"/>
  <decor_183 x="-1041.7" y="-895.85" rot="14.4912" z="216" dx="0.5" dy="0.3842" sx="0.9449" sy="1" image="woodShadowA4"/>
  <decor_184 x="-1512.9" y="-699.85" rot="-90" z="217" dx="0.5002" dy="0.5" sx="3.008" sy="1" image="woodShadow"/>
  <decor_185 x="-1314.35" y="-912.8" rot="0" z="218" dx="0.5001" dy="0.5" sx="2.7835" sy="1" image="woodShadow"/>
  <decor_186 x="-1097.05" y="-539.65" rot="90" z="219" dx="0.5004" dy="0.5" sx="0.4096" sy="1" image="woodShadow"/>
  <decor_187 x="-341.85" y="-554.35" rot="-90" z="220" dx="0.5003" dy="0.5" sx="0.6179" sy="1" image="woodShadow"/>
  <decor_188 x="-1122.35" y="-780.5" rot="-90" z="221" dx="0.5004" dy="0.5" sx="0.4004" sy="1" image="woodShadow"/>
  <decor_189 x="-1257.45" y="-762.65" rot="0" z="222" dx="0.5002" dy="0.5" sx="1.641" sy="1" image="woodShadow"/>
  <decor_190 x="-648.9" y="-849.4" rot="90" z="223" dx="0.5001" dy="0.5" sx="1.3964" sy="1" image="woodShadow"/>
  <decor_191 x="-811.5" y="-942.85" rot="0" z="224" dx="0.5001" dy="0.5" sx="2.3422" sy="1" image="woodShadow"/>
  <decor_192 x="-1395" y="-719.35" rot="-89.9939" z="225" dx="0.5002" dy="0.5" sx="0.86" sy="1.03" image="woodShadowF"/>
  <decor_193 x="-1395.05" y="-754.85" rot="0" z="226" dx="0.5008" dy="0.5" sx="0.2004" sy="3.0304" image="woodShadow"/>
  <decor_194 x="-1409.6" y="-657.15" rot="0" z="227" dx="0.0239" dy="0.9761" sx="1" sy="1" image="steelOver"/>
  <decor_195 x="-1135.95" y="-749.9" rot="-90" z="228" dx="0.0239" dy="0.9761" sx="1" sy="1" image="steelOver"/>
  <decor_196 x="-1381.15" y="-776.95" rot="90" z="229" dx="0.0239" dy="0.9761" sx="1" sy="1" image="steelOver"/>
  <decor_197 x="-663.3" y="-748" rot="0" z="230" dx="0.0239" dy="0.9761" sx="1" sy="1" image="steelOver"/>
  <decor_198 x="-357.2" y="-720.95" rot="-90" z="232" dx="0.0239" dy="0.9761" sx="1" sy="1" image="steelOver"/>
  <decor_199 x="-241.15" y="-747.55" rot="0" z="233" dx="0.0239" dy="0.9761" sx="1" sy="1" image="steelOver"/>
  <decor_200 x="-57.2" y="-719.65" rot="-90" z="234" dx="0.0239" dy="0.9761" sx="1" sy="1" image="steelOver"/>
  <decor_201 x="-540.4" y="-627.6" rot="0" z="235" dx="0.0239" dy="0.9761" sx="1" sy="1" image="steelOver"/>
  <decor_202 x="-988" y="-868.2" rot="-90" z="236" dx="0.0239" dy="0.9761" sx="1" sy="1" image="steelOver"/>
  <decor_203 x="-1014.25" y="-932.5" rot="0" z="237" dx="0.5007" dy="0.4993" sx="1" sy="1" image="darkStoneA"/>
  <decor_204 x="-1328.1" y="-959.2" rot="0" z="238" dx="0.5009" dy="0.4994" sx="1" sy="1" image="darkStoneB"/>
  <decor_205 x="-1480.35" y="-951.35" rot="0" z="239" dx="0.5003" dy="0.5" sx="1" sy="1" image="darkStoneC"/>
  <decor_206 x="-1412.9" y="-948.2" rot="0" z="240" dx="0.501" dy="0.5" sx="1" sy="1" image="darkStoneD"/>
  <decor_207 x="-1549.4" y="-934.1" rot="0" z="241" dx="0.5018" dy="0.4978" sx="1" sy="1" image="darkStoneE"/>
  <decor_208 x="-1235.55" y="-956.05" rot="0" z="242" dx="0.5003" dy="0.5" sx="1" sy="1" image="darkStoneC"/>
  <decor_209 x="-1158.7" y="-948.2" rot="0" z="243" dx="0.501" dy="0.5" sx="1" sy="1" image="darkStoneD"/>
  <decor_210 x="-1081.7" y="-951.35" rot="0" z="244" dx="0.5009" dy="0.4994" sx="1" sy="1" image="darkStoneB"/>
  <decor_211 x="-869.85" y="-511.95" rot="0" z="245" dx="0.5009" dy="0.4994" sx="1" sy="1" image="darkStoneB"/>
  <decor_212 x="-1022.1" y="-504.1" rot="0" z="246" dx="0.5003" dy="0.5" sx="1" sy="1" image="darkStoneC"/>
  <decor_213 x="-954.65" y="-500.95" rot="0" z="247" dx="0.501" dy="0.5" sx="1" sy="1" image="darkStoneD"/>
  <decor_214 x="-777.3" y="-508.8" rot="0" z="248" dx="0.5003" dy="0.5" sx="1" sy="1" image="darkStoneC"/>
  <decor_215 x="-676.4" y="-488.9" rot="0" z="249" dx="0.501" dy="0.5" sx="1" sy="1" image="darkStoneD"/>
  <decor_216 x="-717.65" y="-439.75" rot="0" z="250" dx="0.5009" dy="0.4994" sx="1" sy="1" image="darkStoneB"/>
  <decor_217 x="-723.95" y="-287.5" rot="0" z="251" dx="0.5003" dy="0.5" sx="1" sy="1" image="darkStoneC"/>
  <decor_218 x="-628.15" y="-254.6" rot="0" z="252" dx="0.5009" dy="0.4994" sx="1" sy="1" image="darkStoneB"/>
  <decor_219 x="-974.95" y="-992.2" rot="0" z="253" dx="0.5009" dy="0.4994" sx="1" sy="1" image="darkStoneB"/>
  <decor_220 x="-810.25" y="-989" rot="0" z="254" dx="0.5003" dy="0.5" sx="1" sy="1" image="darkStoneC"/>
  <decor_221 x="-724" y="-982.7" rot="0" z="255" dx="0.501" dy="0.5" sx="1" sy="1" image="darkStoneD"/>
  <decor_222 x="-893.4" y="-981.15" rot="0" z="256" dx="0.5007" dy="0.4993" sx="1" sy="1" image="darkStoneA"/>
  <decor_223 x="-1558.8" y="-427.2" rot="0" z="257" dx="0.5003" dy="0.5" sx="1" sy="1" image="darkStoneC"/>
  <decor_224 x="-1579.2" y="-709.7" rot="0" z="258" dx="0.5003" dy="0.5" sx="1" sy="1" image="darkStoneC"/>
  <decor_225 x="-1563.5" y="-822.65" rot="0" z="259" dx="0.5009" dy="0.4994" sx="1" sy="1" image="darkStoneB"/>
  <decor_226 x="-1547.9" y="-764.55" rot="0" z="260" dx="0.501" dy="0.5" sx="1" sy="1" image="darkStoneD"/>
  <decor_227 x="-1552.55" y="-882.25" rot="0" z="261" dx="0.5007" dy="0.4993" sx="1" sy="1" image="darkStoneA"/>
  <decor_228 x="-1557.25" y="-489.9" rot="0" z="262" dx="0.5007" dy="0.4993" sx="1" sy="1" image="darkStoneA"/>
  <decor_229 x="-1563.45" y="-643.8" rot="0" z="263" dx="0.5009" dy="0.4994" sx="1" sy="1" image="darkStoneB"/>
  <decor_230 x="-1582.35" y="-560.55" rot="0" z="264" dx="0.5003" dy="0.5" sx="1" sy="1" image="darkStoneC"/>
  <decor_231 x="-1268.5" y="-430.35" rot="0" z="265" dx="0.5003" dy="0.5" sx="1" sy="1" image="darkStoneC"/>
  <decor_232 x="-1472.4" y="-413.15" rot="0" z="266" dx="0.5009" dy="0.4994" sx="1" sy="1" image="darkStoneB"/>
  <decor_233 x="-1406.65" y="-435" rot="0" z="267" dx="0.501" dy="0.5" sx="1" sy="1" image="darkStoneD"/>
  <decor_234 x="-1350.1" y="-425.6" rot="0" z="268" dx="0.5007" dy="0.4993" sx="1" sy="1" image="darkStoneA"/>
  <decor_235 x="-1141.25" y="-447.7" rot="0" z="269" dx="0.5009" dy="0.4994" sx="1" sy="1" image="darkStoneB"/>
  <decor_236 x="-428.9" y="-795.95" rot="0" z="270" dx="0.5003" dy="0.5" sx="1" sy="1" image="darkStoneC"/>
  <decor_237 x="-380.3" y="-764.6" rot="0" z="271" dx="0.501" dy="0.5" sx="1" sy="1" image="darkStoneD"/>
  <decor_238 x="-606.25" y="-769.3" rot="0" z="272" dx="0.5007" dy="0.4993" sx="1" sy="1" image="darkStoneA"/>
  <decor_239 x="-623.45" y="-970.25" rot="0" z="273" dx="0.5009" dy="0.4994" sx="1" sy="1" image="darkStoneB"/>
  <decor_240 x="-406.95" y="-549.6" rot="0" z="274" dx="0.5003" dy="0.5" sx="1" sy="1" image="darkStoneC"/>
  <decor_241 x="-482.2" y="-571.6" rot="0" z="275" dx="0.5009" dy="0.4994" sx="1" sy="1" image="darkStoneB"/>
  <decor_242 x="-527.6" y="-757.3" rot="0" z="276" dx="0.501" dy="0.5" sx="1" sy="1" image="darkStoneD"/>
  <decor_243 x="-606.2" y="-896.4" rot="0" z="277" dx="0.5007" dy="0.4993" sx="1" sy="1" image="darkStoneA"/>
  <decor_244 x="-606.2" y="-848.95" rot="0" z="278" dx="0.5018" dy="0.4978" sx="1" sy="1" image="darkStoneE"/>
  <decor_245 x="-563.85" y="-786.55" rot="0" z="279" dx="0.5018" dy="0.4978" sx="1" sy="1" image="darkStoneE"/>
  <decor_246 x="-468.1" y="-766.15" rot="0" z="280" dx="0.5018" dy="0.4978" sx="1" sy="1" image="darkStoneE"/>
  <decor_247 x="-403.75" y="-1106.75" rot="0" z="281" dx="0.5003" dy="0.5" sx="1" sy="1" image="darkStoneC"/>
  <decor_248 x="-402.15" y="-1028.3" rot="0" z="282" dx="0.5009" dy="0.4994" sx="1" sy="1" image="darkStoneB"/>
  <decor_249 x="-402.2" y="-899.55" rot="0" z="283" dx="0.5007" dy="0.4993" sx="1" sy="1" image="darkStoneA"/>
  <decor_250 x="-193.45" y="-1133.4" rot="0" z="284" dx="0.5003" dy="0.5" sx="1" sy="1" image="darkStoneC"/>
  <decor_251 x="-311.1" y="-1149.1" rot="0" z="285" dx="0.5009" dy="0.4994" sx="1" sy="1" image="darkStoneB"/>
  <decor_252 x="-110.35" y="-788.1" rot="0" z="286" dx="0.5003" dy="0.5" sx="1" sy="1" image="darkStoneC"/>
  <decor_253 x="-184.05" y="-778.7" rot="0" z="287" dx="0.5007" dy="0.4993" sx="1" sy="1" image="darkStoneA"/>
  <decor_254 x="-39.7" y="-896.4" rot="0" z="288" dx="0.5003" dy="0.5" sx="1" sy="1" image="darkStoneC"/>
  <decor_255 x="-86.75" y="-850.95" rot="0" z="289" dx="0.5009" dy="0.4994" sx="1" sy="1" image="darkStoneB"/>
  <decor_256 x="-174.6" y="-1056.55" rot="0" z="290" dx="0.5009" dy="0.4994" sx="1" sy="1" image="darkStoneB"/>
  <decor_257 x="-395.9" y="-452.35" rot="0" z="291" dx="0.5009" dy="0.4994" sx="1" sy="1" image="darkStoneB"/>
  <decor_258 x="-468.15" y="-493.1" rot="0" z="292" dx="0.5003" dy="0.5" sx="1" sy="1" image="darkStoneC"/>
  <decor_259 x="-490.15" y="-270.25" rot="0" z="293" dx="0.5003" dy="0.5" sx="1" sy="1" image="darkStoneC"/>
  <decor_260 x="-491.7" y="-453.85" rot="0" z="294" dx="0.501" dy="0.5" sx="1" sy="1" image="darkStoneD"/>
  <decor_261 x="-474.4" y="-367.55" rot="0" z="295" dx="0.5007" dy="0.4993" sx="1" sy="1" image="darkStoneA"/>
  <decor_262 x="-552.9" y="-854.05" rot="0" z="296" dx="0.5003" dy="0.5" sx="1" sy="1" image="darkStoneC"/>
  <decor_263 x="304.05" y="-879.2" rot="0" z="297" dx="0.5009" dy="0.4994" sx="1" sy="1" image="darkStoneB"/>
  <decor_264 x="100.05" y="-899.65" rot="0" z="298" dx="0.5009" dy="0.4994" sx="1" sy="1" image="darkStoneB"/>
  <decor_265 x="-168.35" y="-857.2" rot="0" z="299" dx="0.5003" dy="0.5" sx="1" sy="1" image="darkStoneC"/>
  <decor_266 x="-177.75" y="-941.9" rot="0" z="300" dx="0.5007" dy="0.4993" sx="1" sy="1" image="darkStoneA"/>
  <decor_267 x="-199.8" y="-817.95" rot="0" z="301" dx="0.5018" dy="0.4978" sx="1" sy="1" image="darkStoneE"/>
  <decor_268 x="-146.45" y="-761.45" rot="0" z="302" dx="0.5018" dy="0.4978" sx="1" sy="1" image="darkStoneE"/>
  <decor_269 x="-27.1" y="-446" rot="0" z="303" dx="0.5007" dy="0.4993" sx="1" sy="1" image="darkStoneA"/>
  <decor_270 x="200.4" y="-902.7" rot="0" z="304" dx="0.5003" dy="0.5" sx="1" sy="1" image="darkStoneC"/>
  <decor_271 x="696.35" y="-527.6" rot="0" z="305" dx="0.5007" dy="0.4993" sx="1" sy="1" image="darkStoneA"/>
  <decor_272 x="-97.8" y="-438.2" rot="0" z="306" dx="0.5003" dy="0.5" sx="1" sy="1" image="darkStoneC"/>
  <decor_273 x="-187.15" y="-452.4" rot="0" z="307" dx="0.5009" dy="0.4994" sx="1" sy="1" image="darkStoneB"/>
  <decor_274 x="-295.45" y="-450.7" rot="0" z="308" dx="0.5007" dy="0.4993" sx="1" sy="1" image="darkStoneA"/>
  <decor_275 x="-427.3" y="-948.2" rot="0" z="309" dx="0.5003" dy="0.5" sx="1" sy="1" image="darkStoneC"/>
  <decor_276 x="282.35" y="-540.15" rot="0" z="310" dx="0.5003" dy="0.5" sx="1" sy="1" image="darkStoneC"/>
  <decor_277 x="435.75" y="-882.3" rot="0" z="311" dx="0.5003" dy="0.5" sx="1" sy="1" image="darkStoneC"/>
  <decor_278 x="711.95" y="-855.6" rot="0" z="312" dx="0.5003" dy="0.5" sx="1" sy="1" image="darkStoneC"/>
  <decor_279 x="730.8" y="-673.6" rot="0" z="313" dx="0.5003" dy="0.5" sx="1" sy="1" image="darkStoneC"/>
  <decor_280 x="200.35" y="-524" rot="0" z="314" dx="0.5007" dy="0.4993" sx="1" sy="1" image="darkStoneA"/>
  <decor_281 x="723.05" y="-742.6" rot="0" z="315" dx="0.5007" dy="0.4993" sx="1" sy="1" image="darkStoneA"/>
  <decor_282 x="515.9" y="-872.85" rot="0" z="316" dx="0.5007" dy="0.4993" sx="1" sy="1" image="darkStoneA"/>
  <decor_283 x="515.9" y="-515.05" rot="0" z="317" dx="0.5007" dy="0.4993" sx="1" sy="1" image="darkStoneA"/>
  <decor_284 x="377.7" y="-868.15" rot="0" z="318" dx="0.501" dy="0.5" sx="1" sy="1" image="darkStoneD"/>
  <decor_285 x="132.85" y="-505.65" rot="0" z="319" dx="0.501" dy="0.5" sx="1" sy="1" image="darkStoneD"/>
  <decor_286 x="575.45" y="-549.6" rot="0" z="320" dx="0.501" dy="0.5" sx="1" sy="1" image="darkStoneD"/>
  <decor_287 x="724.5" y="-799.1" rot="0" z="321" dx="0.501" dy="0.5" sx="1" sy="1" image="darkStoneD"/>
  <decor_288 x="638.2" y="-901.1" rot="0" z="322" dx="0.501" dy="0.5" sx="1" sy="1" image="darkStoneD"/>
  <decor_289 x="575.5" y="-866.7" rot="0" z="323" dx="0.5009" dy="0.4994" sx="1" sy="1" image="darkStoneB"/>
  <decor_290 x="365.95" y="-536.95" rot="0" z="324" dx="0.5009" dy="0.4994" sx="1" sy="1" image="darkStoneB"/>
  <decor_291 x="616.3" y="-510.45" rot="0" z="325" dx="0.5009" dy="0.4994" sx="1" sy="1" image="darkStoneB"/>
  <decor_292 x="741.85" y="-592.05" rot="0" z="326" dx="0.5009" dy="0.4994" sx="1" sy="1" image="darkStoneB"/>
  <decor_293 x="456.25" y="-538.6" rot="0" z="327" dx="0.5007" dy="0.4993" sx="1" sy="1" image="darkStoneA"/>
  <decor_294 x="-924.9" y="-515.55" rot="0" z="328" dx="0.5007" dy="0.4993" sx="1" sy="1" image="darkStoneA"/>
  <decor_295 x="-395.6" y="-849.2" rot="-23.7027" z="329" dx="0.5003" dy="0.5" sx="1" sy="1" image="darkStoneC"/>
  <decor_296 x="-512.8" y="-789.9" rot="0" z="330" dx="0.5009" dy="0.4994" sx="1" sy="1" image="darkStoneB"/>
  <decor_297 x="-592.2" y="-817.55" rot="0" z="331" dx="0.5009" dy="0.4994" sx="1" sy="1" image="darkStoneB"/>
  <decor_298 x="-688.45" y="-360.3" rot="0" z="332" dx="0.5007" dy="0.4993" sx="1" sy="1" image="darkStoneA"/>
  <decor_299 x="-696" y="-507.4" rot="0" z="333" dx="0.5007" dy="0.4993" sx="1" sy="1" image="darkStoneA"/>
  <decor_300 x="66.9" y="-468.3" rot="-20.4586" z="334" dx="0.5003" dy="0.5" sx="1" sy="1" image="darkStoneC"/>
  <decor_301 x="167.4" y="-524.55" rot="0" z="335" dx="0.5018" dy="0.4978" sx="1" sy="1" image="darkStoneE"/>
  <decor_302 x="250.35" y="-527" rot="0" z="336" dx="0.5018" dy="0.4978" sx="1" sy="1" image="darkStoneE"/>
  <decor_303 x="419.9" y="-555.85" rot="0" z="337" dx="0.5018" dy="0.4978" sx="1" sy="1" image="darkStoneE"/>
  <decor_304 x="523.35" y="-545" rot="0" z="338" dx="0.5018" dy="0.4978" sx="1" sy="1" image="darkStoneE"/>
  <decor_305 x="649.6" y="-554.65" rot="0" z="339" dx="0.5018" dy="0.4978" sx="1" sy="1" image="darkStoneE"/>
  <decor_306 x="-343.75" y="-501.1" rot="0" z="340" dx="0.5" dy="0.5" sx="1" sy="1" image="stonesOver"/>
  <decor_307 x="-1095.1" y="-503.3" rot="0" z="341" dx="0.5" dy="0.5" sx="1" sy="1" image="stonesOver"/>
  <decor_308 x="-649.9" y="-319.45" rot="0" z="342" dx="0.5" dy="0.5" sx="1" sy="1" image="stonesOver"/>
  <decor_309 x="-1518.45" y="-470.65" rot="0" z="343" dx="0.5" dy="0.5" sx="1" sy="1" image="stonesOver"/>
  <decor_310 x="-522.75" y="-320.3" rot="0" z="344" dx="0.5" dy="0.5" sx="1" sy="1" image="stonesOver"/>
  <decor_311 x="676.75" y="-586.8" rot="0" z="345" dx="0.5" dy="0.5" sx="1" sy="1" image="stonesOver"/>
  <decor_312 x="-1167.85" y="-805" rot="0" z="346" dx="0.5" dy="0.5" sx="1" sy="1" image="groundRight"/>
  <decor_313 x="-686.9" y="-564.9" rot="0" z="347" dx="0.5" dy="0.5" sx="1" sy="1" image="groundRight"/>
  <decor_314 x="-1353.1" y="-805.45" rot="0" z="348" dx="0.5" dy="0.5" sx="1" sy="1" image="groundLeft"/>
  <decor_315 x="-1051.05" y="-564.8" rot="0" z="349" dx="0.5" dy="0.5" sx="1" sy="1" image="groundLeft"/>
  <decor_316 x="-1199.15" y="-641.9" rot="0" z="350" dx="0.497" dy="0.5" sx="1" sy="1" image="screwNut"/>
  <decor_317 x="-1096.95" y="-640.75" rot="0" z="351" dx="0.497" dy="0.5" sx="1" sy="1" image="screwNut"/>
  <decor_318 x="-990.45" y="-641.9" rot="0" z="352" dx="0.497" dy="0.5" sx="1" sy="1" image="screwNut"/>
  <decor_319 x="-828.8" y="-821.6" rot="0" z="353" dx="0.497" dy="0.5" sx="1" sy="1" image="screwNut"/>
  <decor_320 x="-761.65" y="-821" rot="0" z="354" dx="0.497" dy="0.5" sx="1" sy="1" image="screwNut"/>
  <decor_321 x="-834.5" y="-730.95" rot="0" z="355" dx="0.497" dy="0.5" sx="1" sy="1" image="screwNut"/>
  <decor_322 x="-949.1" y="-730" rot="0" z="356" dx="0.497" dy="0.5" sx="1" sy="1" image="screwNut"/>
  <decor_323 x="-319.6" y="-614.7" rot="0" z="357" dx="0.497" dy="0.5" sx="1" sy="1" image="screwNut"/>
  <decor_324 x="-228.35" y="-611.95" rot="0" z="358" dx="0.497" dy="0.5" sx="1" sy="1" image="screwNut"/>
  <decor_325 x="-42.5" y="-608.45" rot="0" z="359" dx="0.497" dy="0.5" sx="1" sy="1" image="screwNut"/>
  <decor_326 x="-18.65" y="-612.75" rot="0" z="360" dx="0.497" dy="0.5" sx="1" sy="1" image="screwNut"/>
  <decor_327 x="99.8" y="-648.15" rot="0" z="361" dx="0.497" dy="0.5" sx="1" sy="1" image="screwNut"/>
  <decor_328 x="259.75" y="-698.85" rot="0" z="362" dx="0.497" dy="0.5" sx="1" sy="1" image="screwNut"/>
  <decor_329 x="287.8" y="-701.3" rot="0" z="363" dx="0.497" dy="0.5" sx="1" sy="1" image="screwNut"/>
  <decor_330 x="395.25" y="-700.1" rot="0" z="364" dx="0.497" dy="0.5" sx="1" sy="1" image="screwNut"/>
  <decor_331 x="528.95" y="-699.45" rot="0" z="365" dx="0.497" dy="0.5" sx="1" sy="1" image="screwNut"/>
  <decor_332 x="-498.65" y="-614.25" rot="0" z="366" dx="0.497" dy="0.5" sx="1" sy="1" image="screwNut"/>
  <decor_333 x="-440.45" y="-614.25" rot="0" z="367" dx="0.497" dy="0.5" sx="1" sy="1" image="screwNut"/>
  <decor_334 x="-415.3" y="-613.85" rot="0" z="368" dx="0.497" dy="0.5" sx="1" sy="1" image="screwNut"/>
  <decor_335 x="-253.1" y="-614.65" rot="0" z="369" dx="0.497" dy="0.5" sx="1" sy="1" image="screwNut"/>
  <decor_336 x="-158.55" y="-611.95" rot="0" z="370" dx="0.497" dy="0.5" sx="1" sy="1" image="screwNut"/>
  <decor_337 x="-133.4" y="-611.95" rot="0" z="371" dx="0.497" dy="0.5" sx="1" sy="1" image="screwNut"/>
  <decor_338 x="-857.5" y="-730.75" rot="0" z="372" dx="0.497" dy="0.5" sx="1" sy="1" image="screwNut"/>
  <decor_339 x="-761.05" y="-729.85" rot="0" z="373" dx="0.497" dy="0.5" sx="1" sy="1" image="screwNut"/>
  <decor_340 x="-735.85" y="-729.85" rot="0" z="374" dx="0.497" dy="0.5" sx="1" sy="1" image="screwNut"/>
  <decor_341 x="-670.7" y="-730.35" rot="0" z="375" dx="0.497" dy="0.5" sx="1" sy="1" image="screwNut"/>
  <decor_342 x="-1062" y="-640.8" rot="0" z="376" dx="0.497" dy="0.5" sx="1" sy="1" image="screwNut"/>
  <decor_343 x="-1172.9" y="-641.9" rot="0" z="377" dx="0.497" dy="0.5" sx="1" sy="1" image="screwNut"/>
  <decor_344 x="-1281.45" y="-642.6" rot="0" z="378" dx="0.497" dy="0.5" sx="1" sy="1" image="screwNut"/>
  <decor_345 x="-1307.8" y="-641.9" rot="0" z="379" dx="0.497" dy="0.5" sx="1" sy="1" image="screwNut"/>
  <decor_346 x="-343.85" y="-614.7" rot="0" z="380" dx="0.497" dy="0.5" sx="1" sy="1" image="screwNut"/>
  <playerBall x="-286" y="-972.95" rot="0" type="2" den="1" frc="0.15" rst="0" sens="false" geom="0" z="383" dx="0.4824" dy="0.421" category="100" mask="65533">
    <radius>40</radius>
  </playerBall>
  <door0 x="-585" y="-569.95" rot="0" type="0" den="0" frc="0.4" rst="0" sens="false" geom="2" z="116" dx="0.5014" dy="0.9181" check="10">
    <p0>
      <v0 x="45" y="0"/>
      <v1 x="45" y="20"/>
      <v2 x="-45" y="20"/>
      <v3 x="-45" y="0"/>
    </p0>
  </door0>
  <key0 x="-1259.9" y="-705.2" rot="0" type="0" den="0" frc="0" rst="0" sens="true" geom="2" z="381" dx="0.5033" dy="0.4983">
    <p0>
      <v0 x="-18" y="18"/>
      <v1 x="-18" y="-18"/>
      <v2 x="18" y="-18"/>
      <v3 x="18" y="18"/>
    </p0>
  </key0>
  <star1 x="-0.15" y="-765.75" rot="0" type="0" den="0" frc="0" rst="0" sens="true" geom="0" z="50" dx="0.494" dy="0.5008">
    <radius>20</radius>
  </star1>
  <star2 x="90.8" y="-795.25" rot="0" type="0" den="0" frc="0" rst="0" sens="true" geom="0" z="50" dx="0.494" dy="0.5008">
    <radius>20</radius>
  </star2>
  <star3 x="180.95" y="-810" rot="0" type="0" den="0" frc="0" rst="0" sens="true" geom="0" z="50" dx="0.494" dy="0.5008">
    <radius>20</radius>
  </star3>
  <star4 x="599.95" y="-660.65" rot="0" type="0" den="0" frc="0" rst="0" sens="true" geom="0" z="50" dx="0.494" dy="0.5008">
    <radius>20</radius>
  </star4>
  <star5 x="599.95" y="-750.5" rot="0" type="0" den="0" frc="0" rst="0" sens="true" geom="0" z="50" dx="0.494" dy="0.5008">
    <radius>20</radius>
  </star5>
  <star6 x="-1335.15" y="-704.95" rot="0" type="0" den="0" frc="0" rst="0" sens="true" geom="0" z="50" dx="0.494" dy="0.5008">
    <radius>20</radius>
  </star6>
  <star7 x="-705.15" y="-795.25" rot="0" type="0" den="0" frc="0" rst="0" sens="true" geom="0" z="50" dx="0.494" dy="0.5008">
    <radius>20</radius>
  </star7>
  <star8 x="-1185.15" y="-705.55" rot="0" type="0" den="0" frc="0" rst="0" sens="true" geom="0" z="50" dx="0.494" dy="0.5008">
    <radius>20</radius>
  </star8>
  <star9 x="-705.15" y="-884.5" rot="0" type="0" den="0" frc="0" rst="0" sens="true" geom="0" z="50" dx="0.494" dy="0.5008">
    <radius>20</radius>
  </star9>
  <star10 x="-974.8" y="-690.05" rot="0" type="0" den="0" frc="0" rst="0" sens="true" geom="0" z="50" dx="0.494" dy="0.5008">
    <radius>20</radius>
  </star10>
  <body_48 x="0" y="0" rot="0" type="0" den="0" frc="0.4" rst="0" sens="false" geom="1">
    <v0 x="660" y="-600"/>
    <v1 x="270" y="-600"/>
    <v2 x="-30" y="-510"/>
    <v3 x="-330" y="-510"/>
    <v4 x="-330" y="-600"/>
    <v5 x="-30" y="-600"/>
    <v6 x="270" y="-690"/>
    <v7 x="540" y="-690"/>
    <v8 x="540" y="-720"/>
    <v9 x="270" y="-720"/>
    <v10 x="-30" y="-630"/>
    <v11 x="-540" y="-630"/>
    <v12 x="-540" y="-330"/>
    <v13 x="-630" y="-330"/>
    <v14 x="-630" y="-570"/>
    <v15 x="-1110" y="-570"/>
    <v16 x="-1110" y="-510"/>
    <v17 x="-1410" y="-480"/>
    <v18 x="-1500" y="-480"/>
    <v19 x="-1500" y="-900"/>
    <v20 x="-1110" y="-900"/>
    <v21 x="-990" y="-870"/>
    <v22 x="-960" y="-870"/>
    <v23 x="-960" y="-930"/>
    <v24 x="-660" y="-930"/>
    <v25 x="-660" y="-750"/>
    <v26 x="-960" y="-750"/>
    <v27 x="-960" y="-720"/>
    <v28 x="-330" y="-720"/>
    <v29 x="-330" y="-1110"/>
    <v30 x="-240" y="-1110"/>
    <v31 x="-240" y="-720"/>
    <v32 x="-30" y="-720"/>
    <v33 x="-30" y="-810"/>
    <v34 x="0" y="-840"/>
    <v35 x="240" y="-840"/>
    <v36 x="270" y="-810"/>
    <v37 x="660" y="-810"/>
  </body_48>
  <body_49 x="0" y="0" rot="0" type="0" den="0" frc="0.4" rst="0" sens="false" geom="1">
    <v0 x="-840" y="-840"/>
    <v1 x="-750" y="-840"/>
    <v2 x="-750" y="-810"/>
    <v3 x="-840" y="-810"/>
  </body_49>
  <body_50 x="0" y="0" rot="0" type="0" den="0" frc="0.4" rst="0" sens="false" geom="1">
    <v0 x="-1110" y="-810"/>
    <v1 x="-1110" y="-750"/>
    <v2 x="-1380" y="-750"/>
    <v3 x="-1380" y="-660"/>
    <v4 x="-960" y="-660"/>
    <v5 x="-960" y="-630"/>
    <v6 x="-1410" y="-630"/>
    <v7 x="-1410" y="-810"/>
  </body_50>
  <cargo1 x="-150" y="-647.55" rot="0" type="2" den="0.35" frc="0.7" rst="0" sens="false" geom="2" z="384" dx="0.497" dy="0.0325">
    <p0>
      <v0 x="-30" y="-45"/>
      <v1 x="-30" y="-15"/>
      <v2 x="-45" y="0"/>
      <v3 x="-45" y="-45"/>
    </p0>
    <p1>
      <v0 x="-30" y="-15"/>
      <v1 x="30" y="-15"/>
      <v2 x="45" y="0"/>
      <v3 x="-45" y="0"/>
    </p1>
    <p2>
      <v0 x="30" y="-15"/>
      <v1 x="30" y="-45"/>
      <v2 x="45" y="-45"/>
      <v3 x="45" y="0"/>
    </p2>
  </cargo1>
  <wheel1 x="-180.1" y="-643.2" rot="0" type="2" den="2.5" frc="0.4" rst="0" sens="false" geom="0" z="385" dx="0.5" dy="0.5">
    <radius>26</radius>
  </wheel1>
  <wheel2 x="-121.6" y="-643.2" rot="0" type="2" den="2.5" frc="0.4" rst="0" sens="false" geom="0" z="386" dx="0.5" dy="0.5">
    <radius>26</radius>
  </wheel2>
  <roll1 x="-59.25" y="-528.1" rot="0" type="2" den="1" frc="0.5" rst="0" sens="false" geom="2" z="411" dx="0.4824" dy="0.4473" x1="-230" x2="370" phase="-1">
    <p0>
      <v0 x="12.25" y="-17.75"/>
      <v1 x="16.95" y="-16.95"/>
      <v2 x="17.75" y="-11.95"/>
      <v3 x="17.75" y="11.95"/>
      <v4 x="17" y="17.1"/>
      <v5 x="12.25" y="17.75"/>
      <v6 x="-12" y="17.75"/>
      <v7 x="-16.9" y="16.85"/>
      <v8 x="-17.75" y="12.4"/>
      <v9 x="-17.75" y="-12"/>
      <v10 x="-17.1" y="-17"/>
      <v11 x="-12.75" y="-17.75"/>
    </p0>
  </roll1>
  <boom1 x="-1259.95" y="-514.05" rot="0" type="2" den="1" frc="0.5" rst="0" sens="false" geom="2" z="405" dx="0.5" dy="0.5" x1="-1380" x2="-1154" phase="1">
    <p0>
      <v0 x="12.25" y="-17.75"/>
      <v1 x="16.95" y="-16.95"/>
      <v2 x="17.75" y="-11.95"/>
      <v3 x="17.75" y="11.95"/>
      <v4 x="17" y="17.1"/>
      <v5 x="12.25" y="17.75"/>
      <v6 x="-12" y="17.75"/>
      <v7 x="-16.9" y="16.85"/>
      <v8 x="-17.75" y="12.4"/>
      <v9 x="-17.75" y="-12"/>
      <v10 x="-17.1" y="-17"/>
      <v11 x="-12.75" y="-17.75"/>
    </p0>
  </boom1>
  <boom2 x="-793.95" y="-859.05" rot="0" type="2" den="1" frc="0.5" rst="0" sens="false" geom="2" z="404" dx="0.5" dy="0.5" x1="-930" x2="-690" phase="0">
    <p0>
      <v0 x="12.25" y="-17.75"/>
      <v1 x="16.95" y="-16.95"/>
      <v2 x="17.75" y="-11.95"/>
      <v3 x="17.75" y="11.95"/>
      <v4 x="17" y="17.1"/>
      <v5 x="12.25" y="17.75"/>
      <v6 x="-12" y="17.75"/>
      <v7 x="-16.9" y="16.85"/>
      <v8 x="-17.75" y="12.4"/>
      <v9 x="-17.75" y="-12"/>
      <v10 x="-17.1" y="-17"/>
      <v11 x="-12.75" y="-17.75"/>
    </p0>
  </boom2>
  <door1 x="-343" y="-683" rot="0" type="0" den="0" frc="0.4" rst="0" sens="false" geom="2" z="231" dx="0.1297" dy="0.4982" check="1">
    <p0>
      <v0 x="0" y="-55"/>
      <v1 x="12" y="-55"/>
      <v2 x="12" y="55"/>
      <v3 x="0" y="55"/>
    </p0>
  </door1>
  <key1 x="-284.5" y="-554.95" rot="0" type="0" den="0" frc="0" rst="0" sens="true" geom="2" z="387" dx="0.5033" dy="0.4983">
    <p0>
      <v0 x="-18" y="18"/>
      <v1 x="-18" y="-18"/>
      <v2 x="18" y="-18"/>
      <v3 x="18" y="18"/>
    </p0>
  </key1>
  <door2 x="-1123" y="-713" rot="0" type="0" den="0" frc="0.4" rst="0" sens="false" geom="2" z="203" dx="0.0137" dy="0.5009" check="2">
    <p0>
      <v0 x="0" y="-55"/>
      <v1 x="12" y="-55"/>
      <v2 x="12" y="55"/>
      <v3 x="0" y="55"/>
    </p0>
  </door2>
  <key2 x="-1454.55" y="-693.9" rot="0" type="0" den="0" frc="0" rst="0" sens="true" geom="2" z="412" dx="0.5033" dy="0.4983">
    <p0>
      <v0 x="-18" y="18"/>
      <v1 x="-18" y="-18"/>
      <v2 x="18" y="-18"/>
      <v3 x="18" y="18"/>
    </p0>
  </key2>
  <caveMask>
    <p0>
      <v0 x="270" y="-690"/>
      <v1 x="540" y="-690"/>
      <v2 x="-30" y="-600"/>
    </p0>
    <p1>
      <v0 x="-330" y="-600"/>
      <v1 x="-30" y="-600"/>
      <v2 x="-330" y="-510"/>
    </p1>
    <p2>
      <v0 x="-30" y="-600"/>
      <v1 x="540" y="-690"/>
      <v2 x="270" y="-600"/>
      <v3 x="-30" y="-510"/>
      <v4 x="-330" y="-510"/>
    </p2>
    <p3>
      <v0 x="270" y="-600"/>
      <v1 x="540" y="-690"/>
      <v2 x="660" y="-600"/>
    </p3>
    <p4>
      <v0 x="540" y="-690"/>
      <v1 x="540" y="-720"/>
      <v2 x="660" y="-810"/>
      <v3 x="660" y="-600"/>
    </p4>
    <p5>
      <v0 x="-330" y="-720"/>
      <v1 x="-540" y="-630"/>
      <v2 x="-960" y="-630"/>
      <v3 x="-960" y="-720"/>
    </p5>
    <p6>
      <v0 x="-960" y="-630"/>
      <v1 x="-540" y="-630"/>
      <v2 x="-1410" y="-630"/>
    </p6>
    <p7>
      <v0 x="-1500" y="-480"/>
      <v1 x="-1410" y="-630"/>
      <v2 x="-1110" y="-570"/>
      <v3 x="-1110" y="-510"/>
      <v4 x="-1410" y="-480"/>
    </p7>
    <p8>
      <v0 x="-1410" y="-630"/>
      <v1 x="-540" y="-630"/>
      <v2 x="-630" y="-570"/>
      <v3 x="-1110" y="-570"/>
    </p8>
    <p9>
      <v0 x="-630" y="-570"/>
      <v1 x="-540" y="-630"/>
      <v2 x="-540" y="-330"/>
      <v3 x="-630" y="-330"/>
    </p9>
    <p10>
      <v0 x="-1110" y="-900"/>
      <v1 x="-990" y="-870"/>
      <v2 x="-1110" y="-810"/>
      <v3 x="-1410" y="-810"/>
      <v4 x="-1500" y="-900"/>
    </p10>
    <p11>
      <v0 x="-1500" y="-480"/>
      <v1 x="-1500" y="-900"/>
      <v2 x="-1410" y="-810"/>
      <v3 x="-1410" y="-630"/>
    </p11>
    <p12>
      <v0 x="-1110" y="-810"/>
      <v1 x="-990" y="-870"/>
      <v2 x="-960" y="-750"/>
      <v3 x="-960" y="-660"/>
      <v4 x="-1110" y="-750"/>
    </p12>
    <p13>
      <v0 x="-1380" y="-750"/>
      <v1 x="-1110" y="-750"/>
      <v2 x="-960" y="-660"/>
      <v3 x="-1380" y="-660"/>
    </p13>
    <p14>
      <v0 x="-960" y="-750"/>
      <v1 x="-990" y="-870"/>
      <v2 x="-840" y="-840"/>
      <v3 x="-840" y="-810"/>
    </p14>
    <p15>
      <v0 x="-840" y="-840"/>
      <v1 x="-990" y="-870"/>
      <v2 x="-960" y="-870"/>
      <v3 x="-750" y="-840"/>
    </p15>
    <p16>
      <v0 x="-660" y="-930"/>
      <v1 x="-750" y="-840"/>
      <v2 x="-960" y="-870"/>
      <v3 x="-960" y="-930"/>
    </p16>
    <p17>
      <v0 x="-840" y="-810"/>
      <v1 x="-750" y="-810"/>
      <v2 x="-660" y="-750"/>
      <v3 x="-960" y="-750"/>
    </p17>
    <p18>
      <v0 x="-750" y="-810"/>
      <v1 x="-750" y="-840"/>
      <v2 x="-660" y="-930"/>
      <v3 x="-660" y="-750"/>
    </p18>
    <p19>
      <v0 x="-330" y="-1110"/>
      <v1 x="-240" y="-1110"/>
      <v2 x="-240" y="-720"/>
      <v3 x="-330" y="-720"/>
    </p19>
    <p20>
      <v0 x="-540" y="-630"/>
      <v1 x="-330" y="-720"/>
      <v2 x="-240" y="-720"/>
      <v3 x="-30" y="-630"/>
    </p20>
    <p21>
      <v0 x="240" y="-840"/>
      <v1 x="270" y="-810"/>
      <v2 x="-30" y="-720"/>
      <v3 x="-30" y="-810"/>
      <v4 x="0" y="-840"/>
    </p21>
    <p22>
      <v0 x="-240" y="-720"/>
      <v1 x="-30" y="-720"/>
      <v2 x="-30" y="-630"/>
    </p22>
    <p23>
      <v0 x="-30" y="-720"/>
      <v1 x="270" y="-810"/>
      <v2 x="270" y="-720"/>
      <v3 x="-30" y="-630"/>
    </p23>
    <p24>
      <v0 x="270" y="-720"/>
      <v1 x="270" y="-810"/>
      <v2 x="660" y="-810"/>
      <v3 x="540" y="-720"/>
    </p24>
  </caveMask>
</level_65>
