<level_64>
  <checkPoints>
    <p0 x="-287" y="-977.7"/>
    <p1 x="-588" y="-440"/>
  </checkPoints>
  <viewPoints>
    <p0 x="-1410.1" f="0.5" h="-797"/>
    <p1 x="180.25" f="0.5" h="-797"/>
  </viewPoints>
  <joints>
    <j1 type="1" bA="cargo1" bB="wheel1" col="false">
      <anchor x="-464.55" y="-644.2"/>
    </j1>
    <j2 type="1" bA="cargo1" bB="wheel2" col="false">
      <anchor x="-406.05" y="-644.2"/>
    </j2>
  </joints>
  <frame x="-1410.1" y="-1080.15" w="1590.35" h="840.25"/>
  <frameLeft x="0" y="0" rot="0" type="0" den="0" frc="0" rst="0" sens="false" geom="1" category="65535" mask="65535">
    <v0 x="-1410.1" y="-1080.15"/>
    <v1 x="-1410.1" y="-239.9"/>
  </frameLeft>
  <frameRight x="0" y="0" rot="0" type="0" den="0" frc="0" rst="0" sens="false" geom="1" category="65535" mask="65239">
    <v0 x="180.25" y="-239.9"/>
    <v1 x="180.25" y="-1080.15"/>
  </frameRight>
  <thorn0 x="6.1" y="-628.15" rot="-0.0105" type="0" den="0" frc="0.4" rst="0" sens="true" geom="2" z="365" dx="0.5078" dy="0.1717">
    <p0>
      <v0 x="-5.5" y="0"/>
      <v1 x="0.7" y="-14.8"/>
      <v2 x="5.5" y="0"/>
    </p0>
  </thorn0>
  <thorn1 x="-38.75" y="-628.15" rot="-0.0105" type="0" den="0" frc="0.4" rst="0" sens="true" geom="2" z="366" dx="0.5078" dy="0.1717">
    <p0>
      <v0 x="-5.5" y="0"/>
      <v1 x="0.7" y="-14.8"/>
      <v2 x="5.5" y="0"/>
    </p0>
  </thorn1>
  <thorn2 x="-27.25" y="-628.15" rot="-0.0105" type="0" den="0" frc="0.4" rst="0" sens="true" geom="2" z="367" dx="0.5078" dy="0.1717">
    <p0>
      <v0 x="-5.5" y="0"/>
      <v1 x="0.7" y="-14.8"/>
      <v2 x="5.5" y="0"/>
    </p0>
  </thorn2>
  <thorn3 x="-16.5" y="-628.15" rot="-0.0105" type="0" den="0" frc="0.4" rst="0" sens="true" geom="2" z="368" dx="0.5078" dy="0.1717">
    <p0>
      <v0 x="-5.5" y="0"/>
      <v1 x="0.7" y="-14.8"/>
      <v2 x="5.5" y="0"/>
    </p0>
  </thorn3>
  <thorn4 x="-5" y="-628.15" rot="-0.0105" type="0" den="0" frc="0.4" rst="0" sens="true" geom="2" z="369" dx="0.5078" dy="0.1717">
    <p0>
      <v0 x="-5.5" y="0"/>
      <v1 x="0.7" y="-14.8"/>
      <v2 x="5.5" y="0"/>
    </p0>
  </thorn4>
  <thorn5 x="-50.15" y="-628.15" rot="-0.0105" type="0" den="0" frc="0.4" rst="0" sens="true" geom="2" z="370" dx="0.5078" dy="0.1717">
    <p0>
      <v0 x="-5.5" y="0"/>
      <v1 x="0.7" y="-14.8"/>
      <v2 x="5.5" y="0"/>
    </p0>
  </thorn5>
  <thorn6 x="-83.5" y="-628.1" rot="-0.0105" type="0" den="0" frc="0.4" rst="0" sens="true" geom="2" z="371" dx="0.5078" dy="0.1717">
    <p0>
      <v0 x="-5.5" y="0"/>
      <v1 x="0.7" y="-14.8"/>
      <v2 x="5.5" y="0"/>
    </p0>
  </thorn6>
  <thorn7 x="-72.75" y="-628.1" rot="-0.0105" type="0" den="0" frc="0.4" rst="0" sens="true" geom="2" z="372" dx="0.5078" dy="0.1717">
    <p0>
      <v0 x="-5.5" y="0"/>
      <v1 x="0.7" y="-14.8"/>
      <v2 x="5.5" y="0"/>
    </p0>
  </thorn7>
  <thorn8 x="-61.25" y="-628.15" rot="-0.0105" type="0" den="0" frc="0.4" rst="0" sens="true" geom="2" z="373" dx="0.5078" dy="0.1717">
    <p0>
      <v0 x="-5.5" y="0"/>
      <v1 x="0.7" y="-14.8"/>
      <v2 x="5.5" y="0"/>
    </p0>
  </thorn8>
  <thorn9 x="28.6" y="-628.15" rot="-0.0105" type="0" den="0" frc="0.4" rst="0" sens="true" geom="2" z="374" dx="0.5078" dy="0.1717">
    <p0>
      <v0 x="-5.5" y="0"/>
      <v1 x="0.7" y="-14.8"/>
      <v2 x="5.5" y="0"/>
    </p0>
  </thorn9>
  <thorn10 x="17.5" y="-628.15" rot="-0.0105" type="0" den="0" frc="0.4" rst="0" sens="true" geom="2" z="375" dx="0.5078" dy="0.1717">
    <p0>
      <v0 x="-5.5" y="0"/>
      <v1 x="0.7" y="-14.8"/>
      <v2 x="5.5" y="0"/>
    </p0>
  </thorn10>
  <thorn11 x="72.1" y="-628.15" rot="-0.0105" type="0" den="0" frc="0.4" rst="0" sens="true" geom="2" z="376" dx="0.5078" dy="0.1717">
    <p0>
      <v0 x="-5.5" y="0"/>
      <v1 x="0.7" y="-14.8"/>
      <v2 x="5.5" y="0"/>
    </p0>
  </thorn11>
  <thorn12 x="38.75" y="-628.15" rot="-0.0105" type="0" den="0" frc="0.4" rst="0" sens="true" geom="2" z="377" dx="0.5078" dy="0.1717">
    <p0>
      <v0 x="-5.5" y="0"/>
      <v1 x="0.7" y="-14.8"/>
      <v2 x="5.5" y="0"/>
    </p0>
  </thorn12>
  <thorn13 x="49.5" y="-628.15" rot="-0.0105" type="0" den="0" frc="0.4" rst="0" sens="true" geom="2" z="378" dx="0.5078" dy="0.1717">
    <p0>
      <v0 x="-5.5" y="0"/>
      <v1 x="0.7" y="-14.8"/>
      <v2 x="5.5" y="0"/>
    </p0>
  </thorn13>
  <thorn14 x="61" y="-628.15" rot="-0.0105" type="0" den="0" frc="0.4" rst="0" sens="true" geom="2" z="379" dx="0.5078" dy="0.1717">
    <p0>
      <v0 x="-5.5" y="0"/>
      <v1 x="0.7" y="-14.8"/>
      <v2 x="5.5" y="0"/>
    </p0>
  </thorn14>
  <thorn15 x="83.5" y="-628.15" rot="-0.0105" type="0" den="0" frc="0.4" rst="0" sens="true" geom="2" z="380" dx="0.5078" dy="0.1717">
    <p0>
      <v0 x="-5.5" y="0"/>
      <v1 x="0.7" y="-14.8"/>
      <v2 x="5.5" y="0"/>
    </p0>
  </thorn15>
  <thorn16 x="-879" y="-418.55" rot="-0.0105" type="0" den="0" frc="0.4" rst="0" sens="true" geom="2" z="397" dx="0.5078" dy="0.1717">
    <p0>
      <v0 x="-5.5" y="0"/>
      <v1 x="0.7" y="-14.8"/>
      <v2 x="5.5" y="0"/>
    </p0>
  </thorn16>
  <thorn17 x="-867.5" y="-418.55" rot="-0.0105" type="0" den="0" frc="0.4" rst="0" sens="true" geom="2" z="398" dx="0.5078" dy="0.1717">
    <p0>
      <v0 x="-5.5" y="0"/>
      <v1 x="0.7" y="-14.8"/>
      <v2 x="5.5" y="0"/>
    </p0>
  </thorn17>
  <thorn18 x="-856.75" y="-418.55" rot="-0.0105" type="0" den="0" frc="0.4" rst="0" sens="true" geom="2" z="399" dx="0.5078" dy="0.1717">
    <p0>
      <v0 x="-5.5" y="0"/>
      <v1 x="0.7" y="-14.8"/>
      <v2 x="5.5" y="0"/>
    </p0>
  </thorn18>
  <thorn19 x="-890.4" y="-418.55" rot="-0.0105" type="0" den="0" frc="0.4" rst="0" sens="true" geom="2" z="400" dx="0.5078" dy="0.1717">
    <p0>
      <v0 x="-5.5" y="0"/>
      <v1 x="0.7" y="-14.8"/>
      <v2 x="5.5" y="0"/>
    </p0>
  </thorn19>
  <thorn20 x="-923.75" y="-418.5" rot="-0.0105" type="0" den="0" frc="0.4" rst="0" sens="true" geom="2" z="401" dx="0.5078" dy="0.1717">
    <p0>
      <v0 x="-5.5" y="0"/>
      <v1 x="0.7" y="-14.8"/>
      <v2 x="5.5" y="0"/>
    </p0>
  </thorn20>
  <thorn21 x="-913" y="-418.5" rot="-0.0105" type="0" den="0" frc="0.4" rst="0" sens="true" geom="2" z="402" dx="0.5078" dy="0.1717">
    <p0>
      <v0 x="-5.5" y="0"/>
      <v1 x="0.7" y="-14.8"/>
      <v2 x="5.5" y="0"/>
    </p0>
  </thorn21>
  <thorn22 x="-901.5" y="-418.55" rot="-0.0105" type="0" den="0" frc="0.4" rst="0" sens="true" geom="2" z="403" dx="0.5078" dy="0.1717">
    <p0>
      <v0 x="-5.5" y="0"/>
      <v1 x="0.7" y="-14.8"/>
      <v2 x="5.5" y="0"/>
    </p0>
  </thorn22>
  <thorn23 x="-845.85" y="-418.55" rot="-0.0105" type="0" den="0" frc="0.4" rst="0" sens="true" geom="2" z="404" dx="0.5078" dy="0.1717">
    <p0>
      <v0 x="-5.5" y="0"/>
      <v1 x="0.7" y="-14.8"/>
      <v2 x="5.5" y="0"/>
    </p0>
  </thorn23>
  <thorn24 x="-740.85" y="-511.5" rot="179.9895" type="0" den="0" frc="0.4" rst="0" sens="true" geom="2" z="405" dx="0.5078" dy="0.1717">
    <p0>
      <v0 x="-5.5" y="0"/>
      <v1 x="0.7" y="-14.8"/>
      <v2 x="5.5" y="0"/>
    </p0>
  </thorn24>
  <thorn25 x="-752.35" y="-511.5" rot="179.9895" type="0" den="0" frc="0.4" rst="0" sens="true" geom="2" z="406" dx="0.5078" dy="0.1717">
    <p0>
      <v0 x="-5.5" y="0"/>
      <v1 x="0.7" y="-14.8"/>
      <v2 x="5.5" y="0"/>
    </p0>
  </thorn25>
  <thorn26 x="-763.1" y="-511.5" rot="179.9895" type="0" den="0" frc="0.4" rst="0" sens="true" geom="2" z="407" dx="0.5078" dy="0.1717">
    <p0>
      <v0 x="-5.5" y="0"/>
      <v1 x="0.7" y="-14.8"/>
      <v2 x="5.5" y="0"/>
    </p0>
  </thorn26>
  <thorn27 x="-729.45" y="-511.5" rot="179.9895" type="0" den="0" frc="0.4" rst="0" sens="true" geom="2" z="408" dx="0.5078" dy="0.1717">
    <p0>
      <v0 x="-5.5" y="0"/>
      <v1 x="0.7" y="-14.8"/>
      <v2 x="5.5" y="0"/>
    </p0>
  </thorn27>
  <thorn28 x="-696.1" y="-511.55" rot="179.9895" type="0" den="0" frc="0.4" rst="0" sens="true" geom="2" z="409" dx="0.5078" dy="0.1717">
    <p0>
      <v0 x="-5.5" y="0"/>
      <v1 x="0.7" y="-14.8"/>
      <v2 x="5.5" y="0"/>
    </p0>
  </thorn28>
  <thorn29 x="-706.85" y="-511.55" rot="179.9895" type="0" den="0" frc="0.4" rst="0" sens="true" geom="2" z="410" dx="0.5078" dy="0.1717">
    <p0>
      <v0 x="-5.5" y="0"/>
      <v1 x="0.7" y="-14.8"/>
      <v2 x="5.5" y="0"/>
    </p0>
  </thorn29>
  <thorn30 x="-718.35" y="-511.5" rot="179.9895" type="0" den="0" frc="0.4" rst="0" sens="true" geom="2" z="411" dx="0.5078" dy="0.1717">
    <p0>
      <v0 x="-5.5" y="0"/>
      <v1 x="0.7" y="-14.8"/>
      <v2 x="5.5" y="0"/>
    </p0>
  </thorn30>
  <thorn31 x="-774" y="-511.5" rot="179.9895" type="0" den="0" frc="0.4" rst="0" sens="true" geom="2" z="412" dx="0.5078" dy="0.1717">
    <p0>
      <v0 x="-5.5" y="0"/>
      <v1 x="0.7" y="-14.8"/>
      <v2 x="5.5" y="0"/>
    </p0>
  </thorn31>
  <thorn32 x="-429" y="-418.55" rot="-0.0105" type="0" den="0" frc="0.4" rst="0" sens="true" geom="2" z="413" dx="0.5078" dy="0.1717">
    <p0>
      <v0 x="-5.5" y="0"/>
      <v1 x="0.7" y="-14.8"/>
      <v2 x="5.5" y="0"/>
    </p0>
  </thorn32>
  <thorn33 x="-417.5" y="-418.55" rot="-0.0105" type="0" den="0" frc="0.4" rst="0" sens="true" geom="2" z="414" dx="0.5078" dy="0.1717">
    <p0>
      <v0 x="-5.5" y="0"/>
      <v1 x="0.7" y="-14.8"/>
      <v2 x="5.5" y="0"/>
    </p0>
  </thorn33>
  <thorn34 x="-406.75" y="-418.55" rot="-0.0105" type="0" den="0" frc="0.4" rst="0" sens="true" geom="2" z="415" dx="0.5078" dy="0.1717">
    <p0>
      <v0 x="-5.5" y="0"/>
      <v1 x="0.7" y="-14.8"/>
      <v2 x="5.5" y="0"/>
    </p0>
  </thorn34>
  <thorn35 x="-440.4" y="-418.55" rot="-0.0105" type="0" den="0" frc="0.4" rst="0" sens="true" geom="2" z="416" dx="0.5078" dy="0.1717">
    <p0>
      <v0 x="-5.5" y="0"/>
      <v1 x="0.7" y="-14.8"/>
      <v2 x="5.5" y="0"/>
    </p0>
  </thorn35>
  <thorn36 x="-473.75" y="-418.5" rot="-0.0105" type="0" den="0" frc="0.4" rst="0" sens="true" geom="2" z="417" dx="0.5078" dy="0.1717">
    <p0>
      <v0 x="-5.5" y="0"/>
      <v1 x="0.7" y="-14.8"/>
      <v2 x="5.5" y="0"/>
    </p0>
  </thorn36>
  <thorn37 x="-463" y="-418.5" rot="-0.0105" type="0" den="0" frc="0.4" rst="0" sens="true" geom="2" z="418" dx="0.5078" dy="0.1717">
    <p0>
      <v0 x="-5.5" y="0"/>
      <v1 x="0.7" y="-14.8"/>
      <v2 x="5.5" y="0"/>
    </p0>
  </thorn37>
  <thorn38 x="-451.5" y="-418.55" rot="-0.0105" type="0" den="0" frc="0.4" rst="0" sens="true" geom="2" z="419" dx="0.5078" dy="0.1717">
    <p0>
      <v0 x="-5.5" y="0"/>
      <v1 x="0.7" y="-14.8"/>
      <v2 x="5.5" y="0"/>
    </p0>
  </thorn38>
  <thorn39 x="-395.85" y="-418.55" rot="-0.0105" type="0" den="0" frc="0.4" rst="0" sens="true" geom="2" z="420" dx="0.5078" dy="0.1717">
    <p0>
      <v0 x="-5.5" y="0"/>
      <v1 x="0.7" y="-14.8"/>
      <v2 x="5.5" y="0"/>
    </p0>
  </thorn39>
  <thorn40 x="-290.85" y="-511.5" rot="179.9895" type="0" den="0" frc="0.4" rst="0" sens="true" geom="2" z="421" dx="0.5078" dy="0.1717">
    <p0>
      <v0 x="-5.5" y="0"/>
      <v1 x="0.7" y="-14.8"/>
      <v2 x="5.5" y="0"/>
    </p0>
  </thorn40>
  <thorn41 x="-302.35" y="-511.5" rot="179.9895" type="0" den="0" frc="0.4" rst="0" sens="true" geom="2" z="422" dx="0.5078" dy="0.1717">
    <p0>
      <v0 x="-5.5" y="0"/>
      <v1 x="0.7" y="-14.8"/>
      <v2 x="5.5" y="0"/>
    </p0>
  </thorn41>
  <thorn42 x="-313.1" y="-511.5" rot="179.9895" type="0" den="0" frc="0.4" rst="0" sens="true" geom="2" z="423" dx="0.5078" dy="0.1717">
    <p0>
      <v0 x="-5.5" y="0"/>
      <v1 x="0.7" y="-14.8"/>
      <v2 x="5.5" y="0"/>
    </p0>
  </thorn42>
  <thorn43 x="-279.45" y="-511.5" rot="179.9895" type="0" den="0" frc="0.4" rst="0" sens="true" geom="2" z="424" dx="0.5078" dy="0.1717">
    <p0>
      <v0 x="-5.5" y="0"/>
      <v1 x="0.7" y="-14.8"/>
      <v2 x="5.5" y="0"/>
    </p0>
  </thorn43>
  <thorn44 x="-246.1" y="-511.55" rot="179.9895" type="0" den="0" frc="0.4" rst="0" sens="true" geom="2" z="425" dx="0.5078" dy="0.1717">
    <p0>
      <v0 x="-5.5" y="0"/>
      <v1 x="0.7" y="-14.8"/>
      <v2 x="5.5" y="0"/>
    </p0>
  </thorn44>
  <thorn45 x="-256.85" y="-511.55" rot="179.9895" type="0" den="0" frc="0.4" rst="0" sens="true" geom="2" z="426" dx="0.5078" dy="0.1717">
    <p0>
      <v0 x="-5.5" y="0"/>
      <v1 x="0.7" y="-14.8"/>
      <v2 x="5.5" y="0"/>
    </p0>
  </thorn45>
  <thorn46 x="-268.35" y="-511.5" rot="179.9895" type="0" den="0" frc="0.4" rst="0" sens="true" geom="2" z="427" dx="0.5078" dy="0.1717">
    <p0>
      <v0 x="-5.5" y="0"/>
      <v1 x="0.7" y="-14.8"/>
      <v2 x="5.5" y="0"/>
    </p0>
  </thorn46>
  <thorn47 x="-324" y="-511.5" rot="179.9895" type="0" den="0" frc="0.4" rst="0" sens="true" geom="2" z="428" dx="0.5078" dy="0.1717">
    <p0>
      <v0 x="-5.5" y="0"/>
      <v1 x="0.7" y="-14.8"/>
      <v2 x="5.5" y="0"/>
    </p0>
  </thorn47>
  <decor_1 x="-280.9" y="-1046.3" rot="-41.0573" z="34" dx="0.5" dy="0.5" sx="1" sy="0.7672" image="backWood"/>
  <decor_2 x="-290.25" y="-1044.15" rot="39.2744" z="35" dx="0.5" dy="0.5" sx="1" sy="0.7625" image="backWood"/>
  <decor_3 x="-279.4" y="-920.3" rot="-41.0573" z="36" dx="0.5" dy="0.5" sx="1" sy="0.7672" image="backWood"/>
  <decor_4 x="-288.75" y="-918.15" rot="39.2744" z="37" dx="0.5" dy="0.5" sx="1" sy="0.7625" image="backWood"/>
  <decor_5 x="-279.4" y="-795.3" rot="-41.0573" z="38" dx="0.5" dy="0.5" sx="1" sy="0.7672" image="backWood"/>
  <decor_6 x="-288.75" y="-793.15" rot="39.2744" z="39" dx="0.5" dy="0.5" sx="1" sy="0.7625" image="backWood"/>
  <decor_7 x="-288.1" y="-729.8" rot="90" z="40" dx="0.5" dy="0.5" sx="1" sy="0.5289" image="backWood"/>
  <decor_8 x="-285.3" y="-856.4" rot="90" z="41" dx="0.5" dy="0.5" sx="1" sy="0.5095" image="backWood"/>
  <decor_9 x="-1161.1" y="-788.4" rot="0" z="42" dx="0.5" dy="0.4991" sx="1" sy="1" image="backStones"/>
  <decor_10 x="-1194.5" y="-458.05" rot="0" z="43" dx="0.5" dy="0.4991" sx="1" sy="1" image="backStones"/>
  <decor_11 x="-912.8" y="-466.1" rot="44.9996" z="44" dx="0.5" dy="0.5" sx="1" sy="0.6629" image="backWood"/>
  <decor_12 x="-709.5" y="-465.1" rot="44.9996" z="45" dx="0.5" dy="0.5" sx="1" sy="0.6629" image="backWood"/>
  <decor_13 x="-806.15" y="-469.2" rot="-45.9426" z="46" dx="0.5" dy="0.5" sx="1" sy="0.6771" image="backWood"/>
  <decor_14 x="-587.4" y="-468.55" rot="47.9864" z="47" dx="0.5" dy="0.5" sx="1" sy="0.7275" image="backWood"/>
  <decor_15 x="-587.4" y="-468.45" rot="131.7825" z="48" dx="0.5" dy="0.5" sx="1" sy="0.7275" image="backWood"/>
  <decor_16 x="-659.25" y="-458.95" rot="0" z="49" dx="0.5" dy="0.4991" sx="1" sy="1" image="backStones"/>
  <decor_17 x="-286" y="-981.9" rot="90" z="50" dx="0.5" dy="0.5" sx="1" sy="0.5095" image="backWood"/>
  <decor_18 x="-340.4" y="-676.35" rot="0" z="51" dx="0.5" dy="0.5" sx="1" sy="0.4558" image="backWood"/>
  <decor_19 x="-225.75" y="-680.5" rot="0" z="52" dx="0.5" dy="0.5" sx="1" sy="0.4582" image="backWood"/>
  <decor_20 x="23.4" y="-663.75" rot="0" z="53" dx="0.5" dy="0.4991" sx="1" sy="1" image="backStones"/>
  <decor_21 x="48.65" y="-721.15" rot="-30.9499" z="54" dx="0.5" dy="0.5" sx="1" sy="1" image="backWood"/>
  <decor_22 x="-11.05" y="-679.15" rot="0" z="55" dx="0.5" dy="0.5" sx="1" sy="0.4604" image="backWood"/>
  <decor_23 x="-585" y="-573.2" rot="47.9864" z="56" dx="0.5" dy="0.5" sx="1" sy="0.7275" image="backWood"/>
  <decor_24 x="-585" y="-573.1" rot="131.7825" z="57" dx="0.5" dy="0.5" sx="1" sy="0.7275" image="backWood"/>
  <decor_25 x="-641.2" y="-679.7" rot="0" z="58" dx="0.5" dy="0.5" sx="1" sy="0.4863" image="backWood"/>
  <decor_26 x="-1009.45" y="-470.2" rot="-45.9426" z="59" dx="0.5" dy="0.5" sx="1" sy="0.6771" image="backWood"/>
  <decor_27 x="-1064.35" y="-468.05" rot="0" z="60" dx="0.5" dy="0.5" sx="1" sy="0.4581" image="backWood"/>
  <decor_28 x="-1063.35" y="-439.3" rot="0" z="61" dx="0.5" dy="0.4991" sx="1" sy="1" image="backStones"/>
  <decor_29 x="-1094.75" y="-870.1" rot="0" z="62" dx="0.5" dy="0.5" sx="1" sy="1.0848" image="backWood"/>
  <decor_30 x="-1284.8" y="-915.6" rot="-29.7184" z="63" dx="0.5" dy="0.5" sx="1" sy="0.7969" image="backWood"/>
  <decor_31 x="-1279.8" y="-918.2" rot="27.7396" z="64" dx="0.5" dy="0.5" sx="1" sy="0.8145" image="backWood"/>
  <decor_32 x="-1240.5" y="-917.75" rot="0" z="65" dx="0.5" dy="0.5" sx="1" sy="0.7565" image="backWood"/>
  <decor_33 x="-1268.75" y="-559.35" rot="0" z="66" dx="0.5" dy="0.5" sx="1" sy="1" image="backWood"/>
  <decor_34 x="46.35" y="-720.8" rot="27.7335" z="67" dx="0.5" dy="0.5" sx="1" sy="1" image="backWood"/>
  <decor_35 x="-34.3" y="-652.35" rot="0" z="68" dx="0.5" dy="0.4991" sx="1" sy="1" image="backStones"/>
  <decor_36 x="-586.3" y="-890.95" rot="90" z="69" dx="0.5" dy="0.5" sx="1" sy="0.5323" image="backWood"/>
  <decor_37 x="-524.6" y="-679.7" rot="0" z="70" dx="0.5" dy="0.5" sx="1" sy="0.4554" image="backWood"/>
  <decor_38 x="-202.75" y="-650.75" rot="0" z="71" dx="0.5" dy="0.4991" sx="1" sy="1" image="backStones"/>
  <decor_39 x="-1184.5" y="-469.65" rot="0" z="72" dx="0.5" dy="0.5" sx="1" sy="0.35" image="backWood"/>
  <decor_40 x="-640.75" y="-471.2" rot="0" z="73" dx="0.5" dy="0.5" sx="1" sy="0.4604" image="backWood"/>
  <decor_41 x="-524.3" y="-469.85" rot="0" z="74" dx="0.5" dy="0.5" sx="1" sy="0.4671" image="backWood"/>
  <decor_42 x="-532.2" y="-445.05" rot="0" z="75" dx="0.5" dy="0.4991" sx="1" sy="1" image="backStones"/>
  <decor_43 x="-588.1" y="-520.5" rot="90" z="76" dx="0.5" dy="0.5" sx="1" sy="0.5322" image="backWood"/>
  <decor_44 x="-339.85" y="-464.65" rot="0" z="77" dx="0.5" dy="0.5" sx="1" sy="0.5125" image="backWood"/>
  <decor_45 x="-717.3" y="-661.9" rot="0" z="78" dx="0.5" dy="0.4991" sx="1" sy="1" image="backStones"/>
  <decor_46 x="-794.45" y="-680.9" rot="0" z="79" dx="0.5" dy="0.5" sx="1" sy="0.4734" image="backWood"/>
  <decor_47 x="-587.75" y="-730.1" rot="90" z="80" dx="0.5" dy="0.5" sx="1" sy="0.5163" image="backWood"/>
  <decor_48 x="-957.4" y="-469.7" rot="0" z="81" dx="0.5" dy="0.5" sx="1" sy="0.4668" image="backWood"/>
  <decor_49 x="-857.8" y="-468.45" rot="0" z="82" dx="0.5" dy="0.5" sx="1" sy="0.4778" image="backWood"/>
  <decor_50 x="-756.05" y="-466.15" rot="0" z="83" dx="0.5" dy="0.5" sx="1" sy="0.4912" image="backWood"/>
  <decor_51 x="-850.1" y="-443.7" rot="0" z="84" dx="0.5" dy="0.4991" sx="1" sy="1" image="backStones"/>
  <decor_52 x="-780.6" y="-654.35" rot="0" z="85" dx="0.5" dy="0.4991" sx="1" sy="1" image="backStones"/>
  <decor_53 x="-640.75" y="-946.8" rot="0" z="86" dx="0.5" dy="0.5" sx="1" sy="0.4819" image="backWood"/>
  <decor_54 x="-795.95" y="-946.9" rot="0" z="87" dx="0.5" dy="0.5" sx="1" sy="0.5016" image="backWood"/>
  <decor_55 x="-1001" y="-802.4" rot="0" z="88" dx="0.5" dy="0.5" sx="1" sy="0.4778" image="backWood"/>
  <decor_56 x="-371.75" y="-650.8" rot="0" z="89" dx="0.5" dy="0.4991" sx="1" sy="1" image="backStones"/>
  <decor_57 x="-281.3" y="-362.05" rot="-47.5088" z="90" dx="0.5" dy="0.5" sx="1" sy="0.692" image="backWood"/>
  <decor_58 x="-285.95" y="-353.95" rot="48.7597" z="91" dx="0.5" dy="0.5" sx="1" sy="0.7106" image="backWood"/>
  <decor_59 x="-281.85" y="-255" rot="-46.0357" z="92" dx="0.5" dy="0.5" sx="1" sy="0.7053" image="backWood"/>
  <decor_60 x="-283.65" y="-257.65" rot="48.738" z="93" dx="0.5" dy="0.5" sx="1" sy="0.6706" image="backWood"/>
  <decor_61 x="-290.2" y="-307.75" rot="90" z="94" dx="0.5" dy="0.5" sx="1" sy="0.5095" image="backWood"/>
  <decor_62 x="-290.9" y="-408.25" rot="90" z="95" dx="0.5" dy="0.5" sx="1" sy="0.5095" image="backWood"/>
  <decor_63 x="-588.1" y="-620.5" rot="90" z="96" dx="0.5" dy="0.5" sx="1" sy="0.5322" image="backWood"/>
  <decor_64 x="-1150" y="-470.65" rot="0" z="97" dx="0.5" dy="0.5" sx="1" sy="0.35" image="backWood"/>
  <decor_65 x="-185.15" y="-636.25" rot="0" z="98" dx="0.6288" dy="0.003" sx="1" sy="1" image="dangerPlate"/>
  <decor_66 x="-942.05" y="-521.3" rot="0" z="99" dx="0.5054" dy="0.8987" sx="1" sy="1" image="chainA"/>
  <decor_67 x="80.75" y="-780.45" rot="0" z="100" dx="0.7338" dy="0.4919" sx="1" sy="1" image="spiderNetA"/>
  <decor_68 x="-1009.9" y="-475.2" rot="0" z="101" dx="0.5036" dy="0.0217" sx="1" sy="1" image="chainB"/>
  <decor_69 x="-1272.2" y="-629.35" rot="0" z="102" dx="0.6742" dy="0.5077" sx="1" sy="1" image="spiderNetB"/>
  <decor_70 x="-1271.25" y="-961.8" rot="0" z="103" dx="0.6742" dy="0.5077" sx="1" sy="1" image="spiderNetB"/>
  <decor_71 x="-825.9" y="-806.5" rot="0" z="104" dx="0.7338" dy="0.4919" sx="1" sy="1" image="spiderNetA"/>
  <decor_72 x="-757.9" y="-720.25" rot="0" z="105" dx="0.5" dy="0.9569" sx="1" sy="1" image="bat_0004"/>
  <decor_73 x="-587.4" y="-994.25" rot="0" z="106" dx="0.4907" dy="0.8132" sx="1" sy="1" image="lamp"/>
  <decor_74 x="-1123" y="-666.5" rot="0" z="107" dx="0.4907" dy="0.8132" sx="1" sy="1" image="lamp"/>
  <decor_75 x="-1180" y="-993.75" rot="0" z="108" dx="0.4907" dy="0.8132" sx="1" sy="1" image="lamp"/>
  <decor_76 x="-282.1" y="-926.9" rot="0" z="109" dx="0.5008" dy="0.5" sx="4.9136" sy="4.4884" image="backShadow"/>
  <decor_77 x="-282.95" y="-317.25" rot="180" z="110" dx="0.5009" dy="0.5" sx="4.4175" sy="2.4654" image="backShadow"/>
  <decor_78 x="-959.25" y="-624.7" rot="0" z="113" dx="0.5" dy="0.5" sx="0.9063" sy="1" image="groundLong"/>
  <decor_79 x="-1002.3" y="-689.7" rot="-90" z="114" dx="0.5" dy="0.5" sx="0.8041" sy="1" image="woodStandart"/>
  <decor_80 x="-1002.3" y="-689.7" rot="-90" z="115" dx="0.5002" dy="0.5" sx="0.8041" sy="1" image="woodShadow"/>
  <decor_81 x="-1042.35" y="-746.05" rot="0" z="116" dx="0.5" dy="0.5" sx="0.916" sy="0.8578" image="groundRight"/>
  <decor_82 x="-1058.75" y="-745.3" rot="0" z="117" dx="0.5" dy="0.5" sx="1" sy="1" image="groundShort"/>
  <decor_83 x="-1206.25" y="-415.3" rot="0" z="119" dx="0.5" dy="0.5" sx="1.138" sy="1" image="groundLong"/>
  <decor_84 x="-1072.65" y="-414.9" rot="0" z="120" dx="0.5" dy="0.5" sx="1.138" sy="1" image="groundLong"/>
  <decor_85 x="-288.85" y="-205.1" rot="0" z="121" dx="0.5" dy="0.5" sx="1.0324" sy="1" image="groundLong"/>
  <decor_86 x="-397.3" y="-415.25" rot="0" z="122" dx="0.5" dy="0.5" sx="1" sy="1" image="groundShort"/>
  <decor_87 x="-441.3" y="-415.25" rot="0" z="123" dx="0.5" dy="0.5" sx="1" sy="1" image="groundShort"/>
  <decor_88 x="-708.2" y="-894.7" rot="0" z="124" dx="0.5" dy="0.5" sx="1" sy="1" image="groundShort"/>
  <decor_89 x="-983.15" y="-894.7" rot="0" z="125" dx="0.5" dy="0.5" sx="1" sy="1" image="groundLong"/>
  <decor_90 x="-938.95" y="-415.3" rot="0" z="126" dx="0.5" dy="0.5" sx="1.138" sy="1" image="groundLong"/>
  <decor_91 x="-805.35" y="-414.9" rot="0" z="127" dx="0.5" dy="0.5" sx="1.138" sy="1" image="groundLong"/>
  <decor_92 x="-671.7" y="-414.9" rot="0" z="128" dx="0.5" dy="0.5" sx="1.138" sy="1" image="groundLong"/>
  <decor_93 x="-538" y="-415.3" rot="0" z="129" dx="0.5" dy="0.5" sx="1.138" sy="1" image="groundLong"/>
  <decor_94 x="-867.15" y="-894.7" rot="0" z="130" dx="0.5" dy="0.5" sx="1" sy="1" image="groundLong"/>
  <decor_95 x="-753.15" y="-894.7" rot="0" z="131" dx="0.5" dy="0.5" sx="1" sy="1" image="groundLong"/>
  <decor_96 x="-414.2" y="-624.65" rot="0" z="132" dx="0.5" dy="0.5" sx="1" sy="1" image="groundLong"/>
  <decor_97 x="-298.2" y="-624.65" rot="0" z="133" dx="0.5" dy="0.5" sx="1" sy="1" image="groundLong"/>
  <decor_98 x="-184.2" y="-624.65" rot="0" z="134" dx="0.5" dy="0.5" sx="1" sy="1" image="groundLong"/>
  <decor_99 x="-68.2" y="-624.65" rot="0" z="135" dx="0.5" dy="0.5" sx="1" sy="1" image="groundLong"/>
  <decor_100 x="45.8" y="-624.65" rot="0" z="136" dx="0.5" dy="0.5" sx="1" sy="1" image="groundLong"/>
  <decor_101 x="-342.35" y="-819.05" rot="-90" z="137" dx="0.5" dy="0.5" sx="1.3127" sy="1" image="woodStandart"/>
  <decor_102 x="-527.05" y="-930.9" rot="90" z="138" dx="0.5" dy="0.5" sx="1.1147" sy="1" image="woodStandart"/>
  <decor_103 x="-342.35" y="-1024.55" rot="-90" z="139" dx="0.5" dy="0.5" sx="1.4684" sy="1" image="woodStandart"/>
  <decor_104 x="-228.6" y="-817.35" rot="90" z="140" dx="0.5" dy="0.5" sx="1.3127" sy="1" image="woodStandart"/>
  <decor_105 x="-228.6" y="-1023.6" rot="90" z="141" dx="0.5" dy="0.5" sx="1.4684" sy="1" image="woodStandart"/>
  <decor_106 x="-285.45" y="-1122.5" rot="0" z="142" dx="0.5" dy="0.5" sx="0.9276" sy="1" image="woodStandart"/>
  <decor_107 x="-141.45" y="-732.1" rot="0" z="143" dx="0.5" dy="0.5" sx="1.3127" sy="1" image="woodStandart"/>
  <decor_108 x="103.1" y="-730.95" rot="90" z="144" dx="0.5" dy="0.5" sx="1.3806" sy="1" image="woodStandart"/>
  <decor_109 x="-527.05" y="-570.25" rot="90" z="145" dx="0.5" dy="0.5" sx="0.8028" sy="1" image="woodStandart"/>
  <decor_110 x="-12.85" y="-777.45" rot="-90" z="146" dx="0.5" dy="0.5" sx="0.7635" sy="1" image="woodStandart"/>
  <decor_111 x="45.35" y="-822.45" rot="0" z="147" dx="0.5" dy="0.5" sx="0.9445" sy="1" image="woodStandart"/>
  <decor_112 x="-89.6" y="-732.1" rot="0" z="148" dx="0.5" dy="0.5" sx="1.1936" sy="1" image="woodStandart"/>
  <decor_113 x="-342.8" y="-338.45" rot="-90" z="149" dx="0.5" dy="0.5" sx="1.1104" sy="1" image="woodStandart"/>
  <decor_114 x="-342.8" y="-289.7" rot="-90" z="150" dx="0.5" dy="0.5" sx="1.21" sy="1" image="woodStandart"/>
  <decor_115 x="-227.8" y="-289.45" rot="90" z="151" dx="0.5" dy="0.5" sx="1.21" sy="1" image="woodStandart"/>
  <decor_116 x="-227.8" y="-454.6" rot="90" z="152" dx="0.5" dy="0.5" sx="1.0766" sy="1" image="woodStandart"/>
  <decor_117 x="-428.55" y="-522.85" rot="0" z="153" dx="0.5" dy="0.5" sx="1.4886" sy="1" image="woodStandart"/>
  <decor_118 x="-326.25" y="-522.85" rot="0" z="154" dx="0.5" dy="0.5" sx="1.4886" sy="1" image="woodStandart"/>
  <decor_119 x="-597.65" y="-1002.35" rot="0" z="155" dx="0.5" dy="0.5" sx="1.1171" sy="1" image="woodStandart"/>
  <decor_120 x="-764.65" y="-1002.35" rot="0" z="156" dx="0.5" dy="0.5" sx="1.1171" sy="1" image="woodStandart"/>
  <decor_121 x="-1309.85" y="-835.15" rot="0" z="157" dx="0.5" dy="0.5" sx="1" sy="1" image="groundShort"/>
  <decor_122 x="-1333.5" y="-927.85" rot="-90" z="158" dx="0.5" dy="0.5" sx="1.1644" sy="1" image="woodStandart"/>
  <decor_123 x="-1262.45" y="-1002.35" rot="0" z="159" dx="0.5" dy="0.5" sx="1.1171" sy="1" image="woodStandart"/>
  <decor_124 x="-1096.5" y="-1002.35" rot="0" z="160" dx="0.5" dy="0.5" sx="1.1171" sy="1" image="woodStandart"/>
  <decor_125 x="-930.55" y="-1002.35" rot="0" z="161" dx="0.5" dy="0.5" sx="1.1171" sy="1" image="woodStandart"/>
  <decor_126 x="-1210.9" y="-745.05" rot="0" z="162" dx="0.5" dy="0.5" sx="1" sy="1" image="groundShort"/>
  <decor_127 x="-1127.2" y="-745.05" rot="0" z="163" dx="0.5" dy="0.5" sx="1" sy="1" image="groundLong"/>
  <decor_128 x="-1242.95" y="-794.65" rot="-90" z="164" dx="0.5" dy="0.5" sx="0.6032" sy="1" image="woodStandart"/>
  <decor_129 x="-527.05" y="-804.5" rot="90" z="165" dx="0.5" dy="0.5" sx="1.1304" sy="1" image="woodStandart"/>
  <decor_130 x="-412.6" y="-732.65" rot="0" z="166" dx="0.5" dy="0.5" sx="1.1108" sy="1" image="woodStandart"/>
  <decor_131 x="-464.3" y="-732.65" rot="0" z="167" dx="0.5" dy="0.5" sx="1.0085" sy="1" image="woodStandart"/>
  <decor_132 x="-642.8" y="-570.5" rot="-90" z="168" dx="0.5" dy="0.5" sx="0.8001" sy="1" image="woodStandart"/>
  <decor_133 x="-1066.7" y="-597.5" rot="90" z="169" dx="0.5" dy="0.5" sx="1.1659" sy="1" image="woodStandart"/>
  <decor_134 x="-966.55" y="-522.85" rot="0" z="170" dx="0.5" dy="0.5" sx="1.5119" sy="1" image="woodStandart"/>
  <decor_135 x="-744.45" y="-522.85" rot="0" z="171" dx="0.5" dy="0.5" sx="1.5301" sy="1" image="woodStandart"/>
  <decor_136 x="-1333.4" y="-597.2" rot="-90" z="172" dx="0.5" dy="0.5" sx="1.1799" sy="1" image="woodStandart"/>
  <decor_137 x="-1271.35" y="-673" rot="0" z="173" dx="0.5" dy="0.5" sx="0.991" sy="1" image="woodStandart"/>
  <decor_138 x="-1129.15" y="-673" rot="0" z="174" dx="0.5" dy="0.5" sx="0.9791" sy="1" image="woodStandart"/>
  <decor_139 x="-1273.5" y="-465" rot="-90" z="175" dx="0.5" dy="0.5" sx="0.6079" sy="1" image="woodStandart"/>
  <decor_140 x="-796.85" y="-792.35" rot="90" z="176" dx="0.5" dy="0.5" sx="0.9738" sy="1" image="woodStandart"/>
  <decor_141 x="-1014.3" y="-853.25" rot="0" z="177" dx="0.5" dy="0.5" sx="1.2667" sy="1" image="woodStandart"/>
  <decor_142 x="-1096.7" y="-871.1" rot="90" z="178" dx="0.5" dy="0.5" sx="0.4012" sy="1" image="woodStandart"/>
  <decor_143 x="-869.55" y="-853.25" rot="0" z="179" dx="0.5" dy="0.5" sx="1.1258" sy="1" image="woodStandart"/>
  <decor_144 x="-642.9" y="-780.25" rot="-90" z="180" dx="0.5" dy="0.5" sx="0.8097" sy="1" image="woodStandart"/>
  <decor_145 x="-719.5" y="-732.6" rot="0" z="181" dx="0.5" dy="0.5" sx="1.193" sy="1" image="woodStandart"/>
  <decor_146 x="-642.9" y="-839.85" rot="-90" z="182" dx="0.5" dy="0.5" sx="0.8097" sy="1" image="woodStandart"/>
  <decor_147 x="-342.35" y="-929" rot="-90" z="183" dx="0.5001" dy="0.5" sx="2.7422" sy="1" image="woodShadow"/>
  <decor_148 x="-228.6" y="-927.25" rot="90" z="184" dx="0.5001" dy="0.5" sx="2.7422" sy="1" image="woodShadow"/>
  <decor_149 x="-285.45" y="-1122.5" rot="0" z="185" dx="0.5002" dy="0.5" sx="0.9276" sy="1" image="woodShadow"/>
  <decor_150 x="103.1" y="-730.95" rot="90" z="186" dx="0.5001" dy="0.5" sx="1.3806" sy="1" image="woodShadow"/>
  <decor_151 x="-527.05" y="-570.25" rot="90" z="187" dx="0.5" dy="0.5" sx="0.8028" sy="1" image="woodShadow"/>
  <decor_152 x="-12.85" y="-777.45" rot="-90" z="188" dx="0.5" dy="0.5" sx="0.7635" sy="1" image="woodShadow"/>
  <decor_153 x="45.35" y="-822.45" rot="0" z="189" dx="0.5002" dy="0.5" sx="0.9445" sy="1" image="woodShadow"/>
  <decor_154 x="-119.1" y="-732.1" rot="0" z="190" dx="0.5002" dy="0.5" sx="1.587" sy="1" image="woodShadow"/>
  <decor_155 x="-342.8" y="-306.95" rot="-90" z="191" dx="0.5001" dy="0.5" sx="1.4396" sy="1" image="woodShadow"/>
  <decor_156 x="-227.8" y="-365.55" rot="90" z="192" dx="0.5001" dy="0.5" sx="2.2638" sy="1" image="woodShadow"/>
  <decor_157 x="-375.9" y="-522.85" rot="0" z="193" dx="0.5001" dy="0.5" sx="2.1514" sy="1" image="woodShadow"/>
  <decor_158 x="-929.15" y="-1002.35" rot="0" z="194" dx="0.5002" dy="0.5" sx="5.5405" sy="1" image="woodShadow"/>
  <decor_159 x="-1333.5" y="-927.85" rot="-90" z="195" dx="0.5001" dy="0.5" sx="1.1644" sy="1" image="woodShadow"/>
  <decor_160 x="-1242.95" y="-794.65" rot="-90" z="196" dx="0.5003" dy="0.5" sx="0.6032" sy="1" image="woodShadow"/>
  <decor_161 x="-527.05" y="-866.35" rot="90" z="197" dx="0.5002" dy="0.5" sx="1.9562" sy="1" image="woodShadow"/>
  <decor_162 x="-436.15" y="-732.65" rot="0" z="198" dx="0.5002" dy="0.5" sx="1.3837" sy="1" image="woodShadow"/>
  <decor_163 x="-642.8" y="-570.5" rot="-90" z="199" dx="0.5002" dy="0.5" sx="0.8001" sy="1" image="woodShadow"/>
  <decor_164 x="-1066.7" y="-597.5" rot="90" z="200" dx="0.5001" dy="0.5" sx="1.1659" sy="1" image="woodShadow"/>
  <decor_165 x="-856.1" y="-522.85" rot="0" z="201" dx="0.5002" dy="0.5" sx="2.985" sy="1" image="woodShadow"/>
  <decor_166 x="-1333.4" y="-597.2" rot="-90" z="202" dx="0.5001" dy="0.5" sx="1.1799" sy="1" image="woodShadow"/>
  <decor_167 x="-1200.5" y="-673" rot="0" z="203" dx="0.5002" dy="0.5" sx="1.9417" sy="1" image="woodShadow"/>
  <decor_168 x="-1273.5" y="-465" rot="-90" z="204" dx="0.5" dy="0.5" sx="0.6079" sy="1" image="woodShadow"/>
  <decor_169 x="-796.85" y="-792.35" rot="90" z="205" dx="0.5002" dy="0.5" sx="0.9738" sy="1" image="woodShadow"/>
  <decor_170 x="-935.05" y="-853.25" rot="0" z="206" dx="0.5002" dy="0.5" sx="2.0011" sy="1" image="woodShadow"/>
  <decor_171 x="-1096.7" y="-871.2" rot="90" z="207" dx="0.5004" dy="0.5" sx="0.3998" sy="1" image="woodShadow"/>
  <decor_172 x="-642.9" y="-809.35" rot="-90" z="208" dx="0.5001" dy="0.5" sx="1.1975" sy="1" image="woodShadow"/>
  <decor_173 x="-719.5" y="-732.6" rot="0" z="209" dx="0.5001" dy="0.5" sx="1.193" sy="1" image="woodShadow"/>
  <decor_174 x="107.7" y="-624.85" rot="0" z="210" dx="0.5" dy="0.5" sx="1" sy="1" image="stonesOver"/>
  <decor_175 x="-1280.8" y="-416.6" rot="0" z="211" dx="0.5" dy="0.5" sx="1" sy="1" image="stonesOver"/>
  <decor_176 x="-1007.2" y="-624.45" rot="0" z="212" dx="0.5" dy="0.5" sx="1" sy="1" image="stonesOver"/>
  <decor_177 x="-1247.2" y="-747.5" rot="0" z="213" dx="0.5" dy="0.5" sx="1" sy="1" image="stonesOver"/>
  <decor_178 x="-1340.1" y="-838.45" rot="0" z="214" dx="0.5" dy="0.5" sx="1" sy="1" image="stonesOver"/>
  <decor_179 x="-224.65" y="-192.15" rot="0" z="215" dx="0.5" dy="0.5" sx="1" sy="1" image="stonesOver"/>
  <decor_180 x="-349.4" y="-197.2" rot="0" z="216" dx="0.5" dy="0.5" sx="1" sy="1" image="stonesOver"/>
  <decor_181 x="-1320.5" y="-505.5" rot="0" z="217" dx="0.5" dy="0.5" sx="1.0434" sy="1" image="groundRight"/>
  <decor_182 x="-1282.85" y="-836.25" rot="0" z="218" dx="0.5" dy="0.5" sx="0.916" sy="0.8578" image="groundRight"/>
  <decor_183 x="-1332.7" y="-500.45" rot="0" z="219" dx="0.5" dy="0.5" sx="1" sy="1" image="stonesOver"/>
  <decor_184 x="-389.65" y="-415.3" rot="0" z="220" dx="0.5" dy="0.5" sx="1.0433" sy="1" image="groundRight"/>
  <decor_185 x="-683.25" y="-895.8" rot="0" z="221" dx="0.5" dy="0.5" sx="0.916" sy="0.8578" image="groundRight"/>
  <decor_186 x="-1039" y="-895" rot="0" z="222" dx="0.5" dy="0.5" sx="1.2019" sy="1" image="groundLeft"/>
  <decor_187 x="-740.05" y="-624.7" rot="0" z="223" dx="0.5" dy="0.5" sx="1" sy="1" image="groundLong"/>
  <decor_188 x="-852.6" y="-624.7" rot="0" z="224" dx="0.5" dy="0.5" sx="0.9063" sy="1" image="groundLong"/>
  <decor_189 x="-683.25" y="-625.8" rot="0" z="225" dx="0.5" dy="0.5" sx="0.916" sy="0.8578" image="groundRight"/>
  <decor_190 x="-470.05" y="-624.95" rot="0" z="226" dx="0.5" dy="0.5" sx="1.2019" sy="1" image="groundLeft"/>
  <decor_191 x="-658.3" y="-719.3" rot="-90" z="227" dx="0.0239" dy="0.9761" sx="1" sy="1" image="steelOver"/>
  <decor_192 x="-539.8" y="-747.95" rot="0" z="228" dx="0.0239" dy="0.9761" sx="1" sy="1" image="steelOver"/>
  <decor_193 x="-357.5" y="-719.3" rot="-90" z="229" dx="0.0239" dy="0.9761" sx="1" sy="1" image="steelOver"/>
  <decor_194 x="-241.8" y="-747.95" rot="0" z="230" dx="0.0239" dy="0.9761" sx="1" sy="1" image="steelOver"/>
  <decor_195 x="-27.65" y="-719.3" rot="-90" z="231" dx="0.0239" dy="0.9761" sx="1" sy="1" image="steelOver"/>
  <decor_196 x="-658.3" y="-509.7" rot="-90" z="232" dx="0.0239" dy="0.9761" sx="1" sy="1" image="steelOver"/>
  <decor_197 x="-539.8" y="-538.35" rot="0" z="233" dx="0.0239" dy="0.9761" sx="1" sy="1" image="steelOver"/>
  <decor_198 x="-1080.25" y="-538" rot="0" z="234" dx="0.0239" dy="0.9761" sx="1" sy="1" image="steelOver"/>
  <decor_199 x="-809.9" y="-747.95" rot="0" z="235" dx="0.0239" dy="0.9761" sx="1" sy="1" image="steelOver"/>
  <decor_200 x="-1109.7" y="-869.15" rot="0" z="236" dx="0.0239" dy="0.9761" sx="1" sy="1" image="steelOver"/>
  <decor_201 x="-1150.65" y="-524.2" rot="0" z="237" dx="0.497" dy="0.5" sx="1" sy="1" image="screwNut"/>
  <decor_202 x="-1190.25" y="-524.2" rot="0" z="238" dx="0.497" dy="0.5" sx="1" sy="1" image="screwNut"/>
  <decor_203 x="-1150.65" y="-553.45" rot="0" z="239" dx="0.497" dy="0.5" sx="1" sy="1" image="screwNut"/>
  <decor_204 x="-1190.25" y="-553.45" rot="0" z="240" dx="0.497" dy="0.5" sx="1" sy="1" image="screwNut"/>
  <decor_205 x="-1148.95" y="-542.2" rot="-90" z="242" dx="0.5" dy="0.5" sx="0.415" sy="0.75" image="woodStandart"/>
  <decor_206 x="-1148.95" y="-541.45" rot="-90" z="243" dx="0.5" dy="0.5" sx="0.415" sy="0.75" image="woodShadow"/>
  <decor_207 x="-1192.15" y="-540.15" rot="90" z="244" dx="0.5" dy="0.5" sx="0.415" sy="0.75" image="woodStandart"/>
  <decor_208 x="-1192.15" y="-540.9" rot="90" z="245" dx="0.5" dy="0.5" sx="0.415" sy="0.75" image="woodShadow"/>
  <decor_209 x="-1170.3" y="-519.45" rot="0" z="246" dx="0.5" dy="0.5" sx="0.415" sy="0.75" image="woodStandart"/>
  <decor_210 x="-1171.05" y="-519.45" rot="0" z="247" dx="0.5" dy="0.5" sx="0.415" sy="0.75" image="woodShadow"/>
  <decor_211 x="-1160.1" y="-509.8" rot="-90" z="248" dx="0.0235" dy="0.9765" sx="0.8" sy="0.8" image="steelOver"/>
  <decor_212 x="-1201.9" y="-532.15" rot="0" z="249" dx="0.0235" dy="0.9765" sx="0.8" sy="0.8" image="steelOver"/>
  <decor_213 x="-1183.05" y="-567.5" rot="0" z="250" dx="0.5" dy="0.5" sx="0.7728" sy="0.75" image="groundRight"/>
  <decor_214 x="-1164.05" y="-567.45" rot="0" z="251" dx="0.5" dy="0.5" sx="0.6695" sy="0.75" image="groundLeft"/>
  <decor_215 x="-1370.5" y="-1026.7" rot="0" z="252" dx="0.5007" dy="0.4993" sx="1" sy="1" image="darkStoneA"/>
  <decor_216 x="-1312.45" y="-777.15" rot="0" z="253" dx="0.5009" dy="0.4994" sx="1" sy="1" image="darkStoneB"/>
  <decor_217 x="-469.7" y="-780.3" rot="0" z="254" dx="0.5003" dy="0.5" sx="1" sy="1" image="darkStoneC"/>
  <decor_218 x="-1270.05" y="-810.1" rot="0" z="255" dx="0.501" dy="0.5" sx="1" sy="1" image="darkStoneD"/>
  <decor_219 x="-384.95" y="-766.15" rot="0" z="256" dx="0.5018" dy="0.4978" sx="1" sy="1" image="darkStoneE"/>
  <decor_220 x="-493.25" y="-1023.55" rot="0" z="257" dx="0.5003" dy="0.5" sx="1" sy="1" image="darkStoneC"/>
  <decor_221 x="-474.45" y="-957.65" rot="0" z="258" dx="0.5009" dy="0.4994" sx="1" sy="1" image="darkStoneB"/>
  <decor_222 x="-480.7" y="-858.75" rot="0" z="259" dx="0.5007" dy="0.4993" sx="1" sy="1" image="darkStoneA"/>
  <decor_223 x="-402.2" y="-844.65" rot="0" z="260" dx="0.5003" dy="0.5" sx="1" sy="1" image="darkStoneC"/>
  <decor_224 x="-400.7" y="-1141.3" rot="0" z="261" dx="0.5009" dy="0.4994" sx="1" sy="1" image="darkStoneB"/>
  <decor_225 x="-413.25" y="-1067.45" rot="0" z="262" dx="0.5003" dy="0.5" sx="1" sy="1" image="darkStoneC"/>
  <decor_226 x="-598.45" y="-1056.55" rot="0" z="263" dx="0.5009" dy="0.4994" sx="1" sy="1" image="darkStoneB"/>
  <decor_227 x="-386.55" y="-956.05" rot="0" z="264" dx="0.5007" dy="0.4993" sx="1" sy="1" image="darkStoneA"/>
  <decor_228 x="-182.5" y="-769.25" rot="0" z="265" dx="0.5018" dy="0.4978" sx="1" sy="1" image="darkStoneE"/>
  <decor_229 x="-85.2" y="-788.15" rot="0" z="266" dx="0.5003" dy="0.5" sx="1" sy="1" image="darkStoneC"/>
  <decor_230 x="-173.15" y="-822.65" rot="0" z="267" dx="0.5009" dy="0.4994" sx="1" sy="1" image="darkStoneB"/>
  <decor_231 x="139.15" y="-857.15" rot="0" z="268" dx="0.5003" dy="0.5" sx="1" sy="1" image="darkStoneC"/>
  <decor_232 x="112.45" y="-566.85" rot="0" z="269" dx="0.5009" dy="0.4994" sx="1" sy="1" image="darkStoneB"/>
  <decor_233 x="-465.05" y="-566.8" rot="0" z="270" dx="0.5003" dy="0.5" sx="1" sy="1" image="darkStoneC"/>
  <decor_234 x="-356.75" y="-566.85" rot="0" z="271" dx="0.5009" dy="0.4994" sx="1" sy="1" image="darkStoneB"/>
  <decor_235 x="-182.55" y="-555.9" rot="0" z="272" dx="0.5009" dy="0.4994" sx="1" sy="1" image="darkStoneB"/>
  <decor_236 x="-270.4" y="-573.1" rot="0" z="273" dx="0.5007" dy="0.4993" sx="1" sy="1" image="darkStoneA"/>
  <decor_237 x="-60.15" y="-569.95" rot="0" z="274" dx="0.5003" dy="0.5" sx="1" sy="1" image="darkStoneC"/>
  <decor_238 x="-185.7" y="-1163.25" rot="0" z="275" dx="0.5009" dy="0.4994" sx="1" sy="1" image="darkStoneB"/>
  <decor_239 x="-290.8" y="-1172.65" rot="0" z="276" dx="0.5003" dy="0.5" sx="1" sy="1" image="darkStoneC"/>
  <decor_240 x="-169.95" y="-912.15" rot="0" z="277" dx="0.5003" dy="0.5" sx="1" sy="1" image="darkStoneC"/>
  <decor_241 x="-41.25" y="-855.6" rot="0" z="278" dx="0.5007" dy="0.4993" sx="1" sy="1" image="darkStoneA"/>
  <decor_242 x="37.2" y="-855.6" rot="0" z="279" dx="0.5018" dy="0.4978" sx="1" sy="1" image="darkStoneE"/>
  <decor_243 x="-91.5" y="-844.65" rot="0" z="280" dx="0.5018" dy="0.4978" sx="1" sy="1" image="darkStoneE"/>
  <decor_244 x="32.45" y="-577.85" rot="0" z="281" dx="0.5018" dy="0.4978" sx="1" sy="1" image="darkStoneE"/>
  <decor_245 x="132.9" y="-750.45" rot="0" z="282" dx="0.5018" dy="0.4978" sx="1" sy="1" image="darkStoneE"/>
  <decor_246 x="-174.7" y="-1000.05" rot="0" z="283" dx="0.5009" dy="0.4994" sx="1" sy="1" image="darkStoneB"/>
  <decor_247 x="-168.35" y="-1083.2" rot="0" z="284" dx="0.5007" dy="0.4993" sx="1" sy="1" image="darkStoneA"/>
  <decor_248 x="-1398.75" y="-852.5" rot="0" z="285" dx="0.5003" dy="0.5" sx="1" sy="1" image="darkStoneC"/>
  <decor_249 x="-1390.95" y="-937.25" rot="0" z="286" dx="0.5009" dy="0.4994" sx="1" sy="1" image="darkStoneB"/>
  <decor_250 x="-1304.6" y="-1051.8" rot="0" z="287" dx="0.5003" dy="0.5" sx="1" sy="1" image="darkStoneC"/>
  <decor_251 x="-744.3" y="-803.95" rot="0" z="288" dx="0.5003" dy="0.5" sx="1" sy="1" image="darkStoneC"/>
  <decor_252 x="-1199.5" y="-1045.5" rot="0" z="289" dx="0.5009" dy="0.4994" sx="1" sy="1" image="darkStoneB"/>
  <decor_253 x="-1106.85" y="-1037.65" rot="0" z="290" dx="0.5018" dy="0.4978" sx="1" sy="1" image="darkStoneE"/>
  <decor_254 x="-931.1" y="-1043.95" rot="0" z="291" dx="0.5007" dy="0.4993" sx="1" sy="1" image="darkStoneA"/>
  <decor_255 x="-832.25" y="-1059.7" rot="0" z="292" dx="0.5009" dy="0.4994" sx="1" sy="1" image="darkStoneB"/>
  <decor_256 x="-720.8" y="-1043.9" rot="0" z="293" dx="0.5007" dy="0.4993" sx="1" sy="1" image="darkStoneA"/>
  <decor_257 x="-1381.5" y="-692.4" rot="0" z="294" dx="0.5003" dy="0.5" sx="1" sy="1" image="darkStoneC"/>
  <decor_258 x="-1339.15" y="-449.15" rot="0" z="295" dx="0.5009" dy="0.4994" sx="1" sy="1" image="darkStoneB"/>
  <decor_259 x="-1303" y="-356.55" rot="0" z="296" dx="0.5003" dy="0.5" sx="1" sy="1" image="darkStoneC"/>
  <decor_260 x="-1379.9" y="-557.45" rot="0" z="297" dx="0.5007" dy="0.4993" sx="1" sy="1" image="darkStoneA"/>
  <decor_261 x="-411.6" y="-355.05" rot="0" z="298" dx="0.5003" dy="0.5" sx="1" sy="1" image="darkStoneC"/>
  <decor_262 x="-975" y="-350.3" rot="-15.9853" z="299" dx="0.5003" dy="0.5" sx="1" sy="1" image="darkStoneC"/>
  <decor_263 x="-1139.9" y="-354.95" rot="0" z="300" dx="0.5009" dy="0.4994" sx="1" sy="1" image="darkStoneB"/>
  <decor_264 x="-1219.85" y="-367.5" rot="0" z="301" dx="0.5007" dy="0.4993" sx="1" sy="1" image="darkStoneA"/>
  <decor_265 x="-381.8" y="-279.65" rot="0" z="302" dx="0.5007" dy="0.4993" sx="1" sy="1" image="darkStoneA"/>
  <decor_266 x="-411.7" y="-215.25" rot="0" z="303" dx="0.5009" dy="0.4994" sx="1" sy="1" image="darkStoneB"/>
  <decor_267 x="-165.3" y="-232.55" rot="0" z="304" dx="0.5003" dy="0.5" sx="1" sy="1" image="darkStoneC"/>
  <decor_268 x="-177.85" y="-296.95" rot="0" z="305" dx="0.5009" dy="0.4994" sx="1" sy="1" image="darkStoneB"/>
  <decor_269 x="-166.85" y="-477.35" rot="0" z="306" dx="0.5003" dy="0.5" sx="1" sy="1" image="darkStoneC"/>
  <decor_270 x="148.6" y="-654.75" rot="0" z="307" dx="0.5007" dy="0.4993" sx="1" sy="1" image="darkStoneA"/>
  <decor_271 x="-180.95" y="-408.35" rot="0" z="308" dx="0.5007" dy="0.4993" sx="1" sy="1" image="darkStoneA"/>
  <decor_272 x="-127.6" y="-364.45" rot="0" z="309" dx="0.5009" dy="0.4994" sx="1" sy="1" image="darkStoneB"/>
  <decor_273 x="-890.3" y="-315.8" rot="0" z="310" dx="0.5009" dy="0.4994" sx="1" sy="1" image="darkStoneB"/>
  <decor_274 x="-835.35" y="-355" rot="0" z="311" dx="0.5007" dy="0.4993" sx="1" sy="1" image="darkStoneA"/>
  <decor_275 x="-744.35" y="-336.2" rot="0" z="312" dx="0.5003" dy="0.5" sx="1" sy="1" image="darkStoneC"/>
  <decor_276 x="-662.7" y="-356.6" rot="0" z="313" dx="0.5007" dy="0.4993" sx="1" sy="1" image="darkStoneA"/>
  <decor_277 x="-581.15" y="-358.2" rot="0" z="314" dx="0.5009" dy="0.4994" sx="1" sy="1" image="darkStoneB"/>
  <decor_278 x="-496.35" y="-343.95" rot="0" z="315" dx="0.5007" dy="0.4993" sx="1" sy="1" image="darkStoneA"/>
  <decor_279 x="-689.25" y="-847.7" rot="0" z="316" dx="0.5009" dy="0.4994" sx="1" sy="1" image="darkStoneB"/>
  <decor_280 x="-757.8" y="-847.9" rot="0" z="317" dx="0.5007" dy="0.4993" sx="1" sy="1" image="darkStoneA"/>
  <decor_281 x="-697.25" y="-769.7" rot="0" z="318" dx="0.5009" dy="0.4994" sx="1" sy="1" image="darkStoneB"/>
  <decor_282 x="-674.95" y="-806.15" rot="0" z="319" dx="0.5018" dy="0.4978" sx="1" sy="1" image="darkStoneE"/>
  <decor_283 x="-771.95" y="-776.15" rot="0" z="320" dx="0.5018" dy="0.4978" sx="1" sy="1" image="darkStoneE"/>
  <decor_284 x="-748.95" y="-762.15" rot="0" z="321" dx="0.5018" dy="0.4978" sx="1" sy="1" image="darkStoneE"/>
  <decor_285 x="-698.7" y="-564.35" rot="0" z="322" dx="0.5003" dy="0.5" sx="1" sy="1" image="darkStoneC"/>
  <decor_286 x="-735.95" y="-552.2" rot="0" z="323" dx="0.5018" dy="0.4978" sx="1" sy="1" image="darkStoneE"/>
  <decor_287 x="-1040.65" y="-697.55" rot="0" z="324" dx="0.5007" dy="0.4993" sx="1" sy="1" image="darkStoneA"/>
  <decor_288 x="-1019.4" y="-566.7" rot="0" z="325" dx="0.5009" dy="0.4994" sx="1" sy="1" image="darkStoneB"/>
  <decor_289 x="-413.65" y="-552.85" rot="-74.456" z="326" dx="0.5007" dy="0.4993" sx="1" sy="1" image="darkStoneA"/>
  <decor_290 x="-390.95" y="-580.2" rot="0" z="327" dx="0.5018" dy="0.4978" sx="1" sy="1" image="darkStoneE"/>
  <decor_291 x="-307.95" y="-579.2" rot="0" z="328" dx="0.5018" dy="0.4978" sx="1" sy="1" image="darkStoneE"/>
  <decor_292 x="-135.3" y="-764.3" rot="-58.9897" z="329" dx="0.5007" dy="0.4993" sx="1" sy="1" image="darkStoneA"/>
  <decor_293 x="-1026.9" y="-658.2" rot="0" z="330" dx="0.5018" dy="0.4978" sx="1" sy="1" image="darkStoneE"/>
  <decor_294 x="-1043.9" y="-635.2" rot="0" z="331" dx="0.5018" dy="0.4978" sx="1" sy="1" image="darkStoneE"/>
  <decor_295 x="-1086.05" y="-704.1" rot="0" z="332" dx="0.501" dy="0.5" sx="1" sy="1" image="darkStoneD"/>
  <decor_296 x="-1043.05" y="-598.15" rot="0" z="333" dx="0.501" dy="0.5" sx="1" sy="1" image="darkStoneD"/>
  <decor_297 x="-1248.6" y="-710.6" rot="-73.7266" z="334" dx="0.5007" dy="0.4993" sx="1" sy="1" image="darkStoneA"/>
  <decor_298 x="-1206.05" y="-707.1" rot="0" z="335" dx="0.501" dy="0.5" sx="1" sy="1" image="darkStoneD"/>
  <decor_299 x="-1145.55" y="-698.7" rot="61.9633" z="336" dx="0.5007" dy="0.4993" sx="1" sy="1" image="darkStoneA"/>
  <decor_300 x="-941.3" y="-566" rot="0" z="337" dx="0.5003" dy="0.5" sx="1" sy="1" image="darkStoneC"/>
  <decor_301 x="-873.85" y="-574.95" rot="24.741" z="338" dx="0.5007" dy="0.4993" sx="1" sy="1" image="darkStoneA"/>
  <decor_302 x="-978.95" y="-550.2" rot="0" z="339" dx="0.5018" dy="0.4978" sx="1" sy="1" image="darkStoneE"/>
  <decor_303 x="-816.3" y="-569.75" rot="40.4978" z="340" dx="0.5009" dy="0.4994" sx="1" sy="1" image="darkStoneB"/>
  <decor_304 x="-903.1" y="-553.15" rot="0" z="341" dx="0.501" dy="0.5" sx="1" sy="1" image="darkStoneD"/>
  <decor_305 x="-764.7" y="-576.6" rot="0" z="342" dx="0.5007" dy="0.4993" sx="1" sy="1" image="darkStoneA"/>
  <decor_306 x="-774.95" y="-544.2" rot="0" z="343" dx="0.5018" dy="0.4978" sx="1" sy="1" image="darkStoneE"/>
  <decor_307 x="-846.95" y="-549.2" rot="0" z="344" dx="0.5018" dy="0.4978" sx="1" sy="1" image="darkStoneE"/>
  <decor_308 x="-437.3" y="-896.95" rot="22.9486" z="345" dx="0.5003" dy="0.5" sx="1" sy="1" image="darkStoneC"/>
  <decor_309 x="-418.8" y="-767.9" rot="0" z="346" dx="0.5007" dy="0.4993" sx="1" sy="1" image="darkStoneA"/>
  <decor_310 x="-474.95" y="-819.15" rot="0" z="347" dx="0.5018" dy="0.4978" sx="1" sy="1" image="darkStoneE"/>
  <decor_311 x="-376.95" y="-801.15" rot="0" z="348" dx="0.5018" dy="0.4978" sx="1" sy="1" image="darkStoneE"/>
  <decor_312 x="-421.95" y="-811.15" rot="0" z="349" dx="0.5018" dy="0.4978" sx="1" sy="1" image="darkStoneE"/>
  <decor_313 x="-307.95" y="-547.2" rot="0" z="350" dx="0.5018" dy="0.4978" sx="1" sy="1" image="darkStoneE"/>
  <decor_314 x="-229.95" y="-584.2" rot="0" z="351" dx="0.5018" dy="0.4978" sx="1" sy="1" image="darkStoneE"/>
  <decor_315 x="-235.1" y="-554.15" rot="0" z="352" dx="0.501" dy="0.5" sx="1" sy="1" image="darkStoneD"/>
  <decor_316 x="-1299.85" y="-714.45" rot="0" z="353" dx="0.5007" dy="0.4993" sx="1" sy="1" image="darkStoneA"/>
  <decor_317 x="-1025.85" y="-1040.45" rot="0" z="354" dx="0.5007" dy="0.4993" sx="1" sy="1" image="darkStoneA"/>
  <decor_318 x="-130.95" y="-571.35" rot="0" z="355" dx="0.5007" dy="0.4993" sx="1" sy="1" image="darkStoneA"/>
  <decor_319 x="5.05" y="-563.4" rot="-57.7207" z="356" dx="0.5007" dy="0.4993" sx="1" sy="1" image="darkStoneA"/>
  <decor_320 x="67.05" y="-580.2" rot="0" z="357" dx="0.5018" dy="0.4978" sx="1" sy="1" image="darkStoneE"/>
  <decor_321 x="56.05" y="-554.2" rot="0" z="358" dx="0.5018" dy="0.4978" sx="1" sy="1" image="darkStoneE"/>
  <decor_322 x="-47.95" y="-761.15" rot="0" z="359" dx="0.5018" dy="0.4978" sx="1" sy="1" image="darkStoneE"/>
  <decor_323 x="-195.8" y="-863.6" rot="0" z="360" dx="0.5018" dy="0.4978" sx="1" sy="1" image="darkStoneE"/>
  <decor_324 x="-187.8" y="-956.6" rot="0" z="361" dx="0.5018" dy="0.4978" sx="1" sy="1" image="darkStoneE"/>
  <decor_325 x="-197.8" y="-1038.6" rot="0" z="362" dx="0.5018" dy="0.4978" sx="1" sy="1" image="darkStoneE"/>
  <decor_326 x="-375.8" y="-1015.6" rot="0" z="363" dx="0.5018" dy="0.4978" sx="1" sy="1" image="darkStoneE"/>
  <decor_327 x="-370.8" y="-899.6" rot="0" z="364" dx="0.5018" dy="0.4978" sx="1" sy="1" image="darkStoneE"/>
  <playerBall x="-287" y="-977.7" rot="0" type="2" den="1" frc="0.15" rst="0" sens="false" geom="0" z="383" dx="0.4824" dy="0.2923" category="100" mask="65533">
    <radius>40</radius>
  </playerBall>
  <door0 x="-284.6" y="-420" rot="0" type="0" den="0" frc="0.4" rst="0" sens="false" geom="2" z="111" dx="0.5014" dy="0.9181" check="10">
    <p0>
      <v0 x="45" y="0"/>
      <v1 x="45" y="20"/>
      <v2 x="-45" y="20"/>
      <v3 x="-45" y="0"/>
    </p0>
  </door0>
  <key0 x="-1275.5" y="-613" rot="0" type="0" den="0" frc="0" rst="0" sens="true" geom="2" z="381" dx="0.5033" dy="0.4983">
    <p0>
      <v0 x="-18" y="18"/>
      <v1 x="-18" y="-18"/>
      <v2 x="18" y="-18"/>
      <v3 x="18" y="18"/>
    </p0>
  </key0>
  <star1 x="-840.15" y="-810.5" rot="0" type="0" den="0" frc="0" rst="0" sens="true" geom="0" z="50" dx="0.494" dy="0.5008">
    <radius>20</radius>
  </star1>
  <star2 x="-900.15" y="-810.5" rot="0" type="0" den="0" frc="0" rst="0" sens="true" geom="0" z="50" dx="0.494" dy="0.5008">
    <radius>20</radius>
  </star2>
  <star3 x="-1275.05" y="-943.2" rot="0" type="0" den="0" frc="0" rst="0" sens="true" geom="0" z="50" dx="0.494" dy="0.5008">
    <radius>20</radius>
  </star3>
  <star4 x="-47.4" y="-673.85" rot="0" type="0" den="0" frc="0" rst="0" sens="true" geom="0" z="50" dx="0.494" dy="0.5008">
    <radius>20</radius>
  </star4>
  <star5 x="-1275.05" y="-884.65" rot="0" type="0" den="0" frc="0" rst="0" sens="true" geom="0" z="50" dx="0.494" dy="0.5008">
    <radius>20</radius>
  </star5>
  <star6 x="44.05" y="-673.85" rot="0" type="0" den="0" frc="0" rst="0" sens="true" geom="0" z="50" dx="0.494" dy="0.5008">
    <radius>20</radius>
  </star6>
  <star7 x="-840.15" y="-750" rot="0" type="0" den="0" frc="0" rst="0" sens="true" geom="0" z="50" dx="0.494" dy="0.5008">
    <radius>20</radius>
  </star7>
  <star8 x="-738.1" y="-449" rot="0" type="0" den="0" frc="0" rst="0" sens="true" geom="0" z="50" dx="0.494" dy="0.5008">
    <radius>20</radius>
  </star8>
  <star9 x="-886.65" y="-481.05" rot="0" type="0" den="0" frc="0" rst="0" sens="true" geom="0" z="50" dx="0.494" dy="0.5008">
    <radius>20</radius>
  </star9>
  <star10 x="-435.2" y="-481.05" rot="0" type="0" den="0" frc="0" rst="0" sens="true" geom="0" z="50" dx="0.494" dy="0.5008">
    <radius>20</radius>
  </star10>
  <star11 x="-990.15" y="-957.45" rot="0" type="0" den="0" frc="0" rst="0" sens="true" geom="0" z="50" dx="0.494" dy="0.5008">
    <radius>20</radius>
  </star11>
  <star12 x="-761.8" y="-957.45" rot="0" type="0" den="0" frc="0" rst="0" sens="true" geom="0" z="50" dx="0.494" dy="0.5008">
    <radius>20</radius>
  </star12>
  <body_66 x="0" y="0" rot="0" type="0" den="0" frc="0.4" rst="0" sens="false" geom="1">
    <v0 x="-240" y="-1110"/>
    <v1 x="-240" y="-720"/>
    <v2 x="0" y="-720"/>
    <v3 x="0" y="-810"/>
    <v4 x="90" y="-810"/>
    <v5 x="90" y="-630"/>
    <v6 x="-540" y="-630"/>
    <v7 x="-540" y="-510"/>
    <v8 x="-240" y="-510"/>
    <v9 x="-240" y="-210"/>
    <v10 x="-330" y="-210"/>
    <v11 x="-330" y="-420"/>
    <v12 x="-1260" y="-420"/>
    <v13 x="-1260" y="-510"/>
    <v14 x="-1320" y="-510"/>
    <v15 x="-1320" y="-660"/>
    <v16 x="-1080" y="-660"/>
    <v17 x="-1080" y="-510"/>
    <v18 x="-630" y="-510"/>
    <v19 x="-630" y="-630"/>
    <v20 x="-990" y="-630"/>
    <v21 x="-990" y="-750"/>
    <v22 x="-1230" y="-750"/>
    <v23 x="-1230" y="-840"/>
    <v24 x="-1320" y="-840"/>
    <v25 x="-1320" y="-990"/>
    <v26 x="-540" y="-990"/>
    <v27 x="-540" y="-720"/>
    <v28 x="-330" y="-720"/>
    <v29 x="-330" y="-1110"/>
  </body_66>
  <body_67 x="0" y="0" rot="0" type="0" den="0" frc="0.4" rst="0" sens="false" geom="1">
    <v0 x="-630" y="-720"/>
    <v1 x="-810" y="-720"/>
    <v2 x="-810" y="-840"/>
    <v3 x="-1110" y="-840"/>
    <v4 x="-1110" y="-900"/>
    <v5 x="-630" y="-900"/>
  </body_67>
  <body_68 x="0" y="0" rot="0" type="0" den="0" frc="0.4" rst="0" sens="false" geom="1">
    <v0 x="-1140" y="-510"/>
    <v1 x="-1200" y="-510"/>
    <v2 x="-1200" y="-570"/>
    <v3 x="-1140" y="-570"/>
  </body_68>
  <cargo1 x="-436.25" y="-648.55" rot="0" type="2" den="0.35" frc="0.7" rst="0" sens="false" geom="2" z="384" dx="0.497" dy="0.0325">
    <p0>
      <v0 x="-30" y="-45"/>
      <v1 x="-30" y="-15"/>
      <v2 x="-45" y="0"/>
      <v3 x="-45" y="-45"/>
    </p0>
    <p1>
      <v0 x="-30" y="-15"/>
      <v1 x="30" y="-15"/>
      <v2 x="45" y="0"/>
      <v3 x="-45" y="0"/>
    </p1>
    <p2>
      <v0 x="30" y="-15"/>
      <v1 x="30" y="-45"/>
      <v2 x="45" y="-45"/>
      <v3 x="45" y="0"/>
    </p2>
  </cargo1>
  <wheel1 x="-464.55" y="-644.2" rot="0" type="2" den="2" frc="0.4" rst="0" sens="false" geom="0" z="385" dx="0.5" dy="0.5">
    <radius>26</radius>
  </wheel1>
  <wheel2 x="-406.05" y="-644.2" rot="0" type="2" den="2" frc="0.4" rst="0" sens="false" geom="0" z="386" dx="0.5" dy="0.5">
    <radius>26</radius>
  </wheel2>
  <boom1 x="-853.9" y="-919" rot="0" type="2" den="1" frc="0.5" rst="0" sens="false" geom="2" z="390" dx="0.5" dy="0.5" x1="-1095" x2="-675" phase="-1">
    <p0>
      <v0 x="12.25" y="-17.75"/>
      <v1 x="16.95" y="-16.95"/>
      <v2 x="17.75" y="-11.95"/>
      <v3 x="17.75" y="11.95"/>
      <v4 x="17" y="17.1"/>
      <v5 x="12.25" y="17.75"/>
      <v6 x="-12" y="17.75"/>
      <v7 x="-16.9" y="16.85"/>
      <v8 x="-17.75" y="12.4"/>
      <v9 x="-17.75" y="-12"/>
      <v10 x="-17.1" y="-17"/>
      <v11 x="-12.75" y="-17.75"/>
    </p0>
  </boom1>
  <boom2 x="-1169.95" y="-588.4" rot="0" type="2" den="1" frc="0.5" rst="0" sens="false" geom="2" z="397" dx="0.5" dy="0.5" x1="0" x2="0" phase="0">
    <p0>
      <v0 x="12.25" y="-17.75"/>
      <v1 x="16.95" y="-16.95"/>
      <v2 x="17.75" y="-11.95"/>
      <v3 x="17.75" y="11.95"/>
      <v4 x="17" y="17.1"/>
      <v5 x="12.25" y="17.75"/>
      <v6 x="-12" y="17.75"/>
      <v7 x="-16.9" y="16.85"/>
      <v8 x="-17.75" y="12.4"/>
      <v9 x="-17.75" y="-12"/>
      <v10 x="-17.1" y="-17"/>
      <v11 x="-12.75" y="-17.75"/>
    </p0>
  </boom2>
  <door1 x="-1061.95" y="-801.9" rot="0" type="0" den="0" frc="0.4" rst="0" sens="false" geom="2" z="118" dx="0.1297" dy="0.4982" check="1">
    <p0>
      <v0 x="0" y="-55"/>
      <v1 x="12" y="-55"/>
      <v2 x="12" y="55"/>
      <v3 x="0" y="55"/>
    </p0>
  </door1>
  <key1 x="45.05" y="-764.9" rot="0" type="0" den="0" frc="0" rst="0" sens="true" geom="2" z="396" dx="0.5033" dy="0.4983">
    <p0>
      <v0 x="-18" y="18"/>
      <v1 x="-18" y="-18"/>
      <v2 x="18" y="-18"/>
      <v3 x="18" y="18"/>
    </p0>
  </key1>
  <door2 x="-585" y="-630" rot="89.9948" type="0" den="0" frc="0.4" rst="0" sens="false" geom="2" z="112" dx="0.0137" dy="0.5009" check="1">
    <p0>
      <v0 x="0" y="-55"/>
      <v1 x="12" y="-55"/>
      <v2 x="12" y="55"/>
      <v3 x="0" y="55"/>
    </p0>
  </door2>
  <key2 x="-585.85" y="-854.9" rot="0" type="0" den="0" frc="0" rst="0" sens="true" geom="2" z="395" dx="0.5033" dy="0.4983">
    <p0>
      <v0 x="-18" y="18"/>
      <v1 x="-18" y="-18"/>
      <v2 x="18" y="-18"/>
      <v3 x="18" y="18"/>
    </p0>
  </key2>
  <caveMask>
    <p0>
      <v0 x="-630" y="-630"/>
      <v1 x="-540" y="-630"/>
      <v2 x="-540" y="-510"/>
      <v3 x="-630" y="-510"/>
    </p0>
    <p1>
      <v0 x="-1260" y="-510"/>
      <v1 x="-630" y="-510"/>
      <v2 x="-330" y="-420"/>
      <v3 x="-1260" y="-420"/>
    </p1>
    <p2>
      <v0 x="-330" y="-210"/>
      <v1 x="-330" y="-420"/>
      <v2 x="-240" y="-510"/>
      <v3 x="-240" y="-210"/>
    </p2>
    <p3>
      <v0 x="-240" y="-510"/>
      <v1 x="-330" y="-420"/>
      <v2 x="-540" y="-510"/>
    </p3>
    <p4>
      <v0 x="-330" y="-420"/>
      <v1 x="-630" y="-510"/>
      <v2 x="-540" y="-510"/>
    </p4>
    <p5>
      <v0 x="-1140" y="-510"/>
      <v1 x="-1140" y="-570"/>
      <v2 x="-1080" y="-660"/>
      <v3 x="-1080" y="-510"/>
    </p5>
    <p6>
      <v0 x="-1140" y="-570"/>
      <v1 x="-1200" y="-570"/>
      <v2 x="-1320" y="-660"/>
      <v3 x="-1080" y="-660"/>
    </p6>
    <p7>
      <v0 x="-1320" y="-660"/>
      <v1 x="-1200" y="-570"/>
      <v2 x="-1200" y="-510"/>
      <v3 x="-1320" y="-510"/>
    </p7>
    <p8>
      <v0 x="-330" y="-1110"/>
      <v1 x="-240" y="-1110"/>
      <v2 x="-240" y="-720"/>
      <v3 x="-330" y="-720"/>
    </p8>
    <p9>
      <v0 x="-810" y="-840"/>
      <v1 x="-810" y="-720"/>
      <v2 x="-990" y="-750"/>
      <v3 x="-1230" y="-840"/>
    </p9>
    <p10>
      <v0 x="-1230" y="-750"/>
      <v1 x="-1230" y="-840"/>
      <v2 x="-990" y="-750"/>
    </p10>
    <p11>
      <v0 x="-990" y="-750"/>
      <v1 x="-810" y="-720"/>
      <v2 x="-990" y="-630"/>
    </p11>
    <p12>
      <v0 x="-810" y="-720"/>
      <v1 x="-330" y="-720"/>
      <v2 x="90" y="-630"/>
      <v3 x="-990" y="-630"/>
    </p12>
    <p13>
      <v0 x="90" y="-810"/>
      <v1 x="90" y="-630"/>
      <v2 x="0" y="-720"/>
      <v3 x="0" y="-810"/>
    </p13>
    <p14>
      <v0 x="0" y="-720"/>
      <v1 x="90" y="-630"/>
      <v2 x="-240" y="-720"/>
    </p14>
    <p15>
      <v0 x="90" y="-630"/>
      <v1 x="-330" y="-720"/>
      <v2 x="-240" y="-720"/>
    </p15>
    <p16>
      <v0 x="-540" y="-720"/>
      <v1 x="-630" y="-720"/>
      <v2 x="-630" y="-900"/>
      <v3 x="-540" y="-990"/>
    </p16>
    <p17>
      <v0 x="-1320" y="-840"/>
      <v1 x="-1320" y="-990"/>
      <v2 x="-1110" y="-900"/>
      <v3 x="-1110" y="-840"/>
    </p17>
    <p18>
      <v0 x="-1320" y="-990"/>
      <v1 x="-540" y="-990"/>
      <v2 x="-630" y="-900"/>
      <v3 x="-1110" y="-900"/>
    </p18>
  </caveMask>
</level_64>