<level_55>
  <checkPoints>
    <p0 x="-1200" y="-1539"/>
    <p1 x="-1060" y="-2258"/>
  </checkPoints>
  <viewPoints/>
  <joints/>
  <frame x="-1440.2" y="-2680.25" w="2600.2" h="1400.5"/>
  <frameLeft x="0" y="0" rot="0" type="0" den="0" frc="0" rst="0" sens="false" geom="1" category="65535" mask="65535">
    <v0 x="-1440.2" y="-2680.25"/>
    <v1 x="-1440.2" y="-1279.75"/>
  </frameLeft>
  <frameRight x="0" y="0" rot="0" type="0" den="0" frc="0" rst="0" sens="false" geom="1" category="65535" mask="65239">
    <v0 x="1160" y="-1279.75"/>
    <v1 x="1160" y="-2680.25"/>
  </frameRight>
  <speedUp_1 x="-985.9" y="-1448.95" rot="-45" type="0" den="0" frc="0" rst="0" sens="true" geom="2" z="2" dx="0.5" dy="0.5">
    <p0>
      <v0 x="-40" y="20"/>
      <v1 x="-40" y="-20"/>
      <v2 x="40" y="-20"/>
      <v3 x="40" y="20"/>
    </p0>
  </speedUp_1>
  <speedUp_2 x="-319.9" y="-1880.1" rot="-89.9956" type="0" den="0" frc="0" rst="0" sens="true" geom="2" z="3" dx="0.5" dy="0.5">
    <p0>
      <v0 x="-40" y="20"/>
      <v1 x="-40" y="-20"/>
      <v2 x="40" y="-20"/>
      <v3 x="40" y="20"/>
    </p0>
  </speedUp_2>
  <speedUp_3 x="-305.9" y="-1648.9" rot="-45" type="0" den="0" frc="0" rst="0" sens="true" geom="2" z="4" dx="0.5" dy="0.5">
    <p0>
      <v0 x="-40" y="20"/>
      <v1 x="-40" y="-20"/>
      <v2 x="40" y="-20"/>
      <v3 x="40" y="20"/>
    </p0>
  </speedUp_3>
  <speedUp_4 x="265.55" y="-1727.85" rot="-135" type="0" den="0" frc="0" rst="0" sens="true" geom="2" z="5" dx="0.5" dy="0.5">
    <p0>
      <v0 x="-40" y="20"/>
      <v1 x="-40" y="-20"/>
      <v2 x="40" y="-20"/>
      <v3 x="40" y="20"/>
    </p0>
  </speedUp_4>
  <speedUp_5 x="-399.55" y="-1898.45" rot="-89.9956" type="0" den="0" frc="0" rst="0" sens="true" geom="2" z="6" dx="0.5" dy="0.5">
    <p0>
      <v0 x="-40" y="20"/>
      <v1 x="-40" y="-20"/>
      <v2 x="40" y="-20"/>
      <v3 x="40" y="20"/>
    </p0>
  </speedUp_5>
  <speedUp_6 x="-479.8" y="-1917.85" rot="-89.9956" type="0" den="0" frc="0" rst="0" sens="true" geom="2" z="7" dx="0.5" dy="0.5">
    <p0>
      <v0 x="-40" y="20"/>
      <v1 x="-40" y="-20"/>
      <v2 x="40" y="-20"/>
      <v3 x="40" y="20"/>
    </p0>
  </speedUp_6>
  <speedUp_7 x="-939.95" y="-1945" rot="-89.9956" type="0" den="0" frc="0" rst="0" sens="true" geom="2" z="8" dx="0.5" dy="0.5">
    <p0>
      <v0 x="-40" y="20"/>
      <v1 x="-40" y="-20"/>
      <v2 x="40" y="-20"/>
      <v3 x="40" y="20"/>
    </p0>
  </speedUp_7>
  <speedUp_8 x="-939.95" y="-1865" rot="-89.9956" type="0" den="0" frc="0" rst="0" sens="true" geom="2" z="9" dx="0.5" dy="0.5">
    <p0>
      <v0 x="-40" y="20"/>
      <v1 x="-40" y="-20"/>
      <v2 x="40" y="-20"/>
      <v3 x="40" y="20"/>
    </p0>
  </speedUp_8>
  <speedUp_9 x="-565.5" y="-2372.7" rot="-45" type="0" den="0" frc="0" rst="0" sens="true" geom="2" z="10" dx="0.5" dy="0.5">
    <p0>
      <v0 x="-40" y="20"/>
      <v1 x="-40" y="-20"/>
      <v2 x="40" y="-20"/>
      <v3 x="40" y="20"/>
    </p0>
  </speedUp_9>
  <speedUp_10 x="-287.5" y="-2508.9" rot="45" type="0" den="0" frc="0" rst="0" sens="true" geom="2" z="11" dx="0.5" dy="0.5">
    <p0>
      <v0 x="-40" y="20"/>
      <v1 x="-40" y="-20"/>
      <v2 x="40" y="-20"/>
      <v3 x="40" y="20"/>
    </p0>
  </speedUp_10>
  <speedUp_11 x="-49.65" y="-2369.1" rot="-45" type="0" den="0" frc="0" rst="0" sens="true" geom="2" z="12" dx="0.5" dy="0.5">
    <p0>
      <v0 x="-40" y="20"/>
      <v1 x="-40" y="-20"/>
      <v2 x="40" y="-20"/>
      <v3 x="40" y="20"/>
    </p0>
  </speedUp_11>
  <speedUp_12 x="226.35" y="-2517.5" rot="45" type="0" den="0" frc="0" rst="0" sens="true" geom="2" z="13" dx="0.5" dy="0.5">
    <p0>
      <v0 x="-40" y="20"/>
      <v1 x="-40" y="-20"/>
      <v2 x="40" y="-20"/>
      <v3 x="40" y="20"/>
    </p0>
  </speedUp_12>
  <speedUp_13 x="667.95" y="-1864.65" rot="0" type="0" den="0" frc="0" rst="0" sens="true" geom="2" z="14" dx="0.5" dy="0.5">
    <p0>
      <v0 x="-40" y="20"/>
      <v1 x="-40" y="-20"/>
      <v2 x="40" y="-20"/>
      <v3 x="40" y="20"/>
    </p0>
  </speedUp_13>
  <speedUp_14 x="926.8" y="-1911.85" rot="-45" type="0" den="0" frc="0" rst="0" sens="true" geom="2" z="15" dx="0.5" dy="0.5">
    <p0>
      <v0 x="-40" y="20"/>
      <v1 x="-40" y="-20"/>
      <v2 x="40" y="-20"/>
      <v3 x="40" y="20"/>
    </p0>
  </speedUp_14>
  <speedUp_15 x="982.5" y="-2048.7" rot="-89.9948" type="0" den="0" frc="0" rst="0" sens="true" geom="2" z="16" dx="0.5" dy="0.5">
    <p0>
      <v0 x="-40" y="20"/>
      <v1 x="-40" y="-20"/>
      <v2 x="40" y="-20"/>
      <v3 x="40" y="20"/>
    </p0>
  </speedUp_15>
  <speedUp_16 x="882.45" y="-2202.4" rot="-150.0001" type="0" den="0" frc="0" rst="0" sens="true" geom="2" z="17" dx="0.5" dy="0.5">
    <p0>
      <v0 x="-40" y="20"/>
      <v1 x="-40" y="-20"/>
      <v2 x="40" y="-20"/>
      <v3 x="40" y="20"/>
    </p0>
  </speedUp_16>
  <speedUp_17 x="668.95" y="-2080.05" rot="89.9948" type="0" den="0" frc="0" rst="0" sens="true" geom="2" z="18" dx="0.5" dy="0.5">
    <p0>
      <v0 x="-40" y="20"/>
      <v1 x="-40" y="-20"/>
      <v2 x="40" y="-20"/>
      <v3 x="40" y="20"/>
    </p0>
  </speedUp_17>
  <speedUp_18 x="798.95" y="-1950.05" rot="0" type="0" den="0" frc="0" rst="0" sens="true" geom="2" z="19" dx="0.5" dy="0.5">
    <p0>
      <v0 x="-40" y="20"/>
      <v1 x="-40" y="-20"/>
      <v2 x="40" y="-20"/>
      <v3 x="40" y="20"/>
    </p0>
  </speedUp_18>
  <speedUp_19 x="901.5" y="-2035.7" rot="-89.9948" type="0" den="0" frc="0" rst="0" sens="true" geom="2" z="20" dx="0.5" dy="0.5">
    <p0>
      <v0 x="-40" y="20"/>
      <v1 x="-40" y="-20"/>
      <v2 x="40" y="-20"/>
      <v3 x="40" y="20"/>
    </p0>
  </speedUp_19>
  <body_22 x="-1120" y="-1391.55" rot="0" type="0" den="0" frc="0.4" rst="0" sens="false" geom="2" image="balk90" z="23" dx="0.5" dy="0.5">
    <p0>
      <v0 x="42.55" y="-5.15"/>
      <v1 x="44.05" y="-2"/>
      <v2 x="44.05" y="0.85"/>
      <v3 x="43.35" y="3.6"/>
      <v4 x="42.05" y="5.75"/>
      <v5 x="39.35" y="8"/>
      <v6 x="-40" y="8"/>
      <v7 x="-42" y="5.75"/>
      <v8 x="-43.3" y="3.6"/>
      <v9 x="-44" y="0.85"/>
      <v10 x="-44" y="-2"/>
      <v11 x="-42.5" y="-5.15"/>
      <v12 x="-39.45" y="-8"/>
      <v13 x="39.4" y="-8"/>
    </p0>
  </body_22>
  <body_23 x="-1205.9" y="-1391.55" rot="0" type="0" den="0" frc="0.4" rst="0" sens="false" geom="2" image="balk90" z="24" dx="0.5" dy="0.5">
    <p0>
      <v0 x="42.55" y="-5.15"/>
      <v1 x="44.05" y="-2"/>
      <v2 x="44.05" y="0.85"/>
      <v3 x="43.35" y="3.6"/>
      <v4 x="42.05" y="5.75"/>
      <v5 x="39.35" y="8"/>
      <v6 x="-40" y="8"/>
      <v7 x="-42" y="5.75"/>
      <v8 x="-43.3" y="3.6"/>
      <v9 x="-44" y="0.85"/>
      <v10 x="-44" y="-2"/>
      <v11 x="-42.5" y="-5.15"/>
      <v12 x="-39.45" y="-8"/>
      <v13 x="39.4" y="-8"/>
    </p0>
  </body_23>
  <body_24 x="-1285.3" y="-1391.55" rot="0" type="0" den="0" frc="0.4" rst="0" sens="false" geom="2" image="balk90_1" z="25" dx="0.5" dy="0.5">
    <p0>
      <v0 x="42.55" y="-5.15"/>
      <v1 x="44.05" y="-2"/>
      <v2 x="44.05" y="0.85"/>
      <v3 x="43.35" y="3.6"/>
      <v4 x="42.05" y="5.75"/>
      <v5 x="39.35" y="8"/>
      <v6 x="-40" y="8"/>
      <v7 x="-42" y="5.75"/>
      <v8 x="-43.3" y="3.6"/>
      <v9 x="-44" y="0.85"/>
      <v10 x="-44" y="-2"/>
      <v11 x="-42.5" y="-5.15"/>
      <v12 x="-39.45" y="-8"/>
      <v13 x="39.4" y="-8"/>
    </p0>
  </body_24>
  <body_25 x="-1037.5" y="-1391.55" rot="0" type="0" den="0" frc="0.4" rst="0" sens="false" geom="2" image="balk90" z="26" dx="0.5" dy="0.5">
    <p0>
      <v0 x="42.55" y="-5.15"/>
      <v1 x="44.05" y="-2"/>
      <v2 x="44.05" y="0.85"/>
      <v3 x="43.35" y="3.6"/>
      <v4 x="42.05" y="5.75"/>
      <v5 x="39.35" y="8"/>
      <v6 x="-40" y="8"/>
      <v7 x="-42" y="5.75"/>
      <v8 x="-43.3" y="3.6"/>
      <v9 x="-44" y="0.85"/>
      <v10 x="-44" y="-2"/>
      <v11 x="-42.5" y="-5.15"/>
      <v12 x="-39.45" y="-8"/>
      <v13 x="39.4" y="-8"/>
    </p0>
  </body_25>
  <body_26 x="-966.6" y="-1420.95" rot="-45" type="0" den="0" frc="0.4" rst="0" sens="false" geom="2" image="balk90_6" z="27" dx="0.5" dy="0.5">
    <p0>
      <v0 x="42.55" y="-5.15"/>
      <v1 x="44.05" y="-2"/>
      <v2 x="44.05" y="0.85"/>
      <v3 x="43.35" y="3.6"/>
      <v4 x="42.05" y="5.75"/>
      <v5 x="39.35" y="8"/>
      <v6 x="-40" y="8"/>
      <v7 x="-42" y="5.75"/>
      <v8 x="-43.3" y="3.6"/>
      <v9 x="-44" y="0.85"/>
      <v10 x="-44" y="-2"/>
      <v11 x="-42.5" y="-5.15"/>
      <v12 x="-39.45" y="-8"/>
      <v13 x="39.4" y="-8"/>
    </p0>
  </body_26>
  <body_27 x="-999.7" y="-1398.85" rot="-22.5023" type="0" den="0" frc="0.4" rst="0" sens="false" geom="2" image="balk40_1" z="28" dx="0.5" dy="0.5">
    <p0>
      <v0 x="17.55" y="-5.15"/>
      <v1 x="19.05" y="-2"/>
      <v2 x="19.05" y="0.85"/>
      <v3 x="18.35" y="3.6"/>
      <v4 x="17.05" y="5.75"/>
      <v5 x="14.35" y="8"/>
      <v6 x="-15" y="8"/>
      <v7 x="-17" y="5.75"/>
      <v8 x="-18.3" y="3.6"/>
      <v9 x="-19" y="0.85"/>
      <v10 x="-19" y="-2"/>
      <v11 x="-17.5" y="-5.15"/>
      <v12 x="-14.45" y="-8"/>
      <v13 x="14.4" y="-8"/>
    </p0>
  </body_27>
  <body_28 x="-358.5" y="-1591.4" rot="0" type="0" den="0" frc="0.4" rst="0" sens="false" geom="2" image="balk90" z="29" dx="0.5" dy="0.5">
    <p0>
      <v0 x="42.55" y="-5.15"/>
      <v1 x="44.05" y="-2"/>
      <v2 x="44.05" y="0.85"/>
      <v3 x="43.35" y="3.6"/>
      <v4 x="42.05" y="5.75"/>
      <v5 x="39.35" y="8"/>
      <v6 x="-40" y="8"/>
      <v7 x="-42" y="5.75"/>
      <v8 x="-43.3" y="3.6"/>
      <v9 x="-44" y="0.85"/>
      <v10 x="-44" y="-2"/>
      <v11 x="-42.5" y="-5.15"/>
      <v12 x="-39.45" y="-8"/>
      <v13 x="39.4" y="-8"/>
    </p0>
  </body_28>
  <body_29 x="-287.5" y="-1620.85" rot="-45" type="0" den="0" frc="0.4" rst="0" sens="false" geom="2" image="balk90_6" z="30" dx="0.5" dy="0.5">
    <p0>
      <v0 x="42.55" y="-5.15"/>
      <v1 x="44.05" y="-2"/>
      <v2 x="44.05" y="0.85"/>
      <v3 x="43.35" y="3.6"/>
      <v4 x="42.05" y="5.75"/>
      <v5 x="39.35" y="8"/>
      <v6 x="-40" y="8"/>
      <v7 x="-42" y="5.75"/>
      <v8 x="-43.3" y="3.6"/>
      <v9 x="-44" y="0.85"/>
      <v10 x="-44" y="-2"/>
      <v11 x="-42.5" y="-5.15"/>
      <v12 x="-39.45" y="-8"/>
      <v13 x="39.4" y="-8"/>
    </p0>
  </body_29>
  <body_30 x="-321.1" y="-1598.55" rot="-22.5023" type="0" den="0" frc="0.4" rst="0" sens="false" geom="2" image="balk40_1" z="31" dx="0.5" dy="0.5">
    <p0>
      <v0 x="17.55" y="-5.15"/>
      <v1 x="19.05" y="-2"/>
      <v2 x="19.05" y="0.85"/>
      <v3 x="18.35" y="3.6"/>
      <v4 x="17.05" y="5.75"/>
      <v5 x="14.35" y="8"/>
      <v6 x="-15" y="8"/>
      <v7 x="-17" y="5.75"/>
      <v8 x="-18.3" y="3.6"/>
      <v9 x="-19" y="0.85"/>
      <v10 x="-19" y="-2"/>
      <v11 x="-17.5" y="-5.15"/>
      <v12 x="-14.45" y="-8"/>
      <v13 x="14.4" y="-8"/>
    </p0>
  </body_30>
  <body_31 x="-415.05" y="-1591.4" rot="0" type="0" den="0" frc="0.4" rst="0" sens="false" geom="2" image="balk90_1" z="32" dx="0.5" dy="0.5">
    <p0>
      <v0 x="42.55" y="-5.15"/>
      <v1 x="44.05" y="-2"/>
      <v2 x="44.05" y="0.85"/>
      <v3 x="43.35" y="3.6"/>
      <v4 x="42.05" y="5.75"/>
      <v5 x="39.35" y="8"/>
      <v6 x="-40" y="8"/>
      <v7 x="-42" y="5.75"/>
      <v8 x="-43.3" y="3.6"/>
      <v9 x="-44" y="0.85"/>
      <v10 x="-44" y="-2"/>
      <v11 x="-42.5" y="-5.15"/>
      <v12 x="-39.45" y="-8"/>
      <v13 x="39.4" y="-8"/>
    </p0>
  </body_31>
  <body_32 x="548.25" y="-1670.35" rot="0" type="0" den="0" frc="0.4" rst="0" sens="false" geom="2" image="balk90" z="33" dx="0.5" dy="0.5">
    <p0>
      <v0 x="42.55" y="-5.15"/>
      <v1 x="44.05" y="-2"/>
      <v2 x="44.05" y="0.85"/>
      <v3 x="43.35" y="3.6"/>
      <v4 x="42.05" y="5.75"/>
      <v5 x="39.35" y="8"/>
      <v6 x="-40" y="8"/>
      <v7 x="-42" y="5.75"/>
      <v8 x="-43.3" y="3.6"/>
      <v9 x="-44" y="0.85"/>
      <v10 x="-44" y="-2"/>
      <v11 x="-42.5" y="-5.15"/>
      <v12 x="-39.45" y="-8"/>
      <v13 x="39.4" y="-8"/>
    </p0>
  </body_32>
  <body_33 x="461.2" y="-1670.35" rot="0" type="0" den="0" frc="0.4" rst="0" sens="false" geom="2" image="balk90" z="34" dx="0.5" dy="0.5">
    <p0>
      <v0 x="42.55" y="-5.15"/>
      <v1 x="44.05" y="-2"/>
      <v2 x="44.05" y="0.85"/>
      <v3 x="43.35" y="3.6"/>
      <v4 x="42.05" y="5.75"/>
      <v5 x="39.35" y="8"/>
      <v6 x="-40" y="8"/>
      <v7 x="-42" y="5.75"/>
      <v8 x="-43.3" y="3.6"/>
      <v9 x="-44" y="0.85"/>
      <v10 x="-44" y="-2"/>
      <v11 x="-42.5" y="-5.15"/>
      <v12 x="-39.45" y="-8"/>
      <v13 x="39.4" y="-8"/>
    </p0>
  </body_33>
  <body_34 x="318.15" y="-1670.35" rot="0" type="0" den="0" frc="0.4" rst="0" sens="false" geom="2" image="balk90" z="35" dx="0.5" dy="0.5">
    <p0>
      <v0 x="42.55" y="-5.15"/>
      <v1 x="44.05" y="-2"/>
      <v2 x="44.05" y="0.85"/>
      <v3 x="43.35" y="3.6"/>
      <v4 x="42.05" y="5.75"/>
      <v5 x="39.35" y="8"/>
      <v6 x="-40" y="8"/>
      <v7 x="-42" y="5.75"/>
      <v8 x="-43.3" y="3.6"/>
      <v9 x="-44" y="0.85"/>
      <v10 x="-44" y="-2"/>
      <v11 x="-42.5" y="-5.15"/>
      <v12 x="-39.45" y="-8"/>
      <v13 x="39.4" y="-8"/>
    </p0>
  </body_34>
  <body_35 x="247.3" y="-1699.9" rot="45" type="0" den="0" frc="0.4" rst="0" sens="false" geom="2" image="balk90_1" z="36" dx="0.5" dy="0.5">
    <p0>
      <v0 x="42.55" y="-5.15"/>
      <v1 x="44.05" y="-2"/>
      <v2 x="44.05" y="0.85"/>
      <v3 x="43.35" y="3.6"/>
      <v4 x="42.05" y="5.75"/>
      <v5 x="39.35" y="8"/>
      <v6 x="-40" y="8"/>
      <v7 x="-42" y="5.75"/>
      <v8 x="-43.3" y="3.6"/>
      <v9 x="-44" y="0.85"/>
      <v10 x="-44" y="-2"/>
      <v11 x="-42.5" y="-5.15"/>
      <v12 x="-39.45" y="-8"/>
      <v13 x="39.4" y="-8"/>
    </p0>
  </body_35>
  <body_36 x="279.75" y="-1678" rot="22.5008" type="0" den="0" frc="0.4" rst="0" sens="false" geom="2" image="balk40_1" z="37" dx="0.5" dy="0.5">
    <p0>
      <v0 x="17.55" y="-5.15"/>
      <v1 x="19.05" y="-2"/>
      <v2 x="19.05" y="0.85"/>
      <v3 x="18.35" y="3.6"/>
      <v4 x="17.05" y="5.75"/>
      <v5 x="14.35" y="8"/>
      <v6 x="-15" y="8"/>
      <v7 x="-17" y="5.75"/>
      <v8 x="-18.3" y="3.6"/>
      <v9 x="-19" y="0.85"/>
      <v10 x="-19" y="-2"/>
      <v11 x="-17.5" y="-5.15"/>
      <v12 x="-14.45" y="-8"/>
      <v13 x="14.4" y="-8"/>
    </p0>
  </body_36>
  <body_37 x="373.7" y="-1670.35" rot="0" type="0" den="0" frc="0.4" rst="0" sens="false" geom="2" image="balk90" z="38" dx="0.5" dy="0.5">
    <p0>
      <v0 x="42.55" y="-5.15"/>
      <v1 x="44.05" y="-2"/>
      <v2 x="44.05" y="0.85"/>
      <v3 x="43.35" y="3.6"/>
      <v4 x="42.05" y="5.75"/>
      <v5 x="39.35" y="8"/>
      <v6 x="-40" y="8"/>
      <v7 x="-42" y="5.75"/>
      <v8 x="-43.3" y="3.6"/>
      <v9 x="-44" y="0.85"/>
      <v10 x="-44" y="-2"/>
      <v11 x="-42.5" y="-5.15"/>
      <v12 x="-39.45" y="-8"/>
      <v13 x="39.4" y="-8"/>
    </p0>
  </body_37>
  <body_38 x="-967.8" y="-2028.35" rot="-90.0052" type="0" den="0" frc="0.4" rst="0" sens="false" geom="2" image="balk90" z="39" dx="0.5" dy="0.5">
    <p0>
      <v0 x="42.55" y="-5.15"/>
      <v1 x="44.05" y="-2"/>
      <v2 x="44.05" y="0.85"/>
      <v3 x="43.35" y="3.6"/>
      <v4 x="42.05" y="5.75"/>
      <v5 x="39.35" y="8"/>
      <v6 x="-40" y="8"/>
      <v7 x="-42" y="5.75"/>
      <v8 x="-43.3" y="3.6"/>
      <v9 x="-44" y="0.85"/>
      <v10 x="-44" y="-2"/>
      <v11 x="-42.5" y="-5.15"/>
      <v12 x="-39.45" y="-8"/>
      <v13 x="39.4" y="-8"/>
    </p0>
  </body_38>
  <body_39 x="-967.8" y="-2114.8" rot="-90.0052" type="0" den="0" frc="0.4" rst="0" sens="false" geom="2" image="balk90" z="40" dx="0.5" dy="0.5">
    <p0>
      <v0 x="42.55" y="-5.15"/>
      <v1 x="44.05" y="-2"/>
      <v2 x="44.05" y="0.85"/>
      <v3 x="43.35" y="3.6"/>
      <v4 x="42.05" y="5.75"/>
      <v5 x="39.35" y="8"/>
      <v6 x="-40" y="8"/>
      <v7 x="-42" y="5.75"/>
      <v8 x="-43.3" y="3.6"/>
      <v9 x="-44" y="0.85"/>
      <v10 x="-44" y="-2"/>
      <v11 x="-42.5" y="-5.15"/>
      <v12 x="-39.45" y="-8"/>
      <v13 x="39.4" y="-8"/>
    </p0>
  </body_39>
  <body_40 x="-967.8" y="-1945" rot="-90.0052" type="0" den="0" frc="0.4" rst="0" sens="false" geom="2" image="balk90" z="41" dx="0.5" dy="0.5">
    <p0>
      <v0 x="42.55" y="-5.15"/>
      <v1 x="44.05" y="-2"/>
      <v2 x="44.05" y="0.85"/>
      <v3 x="43.35" y="3.6"/>
      <v4 x="42.05" y="5.75"/>
      <v5 x="39.35" y="8"/>
      <v6 x="-40" y="8"/>
      <v7 x="-42" y="5.75"/>
      <v8 x="-43.3" y="3.6"/>
      <v9 x="-44" y="0.85"/>
      <v10 x="-44" y="-2"/>
      <v11 x="-42.5" y="-5.15"/>
      <v12 x="-39.45" y="-8"/>
      <v13 x="39.4" y="-8"/>
    </p0>
  </body_40>
  <body_41 x="-1141.65" y="-2268.2" rot="-90.0052" type="0" den="0" frc="0.4" rst="0" sens="false" geom="2" image="balk90_6_cut1" z="42" dx="0.5" dy="0.5">
    <p0>
      <v0 x="42.55" y="-5.15"/>
      <v1 x="44.05" y="-2"/>
      <v2 x="44.05" y="0.85"/>
      <v3 x="43.35" y="3.6"/>
      <v4 x="42.05" y="5.75"/>
      <v5 x="39.35" y="8"/>
      <v6 x="-40" y="8"/>
      <v7 x="-42" y="5.75"/>
      <v8 x="-43.3" y="3.6"/>
      <v9 x="-44" y="0.85"/>
      <v10 x="-44" y="-2"/>
      <v11 x="-42.5" y="-5.15"/>
      <v12 x="-39.45" y="-8"/>
      <v13 x="39.4" y="-8"/>
    </p0>
  </body_41>
  <body_42 x="-1016.15" y="-2232.2" rot="0" type="0" den="0" frc="0.4" rst="0" sens="false" geom="2" image="balk90" z="43" dx="0.5" dy="0.5">
    <p0>
      <v0 x="42.55" y="-5.15"/>
      <v1 x="44.05" y="-2"/>
      <v2 x="44.05" y="0.85"/>
      <v3 x="43.35" y="3.6"/>
      <v4 x="42.05" y="5.75"/>
      <v5 x="39.35" y="8"/>
      <v6 x="-40" y="8"/>
      <v7 x="-42" y="5.75"/>
      <v8 x="-43.3" y="3.6"/>
      <v9 x="-44" y="0.85"/>
      <v10 x="-44" y="-2"/>
      <v11 x="-42.5" y="-5.15"/>
      <v12 x="-39.45" y="-8"/>
      <v13 x="39.4" y="-8"/>
    </p0>
  </body_42>
  <body_43 x="-967.8" y="-2195.15" rot="-90.0052" type="0" den="0" frc="0.4" rst="0" sens="false" geom="2" image="balk90_31" z="44" dx="0.5" dy="0.5">
    <p0>
      <v0 x="42.55" y="-5.15"/>
      <v1 x="44.05" y="-2"/>
      <v2 x="44.05" y="0.85"/>
      <v3 x="43.35" y="3.6"/>
      <v4 x="42.05" y="5.75"/>
      <v5 x="39.35" y="8"/>
      <v6 x="-40" y="8"/>
      <v7 x="-42" y="5.75"/>
      <v8 x="-43.3" y="3.6"/>
      <v9 x="-44" y="0.85"/>
      <v10 x="-44" y="-2"/>
      <v11 x="-42.5" y="-5.15"/>
      <v12 x="-39.45" y="-8"/>
      <v13 x="39.4" y="-8"/>
    </p0>
  </body_43>
  <body_44 x="-1104.6" y="-2232.2" rot="0" type="0" den="0" frc="0.4" rst="0" sens="false" geom="2" image="balk90_5" z="45" dx="0.5" dy="0.5">
    <p0>
      <v0 x="42.55" y="-5.15"/>
      <v1 x="44.05" y="-2"/>
      <v2 x="44.05" y="0.85"/>
      <v3 x="43.35" y="3.6"/>
      <v4 x="42.05" y="5.75"/>
      <v5 x="39.35" y="8"/>
      <v6 x="-40" y="8"/>
      <v7 x="-42" y="5.75"/>
      <v8 x="-43.3" y="3.6"/>
      <v9 x="-44" y="0.85"/>
      <v10 x="-44" y="-2"/>
      <v11 x="-42.5" y="-5.15"/>
      <v12 x="-39.45" y="-8"/>
      <v13 x="39.4" y="-8"/>
    </p0>
  </body_44>
  <body_45 x="-967.8" y="-1867.4" rot="-90.0052" type="0" den="0" frc="0.4" rst="0" sens="false" geom="2" image="balk90_1" z="46" dx="0.5" dy="0.5">
    <p0>
      <v0 x="42.55" y="-5.15"/>
      <v1 x="44.05" y="-2"/>
      <v2 x="44.05" y="0.85"/>
      <v3 x="43.35" y="3.6"/>
      <v4 x="42.05" y="5.75"/>
      <v5 x="39.35" y="8"/>
      <v6 x="-40" y="8"/>
      <v7 x="-42" y="5.75"/>
      <v8 x="-43.3" y="3.6"/>
      <v9 x="-44" y="0.85"/>
      <v10 x="-44" y="-2"/>
      <v11 x="-42.5" y="-5.15"/>
      <v12 x="-39.45" y="-8"/>
      <v13 x="39.4" y="-8"/>
    </p0>
  </body_45>
  <body_46 x="716.7" y="-1832.5" rot="0" type="0" den="0" frc="0.4" rst="0" sens="false" geom="2" image="balk90" z="47" dx="0.5" dy="0.5">
    <p0>
      <v0 x="42.55" y="-5.15"/>
      <v1 x="44.05" y="-2"/>
      <v2 x="44.05" y="0.85"/>
      <v3 x="43.35" y="3.6"/>
      <v4 x="42.05" y="5.75"/>
      <v5 x="39.35" y="8"/>
      <v6 x="-40" y="8"/>
      <v7 x="-42" y="5.75"/>
      <v8 x="-43.3" y="3.6"/>
      <v9 x="-44" y="0.85"/>
      <v10 x="-44" y="-2"/>
      <v11 x="-42.5" y="-5.15"/>
      <v12 x="-39.45" y="-8"/>
      <v13 x="39.4" y="-8"/>
    </p0>
  </body_46>
  <body_47 x="593.05" y="-1785.35" rot="-89.9948" type="0" den="0" frc="0.4" rst="0" sens="false" geom="2" image="balk90" z="48" dx="0.5" dy="0.5">
    <p0>
      <v0 x="42.55" y="-5.15"/>
      <v1 x="44.05" y="-2"/>
      <v2 x="44.05" y="0.85"/>
      <v3 x="43.35" y="3.6"/>
      <v4 x="42.05" y="5.75"/>
      <v5 x="39.35" y="8"/>
      <v6 x="-40" y="8"/>
      <v7 x="-42" y="5.75"/>
      <v8 x="-43.3" y="3.6"/>
      <v9 x="-44" y="0.85"/>
      <v10 x="-44" y="-2"/>
      <v11 x="-42.5" y="-5.15"/>
      <v12 x="-39.45" y="-8"/>
      <v13 x="39.4" y="-8"/>
    </p0>
  </body_47>
  <body_48 x="629.7" y="-1832.5" rot="0" type="0" den="0" frc="0.4" rst="0" sens="false" geom="2" image="balk90_2" z="49" dx="0.5" dy="0.5">
    <p0>
      <v0 x="42.55" y="-5.15"/>
      <v1 x="44.05" y="-2"/>
      <v2 x="44.05" y="0.85"/>
      <v3 x="43.35" y="3.6"/>
      <v4 x="42.05" y="5.75"/>
      <v5 x="39.35" y="8"/>
      <v6 x="-40" y="8"/>
      <v7 x="-42" y="5.75"/>
      <v8 x="-43.3" y="3.6"/>
      <v9 x="-44" y="0.85"/>
      <v10 x="-44" y="-2"/>
      <v11 x="-42.5" y="-5.15"/>
      <v12 x="-39.45" y="-8"/>
      <v13 x="39.4" y="-8"/>
    </p0>
  </body_48>
  <body_49 x="593.05" y="-1707.5" rot="-89.9948" type="0" den="0" frc="0.4" rst="0" sens="false" geom="2" image="balk90_51" z="50" dx="0.5" dy="0.5">
    <p0>
      <v0 x="42.55" y="-5.15"/>
      <v1 x="44.05" y="-2"/>
      <v2 x="44.05" y="0.85"/>
      <v3 x="43.35" y="3.6"/>
      <v4 x="42.05" y="5.75"/>
      <v5 x="39.35" y="8"/>
      <v6 x="-40" y="8"/>
      <v7 x="-42" y="5.75"/>
      <v8 x="-43.3" y="3.6"/>
      <v9 x="-44" y="0.85"/>
      <v10 x="-44" y="-2"/>
      <v11 x="-42.5" y="-5.15"/>
      <v12 x="-39.45" y="-8"/>
      <v13 x="39.4" y="-8"/>
    </p0>
  </body_49>
  <body_50 x="-619.6" y="-2312.2" rot="0" type="0" den="0" frc="0.4" rst="0" sens="false" geom="2" image="balk90" z="60" dx="0.5" dy="0.5">
    <p0>
      <v0 x="42.55" y="-5.15"/>
      <v1 x="44.05" y="-2"/>
      <v2 x="44.05" y="0.85"/>
      <v3 x="43.35" y="3.6"/>
      <v4 x="42.05" y="5.75"/>
      <v5 x="39.35" y="8"/>
      <v6 x="-40" y="8"/>
      <v7 x="-42" y="5.75"/>
      <v8 x="-43.3" y="3.6"/>
      <v9 x="-44" y="0.85"/>
      <v10 x="-44" y="-2"/>
      <v11 x="-42.5" y="-5.15"/>
      <v12 x="-39.45" y="-8"/>
      <v13 x="39.4" y="-8"/>
    </p0>
  </body_50>
  <body_51 x="-549.2" y="-2341.7" rot="-45" type="0" den="0" frc="0.4" rst="0" sens="false" geom="2" image="balk90_6" z="61" dx="0.5" dy="0.5">
    <p0>
      <v0 x="42.55" y="-5.15"/>
      <v1 x="44.05" y="-2"/>
      <v2 x="44.05" y="0.85"/>
      <v3 x="43.35" y="3.6"/>
      <v4 x="42.05" y="5.75"/>
      <v5 x="39.35" y="8"/>
      <v6 x="-40" y="8"/>
      <v7 x="-42" y="5.75"/>
      <v8 x="-43.3" y="3.6"/>
      <v9 x="-44" y="0.85"/>
      <v10 x="-44" y="-2"/>
      <v11 x="-42.5" y="-5.15"/>
      <v12 x="-39.45" y="-8"/>
      <v13 x="39.4" y="-8"/>
    </p0>
  </body_51>
  <body_52 x="-582.1" y="-2319.55" rot="-22.5023" type="0" den="0" frc="0.4" rst="0" sens="false" geom="2" image="balk40_1" z="62" dx="0.5" dy="0.5">
    <p0>
      <v0 x="17.55" y="-5.15"/>
      <v1 x="19.05" y="-2"/>
      <v2 x="19.05" y="0.85"/>
      <v3 x="18.35" y="3.6"/>
      <v4 x="17.05" y="5.75"/>
      <v5 x="14.35" y="8"/>
      <v6 x="-15" y="8"/>
      <v7 x="-17" y="5.75"/>
      <v8 x="-18.3" y="3.6"/>
      <v9 x="-19" y="0.85"/>
      <v10 x="-19" y="-2"/>
      <v11 x="-17.5" y="-5.15"/>
      <v12 x="-14.45" y="-8"/>
      <v13 x="14.4" y="-8"/>
    </p0>
  </body_52>
  <body_53 x="-675.65" y="-2312.2" rot="0" type="0" den="0" frc="0.4" rst="0" sens="false" geom="2" image="balk90_1" z="63" dx="0.5" dy="0.5">
    <p0>
      <v0 x="42.55" y="-5.15"/>
      <v1 x="44.05" y="-2"/>
      <v2 x="44.05" y="0.85"/>
      <v3 x="43.35" y="3.6"/>
      <v4 x="42.05" y="5.75"/>
      <v5 x="39.35" y="8"/>
      <v6 x="-40" y="8"/>
      <v7 x="-42" y="5.75"/>
      <v8 x="-43.3" y="3.6"/>
      <v9 x="-44" y="0.85"/>
      <v10 x="-44" y="-2"/>
      <v11 x="-42.5" y="-5.15"/>
      <v12 x="-39.45" y="-8"/>
      <v13 x="39.4" y="-8"/>
    </p0>
  </body_53>
  <body_54 x="-395.65" y="-2569.4" rot="180" type="0" den="0" frc="0.4" rst="0" sens="false" geom="2" image="balk90_1_cut1" z="65" dx="0.5" dy="0.5">
    <p0>
      <v0 x="42.55" y="-5.15"/>
      <v1 x="44.05" y="-2"/>
      <v2 x="44.05" y="0.85"/>
      <v3 x="43.35" y="3.6"/>
      <v4 x="42.05" y="5.75"/>
      <v5 x="39.35" y="8"/>
      <v6 x="-40" y="8"/>
      <v7 x="-42" y="5.75"/>
      <v8 x="-43.3" y="3.6"/>
      <v9 x="-44" y="0.85"/>
      <v10 x="-44" y="-2"/>
      <v11 x="-42.5" y="-5.15"/>
      <v12 x="-39.45" y="-8"/>
      <v13 x="39.4" y="-8"/>
    </p0>
  </body_54>
  <body_55 x="-340.1" y="-2569.4" rot="180" type="0" den="0" frc="0.4" rst="0" sens="false" geom="2" image="balk90" z="66" dx="0.5" dy="0.5">
    <p0>
      <v0 x="42.55" y="-5.15"/>
      <v1 x="44.05" y="-2"/>
      <v2 x="44.05" y="0.85"/>
      <v3 x="43.35" y="3.6"/>
      <v4 x="42.05" y="5.75"/>
      <v5 x="39.35" y="8"/>
      <v6 x="-40" y="8"/>
      <v7 x="-42" y="5.75"/>
      <v8 x="-43.3" y="3.6"/>
      <v9 x="-44" y="0.85"/>
      <v10 x="-44" y="-2"/>
      <v11 x="-42.5" y="-5.15"/>
      <v12 x="-39.45" y="-8"/>
      <v13 x="39.4" y="-8"/>
    </p0>
  </body_55>
  <body_56 x="-269.2" y="-2539.65" rot="-135" type="0" den="0" frc="0.4" rst="0" sens="false" geom="2" image="balk90_1" z="67" dx="0.5" dy="0.5">
    <p0>
      <v0 x="42.55" y="-5.15"/>
      <v1 x="44.05" y="-2"/>
      <v2 x="44.05" y="0.85"/>
      <v3 x="43.35" y="3.6"/>
      <v4 x="42.05" y="5.75"/>
      <v5 x="39.35" y="8"/>
      <v6 x="-40" y="8"/>
      <v7 x="-42" y="5.75"/>
      <v8 x="-43.3" y="3.6"/>
      <v9 x="-44" y="0.85"/>
      <v10 x="-44" y="-2"/>
      <v11 x="-42.5" y="-5.15"/>
      <v12 x="-39.45" y="-8"/>
      <v13 x="39.4" y="-8"/>
    </p0>
  </body_56>
  <body_57 x="-301.7" y="-2561.95" rot="-157.9995" type="0" den="0" frc="0.4" rst="0" sens="false" geom="2" image="balk40_1" z="68" dx="0.5" dy="0.5">
    <p0>
      <v0 x="17.55" y="-5.15"/>
      <v1 x="19.05" y="-2"/>
      <v2 x="19.05" y="0.85"/>
      <v3 x="18.35" y="3.6"/>
      <v4 x="17.05" y="5.75"/>
      <v5 x="14.35" y="8"/>
      <v6 x="-15" y="8"/>
      <v7 x="-17" y="5.75"/>
      <v8 x="-18.3" y="3.6"/>
      <v9 x="-19" y="0.85"/>
      <v10 x="-19" y="-2"/>
      <v11 x="-17.5" y="-5.15"/>
      <v12 x="-14.45" y="-8"/>
      <v13 x="14.4" y="-8"/>
    </p0>
  </body_57>
  <body_58 x="-100.75" y="-2311.6" rot="0" type="0" den="0" frc="0.4" rst="0" sens="false" geom="2" image="balk90" z="70" dx="0.5" dy="0.5">
    <p0>
      <v0 x="42.55" y="-5.15"/>
      <v1 x="44.05" y="-2"/>
      <v2 x="44.05" y="0.85"/>
      <v3 x="43.35" y="3.6"/>
      <v4 x="42.05" y="5.75"/>
      <v5 x="39.35" y="8"/>
      <v6 x="-40" y="8"/>
      <v7 x="-42" y="5.75"/>
      <v8 x="-43.3" y="3.6"/>
      <v9 x="-44" y="0.85"/>
      <v10 x="-44" y="-2"/>
      <v11 x="-42.5" y="-5.15"/>
      <v12 x="-39.45" y="-8"/>
      <v13 x="39.4" y="-8"/>
    </p0>
  </body_58>
  <body_59 x="-30.35" y="-2341.1" rot="-45" type="0" den="0" frc="0.4" rst="0" sens="false" geom="2" image="balk90_6" z="71" dx="0.5" dy="0.5">
    <p0>
      <v0 x="42.55" y="-5.15"/>
      <v1 x="44.05" y="-2"/>
      <v2 x="44.05" y="0.85"/>
      <v3 x="43.35" y="3.6"/>
      <v4 x="42.05" y="5.75"/>
      <v5 x="39.35" y="8"/>
      <v6 x="-40" y="8"/>
      <v7 x="-42" y="5.75"/>
      <v8 x="-43.3" y="3.6"/>
      <v9 x="-44" y="0.85"/>
      <v10 x="-44" y="-2"/>
      <v11 x="-42.5" y="-5.15"/>
      <v12 x="-39.45" y="-8"/>
      <v13 x="39.4" y="-8"/>
    </p0>
  </body_59>
  <body_60 x="-62.85" y="-2318.75" rot="-22.5023" type="0" den="0" frc="0.4" rst="0" sens="false" geom="2" image="balk40_1" z="72" dx="0.5" dy="0.5">
    <p0>
      <v0 x="17.55" y="-5.15"/>
      <v1 x="19.05" y="-2"/>
      <v2 x="19.05" y="0.85"/>
      <v3 x="18.35" y="3.6"/>
      <v4 x="17.05" y="5.75"/>
      <v5 x="14.35" y="8"/>
      <v6 x="-15" y="8"/>
      <v7 x="-17" y="5.75"/>
      <v8 x="-18.3" y="3.6"/>
      <v9 x="-19" y="0.85"/>
      <v10 x="-19" y="-2"/>
      <v11 x="-17.5" y="-5.15"/>
      <v12 x="-14.45" y="-8"/>
      <v13 x="14.4" y="-8"/>
    </p0>
  </body_60>
  <body_61 x="-156.8" y="-2311.6" rot="0" type="0" den="0" frc="0.4" rst="0" sens="false" geom="2" image="balk90_1" z="73" dx="0.5" dy="0.5">
    <p0>
      <v0 x="42.55" y="-5.15"/>
      <v1 x="44.05" y="-2"/>
      <v2 x="44.05" y="0.85"/>
      <v3 x="43.35" y="3.6"/>
      <v4 x="42.05" y="5.75"/>
      <v5 x="39.35" y="8"/>
      <v6 x="-40" y="8"/>
      <v7 x="-42" y="5.75"/>
      <v8 x="-43.3" y="3.6"/>
      <v9 x="-44" y="0.85"/>
      <v10 x="-44" y="-2"/>
      <v11 x="-42.5" y="-5.15"/>
      <v12 x="-39.45" y="-8"/>
      <v13 x="39.4" y="-8"/>
    </p0>
  </body_61>
  <decor_1 x="322.3" y="-1640.75" rot="0" z="90" dx="0.5487" dy="0.4659" image="decor_5"/>
  <decor_2 x="-1260.15" y="-1354.7" rot="0" z="91" dx="0.5131" dy="0.4127" image="decor_3"/>
  <decor_3 x="-1184.1" y="-1372.75" rot="0" z="92" dx="0.5" dy="0.5" image="decor_2"/>
  <decor_4 x="-390.4" y="-1554.8" rot="0" z="93" dx="0.5131" dy="0.4127" image="decor_3"/>
  <decor_5 x="-1118.1" y="-2202.85" rot="0" z="94" dx="0.5487" dy="0.4659" image="decor_5"/>
  <decor_6 x="-986.05" y="-2008" rot="90" z="95" dx="0.5" dy="0.5" image="decor_2"/>
  <decor_7 x="-158.1" y="-2293.85" rot="0" z="96" dx="0.5" dy="0.5" image="decor_2"/>
  <decor_8 x="-999.6" y="-2194.25" rot="90" z="97" dx="0.4975" dy="0.5511" image="decor_4"/>
  <decor_9 x="536.8" y="-1633.5" rot="0" z="98" dx="0.5131" dy="0.4127" image="decor_3"/>
  <decor_10 x="811.35" y="-1814.35" rot="0" z="99" dx="0.5" dy="0.5" image="decor_2"/>
  <decor_11 x="-403.55" y="-2587.4" rot="180" z="100" dx="0.5" dy="0.5" image="decor_2"/>
  <decor_12 x="630.8" y="-1800.9" rot="0" z="101" dx="0.4975" dy="0.5511" image="decor_4"/>
  <decor_13 x="115.5" y="-2587.15" rot="180" z="102" dx="0.5" dy="0.5" image="decor_2"/>
  <body_62 x="124.25" y="-2569.4" rot="180" type="0" den="0" frc="0.4" rst="0" sens="false" geom="2" image="balk90_1_cut1" z="103" dx="0.5" dy="0.5">
    <p0>
      <v0 x="42.55" y="-5.15"/>
      <v1 x="44.05" y="-2"/>
      <v2 x="44.05" y="0.85"/>
      <v3 x="43.35" y="3.6"/>
      <v4 x="42.05" y="5.75"/>
      <v5 x="39.35" y="8"/>
      <v6 x="-40" y="8"/>
      <v7 x="-42" y="5.75"/>
      <v8 x="-43.3" y="3.6"/>
      <v9 x="-44" y="0.85"/>
      <v10 x="-44" y="-2"/>
      <v11 x="-42.5" y="-5.15"/>
      <v12 x="-39.45" y="-8"/>
      <v13 x="39.4" y="-8"/>
    </p0>
  </body_62>
  <body_63 x="179.8" y="-2569.4" rot="180" type="0" den="0" frc="0.4" rst="0" sens="false" geom="2" image="balk90" z="104" dx="0.5" dy="0.5">
    <p0>
      <v0 x="42.55" y="-5.15"/>
      <v1 x="44.05" y="-2"/>
      <v2 x="44.05" y="0.85"/>
      <v3 x="43.35" y="3.6"/>
      <v4 x="42.05" y="5.75"/>
      <v5 x="39.35" y="8"/>
      <v6 x="-40" y="8"/>
      <v7 x="-42" y="5.75"/>
      <v8 x="-43.3" y="3.6"/>
      <v9 x="-44" y="0.85"/>
      <v10 x="-44" y="-2"/>
      <v11 x="-42.5" y="-5.15"/>
      <v12 x="-39.45" y="-8"/>
      <v13 x="39.4" y="-8"/>
    </p0>
  </body_63>
  <body_64 x="250.7" y="-2539.65" rot="-135" type="0" den="0" frc="0.4" rst="0" sens="false" geom="2" image="balk90_1" z="105" dx="0.5" dy="0.5">
    <p0>
      <v0 x="42.55" y="-5.15"/>
      <v1 x="44.05" y="-2"/>
      <v2 x="44.05" y="0.85"/>
      <v3 x="43.35" y="3.6"/>
      <v4 x="42.05" y="5.75"/>
      <v5 x="39.35" y="8"/>
      <v6 x="-40" y="8"/>
      <v7 x="-42" y="5.75"/>
      <v8 x="-43.3" y="3.6"/>
      <v9 x="-44" y="0.85"/>
      <v10 x="-44" y="-2"/>
      <v11 x="-42.5" y="-5.15"/>
      <v12 x="-39.45" y="-8"/>
      <v13 x="39.4" y="-8"/>
    </p0>
  </body_64>
  <body_65 x="218.2" y="-2561.95" rot="-157.9995" type="0" den="0" frc="0.4" rst="0" sens="false" geom="2" image="balk40_1" z="106" dx="0.5" dy="0.5">
    <p0>
      <v0 x="17.55" y="-5.15"/>
      <v1 x="19.05" y="-2"/>
      <v2 x="19.05" y="0.85"/>
      <v3 x="18.35" y="3.6"/>
      <v4 x="17.05" y="5.75"/>
      <v5 x="14.35" y="8"/>
      <v6 x="-15" y="8"/>
      <v7 x="-17" y="5.75"/>
      <v8 x="-18.3" y="3.6"/>
      <v9 x="-19" y="0.85"/>
      <v10 x="-19" y="-2"/>
      <v11 x="-17.5" y="-5.15"/>
      <v12 x="-14.45" y="-8"/>
      <v13 x="14.4" y="-8"/>
    </p0>
  </body_65>
  <body_66 x="616.9" y="-2269.95" rot="0" type="0" den="0" frc="0.4" rst="0" sens="false" geom="1" image="balkSnail" z="107" dx="0.0006" dy="0.996">
    <v0 x="372.6" y="98.2"/>
    <v1 x="397.35" y="147.75"/>
    <v2 x="407.6" y="202.65"/>
    <v3 x="406.7" y="252.2"/>
    <v4 x="398.65" y="296.9"/>
    <v5 x="374.2" y="350.85"/>
    <v6 x="334.2" y="400"/>
    <v7 x="290.7" y="429.15"/>
    <v8 x="249.5" y="442.5"/>
    <v9 x="226.7" y="444.95"/>
    <v10 x="225.95" y="429.85"/>
    <v11 x="261.8" y="422.3"/>
    <v12 x="295.85" y="407"/>
    <v13 x="332.85" y="378.15"/>
    <v14 x="365.4" y="337.7"/>
    <v15 x="384.4" y="293.75"/>
    <v16 x="393.3" y="243.75"/>
    <v17 x="391.3" y="190.25"/>
    <v18 x="379.35" y="144.95"/>
    <v19 x="356.8" y="103.6"/>
    <v20 x="323.55" y="67.7"/>
    <v21 x="277" y="36.75"/>
    <v22 x="235.15" y="20.55"/>
    <v23 x="190.55" y="14.6"/>
    <v24 x="143.95" y="20.5"/>
    <v25 x="101.25" y="38.15"/>
    <v26 x="65.15" y="67"/>
    <v27 x="36.55" y="108.7"/>
    <v28 x="21.1" y="157.5"/>
    <v29 x="19.35" y="207.6"/>
    <v30 x="32.2" y="259.85"/>
    <v31 x="60" y="304"/>
    <v32 x="98.35" y="334.55"/>
    <v33 x="143.6" y="350.75"/>
    <v34 x="189.15" y="354.35"/>
    <v35 x="233.8" y="345.95"/>
    <v36 x="272.95" y="324.25"/>
    <v37 x="299.35" y="295.3"/>
    <v38 x="315.5" y="260.3"/>
    <v39 x="318.5" y="222.45"/>
    <v40 x="309.6" y="183.9"/>
    <v41 x="289.95" y="149.7"/>
    <v42 x="259.65" y="122.4"/>
    <v43 x="220.3" y="103.05"/>
    <v44 x="180.25" y="98.2"/>
    <v45 x="148" y="106.65"/>
    <v46 x="120" y="126.45"/>
    <v47 x="101.95" y="156.45"/>
    <v48 x="95.35" y="189.35"/>
    <v49 x="98.85" y="224.25"/>
    <v50 x="114.1" y="249"/>
    <v51 x="136.95" y="264.6"/>
    <v52 x="165.95" y="272"/>
    <v53 x="190.3" y="272.5"/>
    <v54 x="213.6" y="262"/>
    <v55 x="231.25" y="242.55"/>
    <v56 x="235.25" y="222.4"/>
    <v57 x="229.6" y="200"/>
    <v58 x="217.3" y="188.65"/>
    <v59 x="200" y="183.55"/>
    <v60 x="183.2" y="183.1"/>
    <v61 x="174.15" y="183.85"/>
    <v62 x="167.8" y="178.85"/>
    <v63 x="168.95" y="171.2"/>
    <v64 x="176.25" y="166.35"/>
    <v65 x="196.1" y="164.1"/>
    <v66 x="217.1" y="168.85"/>
    <v67 x="237.2" y="182.25"/>
    <v68 x="245.8" y="200"/>
    <v69 x="249.2" y="223.45"/>
    <v70 x="244.2" y="247.65"/>
    <v71 x="227.3" y="269.5"/>
    <v72 x="205.3" y="282.35"/>
    <v73 x="193.9" y="286.05"/>
    <v74 x="157.15" y="285.3"/>
    <v75 x="131.8" y="278.1"/>
    <v76 x="107.2" y="262"/>
    <v77 x="88.8" y="235.85"/>
    <v78 x="79.7" y="200"/>
    <v79 x="81.85" y="165"/>
    <v80 x="94.25" y="132.1"/>
    <v81 x="113" y="108.85"/>
    <v82 x="141.2" y="91.75"/>
    <v83 x="179.1" y="82.2"/>
    <v84 x="211.1" y="83.65"/>
    <v85 x="244.3" y="93.8"/>
    <v86 x="277.55" y="113.65"/>
    <v87 x="305.45" y="140.15"/>
    <v88 x="323.6" y="171.25"/>
    <v89 x="332.8" y="205.8"/>
    <v90 x="333.4" y="242.45"/>
    <v91 x="326.5" y="275.45"/>
    <v92 x="310.9" y="308.25"/>
    <v93 x="285.8" y="337.05"/>
    <v94 x="251.5" y="358.5"/>
    <v95 x="210.95" y="369.9"/>
    <v96 x="173.1" y="370.95"/>
    <v97 x="130.25" y="363.8"/>
    <v98 x="88.6" y="347.25"/>
    <v99 x="54.2" y="321.85"/>
    <v100 x="24.3" y="282.75"/>
    <v101 x="4.8" y="232.8"/>
    <v102 x="0" y="181.6"/>
    <v103 x="8.45" y="131.7"/>
    <v104 x="26.95" y="89.35"/>
    <v105 x="61.55" y="46.9"/>
    <v106 x="105.6" y="17.25"/>
    <v107 x="155.3" y="1.5"/>
    <v108 x="210.1" y="0"/>
    <v109 x="258.5" y="12"/>
    <v110 x="305.3" y="34.9"/>
    <v111 x="341.35" y="61.75"/>
  </body_66>
  <body_67 x="799.75" y="-1832.5" rot="0" type="0" den="0" frc="0.4" rst="0" sens="false" geom="2" image="balk90" z="108" dx="0.5" dy="0.5">
    <p0>
      <v0 x="42.55" y="-5.15"/>
      <v1 x="44.05" y="-2"/>
      <v2 x="44.05" y="0.85"/>
      <v3 x="43.35" y="3.6"/>
      <v4 x="42.05" y="5.75"/>
      <v5 x="39.35" y="8"/>
      <v6 x="-40" y="8"/>
      <v7 x="-42" y="5.75"/>
      <v8 x="-43.3" y="3.6"/>
      <v9 x="-44" y="0.85"/>
      <v10 x="-44" y="-2"/>
      <v11 x="-42.5" y="-5.15"/>
      <v12 x="-39.45" y="-8"/>
      <v13 x="39.4" y="-8"/>
    </p0>
  </body_67>
  <playerBall x="-1200" y="-1539" rot="0" type="2" den="1" frc="0.15" rst="0" sens="false" geom="0" z="23" dx="0.4824" dy="0.3283" category="100" mask="65533">
    <radius>40</radius>
  </playerBall>
  <beginTeleport x="-1200" y="-1539" rot="0" z="21" dx="0.5" dy="0.5"/>
  <star1 x="-920.15" y="-1520" rot="0" type="0" den="0" frc="0" rst="0" sens="true" geom="0" z="50" dx="0.494" dy="0.5008">
    <radius>20</radius>
  </star1>
  <star2 x="-400.15" y="-1619.9" rot="0" type="0" den="0" frc="0" rst="0" sens="true" geom="0" z="50" dx="0.494" dy="0.5008">
    <radius>20</radius>
  </star2>
  <star3 x="-660.15" y="-1660" rot="0" type="0" den="0" frc="0" rst="0" sens="true" geom="0" z="50" dx="0.494" dy="0.5008">
    <radius>20</radius>
  </star3>
  <star4 x="-236.4" y="-1722.85" rot="0" type="0" den="0" frc="0" rst="0" sens="true" geom="0" z="50" dx="0.494" dy="0.5008">
    <radius>20</radius>
  </star4>
  <star5 x="18.85" y="-1860.35" rot="0" type="0" den="0" frc="0" rst="0" sens="true" geom="0" z="50" dx="0.494" dy="0.5008">
    <radius>20</radius>
  </star5>
  <star6 x="320" y="-1859.85" rot="0" type="0" den="0" frc="0" rst="0" sens="true" geom="0" z="50" dx="0.494" dy="0.5008">
    <radius>20</radius>
  </star6>
  <star7 x="559" y="-1701.85" rot="0" type="0" den="0" frc="0" rst="0" sens="true" geom="0" z="50" dx="0.494" dy="0.5008">
    <radius>20</radius>
  </star7>
  <star8 x="-940.15" y="-2080.7" rot="0" type="0" den="0" frc="0" rst="0" sens="true" geom="0" z="50" dx="0.494" dy="0.5008">
    <radius>20</radius>
  </star8>
  <star9 x="-940.15" y="-2204.35" rot="0" type="0" den="0" frc="0" rst="0" sens="true" geom="0" z="50" dx="0.494" dy="0.5008">
    <radius>20</radius>
  </star9>
  <star10 x="-660.75" y="-2340.7" rot="0" type="0" den="0" frc="0" rst="0" sens="true" geom="0" z="50" dx="0.494" dy="0.5008">
    <radius>20</radius>
  </star10>
  <star11 x="-380.75" y="-2540.9" rot="0" type="0" den="0" frc="0" rst="0" sens="true" geom="0" z="50" dx="0.494" dy="0.4992">
    <radius>20</radius>
  </star11>
  <star12 x="-141.9" y="-2340.1" rot="0" type="0" den="0" frc="0" rst="0" sens="true" geom="0" z="50" dx="0.494" dy="0.5008">
    <radius>20</radius>
  </star12>
  <star13 x="139.1" y="-2540.5" rot="0" type="0" den="0" frc="0" rst="0" sens="true" geom="0" z="50" dx="0.494" dy="0.4992">
    <radius>20</radius>
  </star13>
  <star14 x="279.85" y="-2440" rot="0" type="0" den="0" frc="0" rst="0" sens="true" geom="0" z="50" dx="0.494" dy="0.5008">
    <radius>20</radius>
  </star14>
  <star15 x="439.85" y="-2238.35" rot="0" type="0" den="0" frc="0" rst="0" sens="true" geom="0" z="50" dx="0.494" dy="0.5008">
    <radius>20</radius>
  </star15>
  <star16 x="561" y="-2040" rot="0" type="0" den="0" frc="0" rst="0" sens="true" geom="0" z="50" dx="0.494" dy="0.5008">
    <radius>20</radius>
  </star16>
  <star17 x="813.25" y="-1870" rot="0" type="0" den="0" frc="0" rst="0" sens="true" geom="0" z="50" dx="0.494" dy="0.5008">
    <radius>20</radius>
  </star17>
  <star18 x="967.4" y="-1974.95" rot="0" type="0" den="0" frc="0" rst="0" sens="true" geom="0" z="50" dx="0.494" dy="0.5008">
    <radius>20</radius>
  </star18>
  <star19 x="954.6" y="-2140.15" rot="0" type="0" den="0" frc="0" rst="0" sens="true" geom="0" z="50" dx="0.494" dy="0.5008">
    <radius>20</radius>
  </star19>
  <star20 x="790.2" y="-2221.05" rot="0" type="0" den="0" frc="0" rst="0" sens="true" geom="0" z="50" dx="0.494" dy="0.5008">
    <radius>20</radius>
  </star20>
  <star21 x="695.9" y="-2173.1" rot="0" type="0" den="0" frc="0" rst="0" sens="true" geom="0" z="50" dx="0.494" dy="0.5008">
    <radius>20</radius>
  </star21>
  <star22 x="706.2" y="-1981.15" rot="0" type="0" den="0" frc="0" rst="0" sens="true" geom="0" z="50" dx="0.494" dy="0.5008">
    <radius>20</radius>
  </star22>
  <star23 x="867.3" y="-1968.35" rot="0" type="0" den="0" frc="0" rst="0" sens="true" geom="0" z="50" dx="0.494" dy="0.5008">
    <radius>20</radius>
  </star23>
  <star24 x="853.7" y="-2124.2" rot="0" type="0" den="0" frc="0" rst="0" sens="true" geom="0" z="50" dx="0.494" dy="0.5008">
    <radius>20</radius>
  </star24>
  <star25 x="760.95" y="-2119.05" rot="0" type="0" den="0" frc="0" rst="0" sens="true" geom="0" z="50" dx="0.494" dy="0.5008">
    <radius>20</radius>
  </star25>
  <star26 x="-559.4" y="-1999.55" rot="0" type="0" den="0" frc="0" rst="0" sens="true" geom="0" z="50" dx="0.494" dy="0.5008">
    <radius>20</radius>
  </star26>
  <star27 x="-760.15" y="-2100.7" rot="0" type="0" den="0" frc="0" rst="0" sens="true" geom="0" z="50" dx="0.494" dy="0.5008">
    <radius>20</radius>
  </star27>
  <winTeleport x="801.7" y="-2042.25" rot="0" type="0" den="0" frc="0" rst="0" sens="true" geom="0" z="1" dx="0.5" dy="0.5">
    <radius>50</radius>
  </winTeleport>
  <precipice1 x="0" y="0" rot="0" type="0" den="0" frc="0" rst="0" sens="true" geom="2">
    <p0>
      <v0 x="1200" y="-1600"/>
      <v1 x="1200" y="-1200"/>
      <v2 x="-960" y="-1320"/>
      <v3 x="-480" y="-1520"/>
      <v4 x="280" y="-1600"/>
    </p0>
    <p1>
      <v0 x="-960" y="-1320"/>
      <v1 x="1200" y="-1200"/>
      <v2 x="-1480" y="-1200"/>
      <v3 x="-1480" y="-1320"/>
    </p1>
  </precipice1>
</level_55>