<level_71>
  <checkPoints>
    <p0 x="1635" y="-737"/>
    <p1 x="3480" y="-351"/>
  </checkPoints>
  <viewPoints>
    <p0 x="1530.8" f="0.4" h="-570"/>
    <p1 x="3050" f="0.4" h="-570"/>
    <p2 x="3270" f="0.5" h="-460"/>
    <p3 x="4500.6" f="0.5" h="-460"/>
  </viewPoints>
  <joints/>
  <frame x="1530.8" y="-780.1" w="2969.8" h="571.6"/>
  <frameLeft x="0" y="0" rot="0" type="0" den="0" frc="0" rst="0" sens="false" geom="1" category="65535" mask="65535">
    <v0 x="1530.8" y="-780.1"/>
    <v1 x="1530.8" y="-208.5"/>
  </frameLeft>
  <frameRight x="0" y="0" rot="0" type="0" den="0" frc="0" rst="0" sens="false" geom="1" category="65535" mask="65239">
    <v0 x="4500.6" y="-208.5"/>
    <v1 x="4500.6" y="-780.1"/>
  </frameRight>
  <decor_1 x="2234.5" y="-476.15" rot="0" z="37" dx="0.5" dy="0.499" sx="1.2767" sy="1.2767" image="backStones"/>
  <decor_2 x="1672.55" y="-477.95" rot="0" z="38" dx="0.5" dy="0.499" sx="1.2767" sy="1.2767" image="backStones"/>
  <decor_3 x="2532.6" y="-532.7" rot="0" z="39" dx="0.5" dy="0.499" sx="1.2767" sy="1.2767" image="backStones"/>
  <decor_4 x="2124.8" y="-470.1" rot="0" z="40" dx="0.5" dy="0.499" sx="0.8943" sy="0.8943" image="backStones"/>
  <decor_5 x="2334" y="-463.05" rot="0" z="41" dx="0.5" dy="0.4988" sx="0.7501" sy="0.7501" image="backStones"/>
  <decor_6 x="2863.8" y="-562.35" rot="0" z="42" dx="0.5" dy="0.4991" sx="0.9973" sy="0.9973" image="backStones"/>
  <decor_7 x="1786.1" y="-465.15" rot="0" z="43" dx="0.5" dy="0.499" sx="0.8943" sy="0.8943" image="backStones"/>
  <decor_8 x="1956" y="-467.2" rot="0" z="44" dx="0.5" dy="0.499" sx="0.8943" sy="0.8943" image="backStones"/>
  <decor_9 x="3221.6" y="-550.55" rot="0" z="45" dx="0.5" dy="0.499" sx="0.8272" sy="0.8272" image="backStones"/>
  <decor_10 x="3475.6" y="-354.2" rot="0" z="46" dx="0.5" dy="0.4986" sx="0.636" sy="0.636" image="backStones"/>
  <decor_11 x="3079" y="-562.35" rot="0" z="47" dx="0.5" dy="0.4991" sx="0.9973" sy="0.9973" image="backStones"/>
  <decor_12 x="3406.05" y="-340.5" rot="0" z="48" dx="0.5" dy="0.4986" sx="0.636" sy="0.636" image="backStones"/>
  <decor_13 x="2756.4" y="-558.95" rot="0" z="49" dx="0.5" dy="0.499" sx="0.8791" sy="0.8791" image="backStones"/>
  <decor_14 x="3625.9" y="-350.9" rot="0" z="50" dx="0.5" dy="0.4991" sx="0.9973" sy="0.9973" image="backStones"/>
  <decor_15 x="3766" y="-590.35" rot="0" z="51" dx="0.5" dy="0.4991" sx="0.9973" sy="0.9973" image="backStones"/>
  <decor_16 x="3898.1" y="-346" rot="0" z="52" dx="0.5" dy="0.499" sx="0.8272" sy="0.8272" image="backStones"/>
  <decor_17 x="4202.6" y="-350.9" rot="0" z="53" dx="0.5" dy="0.4991" sx="0.9973" sy="0.9973" image="backStones"/>
  <decor_18 x="4394.4" y="-340.5" rot="0" z="54" dx="0.5" dy="0.4986" sx="0.636" sy="0.636" image="backStones"/>
  <decor_19 x="3311.75" y="-249.9" rot="134.9996" z="55" dx="0.5" dy="0.5" sx="1" sy="0.6958" image="backWood"/>
  <decor_20 x="3311.75" y="-485.7" rot="134.9996" z="56" dx="0.5" dy="0.5" sx="1" sy="0.6958" image="backWood"/>
  <decor_21 x="3313.75" y="-482.4" rot="44.9996" z="57" dx="0.5" dy="0.5" sx="1" sy="0.6958" image="backWood"/>
  <decor_22 x="3311.75" y="-371.7" rot="134.9996" z="58" dx="0.5" dy="0.5" sx="1" sy="0.6958" image="backWood"/>
  <decor_23 x="3313.75" y="-368.4" rot="44.9996" z="59" dx="0.5" dy="0.5" sx="1" sy="0.6958" image="backWood"/>
  <decor_24 x="3313.75" y="-246.6" rot="44.9996" z="60" dx="0.5" dy="0.5" sx="1" sy="0.6958" image="backWood"/>
  <decor_25 x="3309.6" y="-314.85" rot="90" z="61" dx="0.5" dy="0.5" sx="1" sy="0.5465" image="backWood"/>
  <decor_26 x="1638.2" y="-691.8" rot="90" z="62" dx="0.5" dy="0.5" sx="1" sy="0.5645" image="backWood"/>
  <decor_27 x="1635" y="-619.8" rot="135.9187" z="63" dx="0.5" dy="0.5" sx="1" sy="0.6722" image="backWood"/>
  <decor_28 x="1636.8" y="-763.8" rot="135.9187" z="64" dx="0.5" dy="0.5" sx="1" sy="0.6722" image="backWood"/>
  <decor_29 x="1636.8" y="-763.8" rot="45.9187" z="65" dx="0.5" dy="0.5" sx="1" sy="0.6722" image="backWood"/>
  <decor_30 x="1635.45" y="-618.5" rot="45.9187" z="66" dx="0.5" dy="0.5" sx="1" sy="0.6722" image="backWood"/>
  <decor_31 x="1694.15" y="-493.15" rot="0" z="67" dx="0.5" dy="0.5" sx="1" sy="0.4477" image="backWood"/>
  <decor_32 x="2475.05" y="-557.45" rot="0" z="68" dx="0.5" dy="0.5" sx="1" sy="0.5096" image="backWood"/>
  <decor_33 x="2599.55" y="-559.9" rot="0" z="69" dx="0.5" dy="0.5" sx="1" sy="0.4576" image="backWood"/>
  <decor_34 x="2776.3" y="-616.15" rot="49.1001" z="70" dx="0.5" dy="0.5" sx="0.9999" sy="0.9766" image="backWood"/>
  <decor_35 x="2782.05" y="-615.9" rot="-48.1859" z="71" dx="0.5" dy="0.5" sx="1" sy="0.9767" image="backWood"/>
  <decor_36 x="2865.35" y="-613" rot="0" z="72" dx="0.5" dy="0.5" sx="1" sy="0.712" image="backWood"/>
  <decor_37 x="1891.25" y="-527.3" rot="131.7562" z="73" dx="0.5" dy="0.5" sx="0.9999" sy="1.1523" image="backWood"/>
  <decor_38 x="1638.2" y="-549.2" rot="90" z="74" dx="0.5" dy="0.5" sx="1" sy="0.5645" image="backWood"/>
  <decor_39 x="2251.25" y="-527.3" rot="131.8359" z="75" dx="0.5" dy="0.5" sx="0.9982" sy="1.0982" image="backWood"/>
  <decor_40 x="2244.7" y="-524.85" rot="47.8564" z="76" dx="0.5" dy="0.5" sx="0.9999" sy="1.094" image="backWood"/>
  <decor_41 x="2339.9" y="-525.15" rot="0" z="77" dx="0.5" dy="0.5" sx="1" sy="0.6888" image="backWood"/>
  <decor_42 x="2159.9" y="-525.15" rot="0" z="78" dx="0.5" dy="0.5" sx="1" sy="0.6888" image="backWood"/>
  <decor_43 x="1884.7" y="-524.85" rot="47.8564" z="79" dx="0.5" dy="0.5" sx="0.9999" sy="1.094" image="backWood"/>
  <decor_44 x="1979.9" y="-525.15" rot="0" z="80" dx="0.5" dy="0.5" sx="1" sy="0.6888" image="backWood"/>
  <decor_45 x="3309.6" y="-430.65" rot="90" z="81" dx="0.5" dy="0.5" sx="1" sy="0.5465" image="backWood"/>
  <decor_46 x="3374.65" y="-373.85" rot="0" z="82" dx="0.5" dy="0.5" sx="1" sy="0.5191" image="backWood"/>
  <decor_47 x="3618.9" y="-631.2" rot="-54.2743" z="83" dx="0.5" dy="0.5" sx="1" sy="0.9184" image="backWood"/>
  <decor_48 x="3614.4" y="-389" rot="-123.3073" z="84" dx="0.5" dy="0.5" sx="0.9999" sy="0.9183" image="backWood"/>
  <decor_49 x="3615.4" y="-385.35" rot="-59.9634" z="85" dx="0.5" dy="0.5" sx="0.9999" sy="0.9184" image="backWood"/>
  <decor_50 x="3618.9" y="-502.05" rot="-54.2743" z="86" dx="0.5" dy="0.5" sx="1" sy="0.9184" image="backWood"/>
  <decor_51 x="3921.45" y="-384.75" rot="-58.9698" z="87" dx="0.5" dy="0.5" sx="1" sy="0.9184" image="backWood"/>
  <decor_52 x="3920.35" y="-385.75" rot="-123.0286" z="88" dx="0.5" dy="0.5" sx="0.9999" sy="0.9183" image="backWood"/>
  <decor_53 x="3914.25" y="-502.05" rot="-54.2743" z="89" dx="0.5" dy="0.5" sx="1" sy="0.9184" image="backWood"/>
  <decor_54 x="3619.05" y="-502" rot="-129.2739" z="90" dx="0.5" dy="0.5" sx="1" sy="0.9183" image="backWood"/>
  <decor_55 x="3914.4" y="-502" rot="-129.2739" z="91" dx="0.5" dy="0.5" sx="1" sy="0.9183" image="backWood"/>
  <decor_56 x="3529.6" y="-534.85" rot="0" z="92" dx="0.5" dy="0.5" sx="1" sy="0.7174" image="backWood"/>
  <decor_57 x="3315.9" y="-539.65" rot="-90" z="93" dx="0.5" dy="0.5" sx="1" sy="0.4464" image="backWood"/>
  <decor_58 x="3619.1" y="-631.1" rot="-129.331" z="94" dx="0.5" dy="0.5" sx="0.9983" sy="0.8486" image="backWood"/>
  <decor_59 x="3621.05" y="-558.1" rot="-90" z="95" dx="0.5" dy="0.5" sx="1" sy="0.795" image="backWood"/>
  <decor_60 x="1789.4" y="-493.15" rot="0" z="96" dx="0.5" dy="0.5" sx="1" sy="0.4477" image="backWood"/>
  <decor_61 x="2689.55" y="-588.1" rot="0" z="97" dx="0.5" dy="0.5" sx="1" sy="0.4576" image="backWood"/>
  <decor_62 x="3168.1" y="-616.15" rot="49.1001" z="98" dx="0.5" dy="0.5" sx="0.9999" sy="0.9766" image="backWood"/>
  <decor_63 x="3173.85" y="-615.9" rot="-48.1859" z="99" dx="0.5" dy="0.5" sx="1" sy="0.9767" image="backWood"/>
  <decor_64 x="3257.15" y="-613" rot="0" z="100" dx="0.5" dy="0.5" sx="1" sy="0.712" image="backWood"/>
  <decor_65 x="3081.35" y="-616.15" rot="0" z="101" dx="0.5" dy="0.5" sx="1" sy="0.7155" image="backWood"/>
  <decor_66 x="3528.25" y="-373.85" rot="0" z="102" dx="0.5" dy="0.5" sx="1" sy="0.5191" image="backWood"/>
  <decor_67 x="3621.05" y="-436.9" rot="-90" z="103" dx="0.5" dy="0.5" sx="1" sy="0.795" image="backWood"/>
  <decor_68 x="3914.25" y="-631.2" rot="-54.2743" z="104" dx="0.5" dy="0.5" sx="1" sy="0.9184" image="backWood"/>
  <decor_69 x="3915.05" y="-558.1" rot="-90" z="105" dx="0.5" dy="0.5" sx="1" sy="0.795" image="backWood"/>
  <decor_70 x="3915.05" y="-436.9" rot="-90" z="106" dx="0.5" dy="0.5" sx="1" sy="0.795" image="backWood"/>
  <decor_71 x="3830.2" y="-631.6" rot="0" z="107" dx="0.5" dy="0.5" sx="1" sy="0.5835" image="backWood"/>
  <decor_72 x="4158.85" y="-379.9" rot="0" z="108" dx="0.5" dy="0.5" sx="1" sy="0.4673" image="backWood"/>
  <decor_73 x="4275.25" y="-379.9" rot="0" z="109" dx="0.5" dy="0.5" sx="1" sy="0.4673" image="backWood"/>
  <decor_74 x="4340.05" y="-379.9" rot="0" z="110" dx="0.5" dy="0.5" sx="1" sy="0.4673" image="backWood"/>
  <decor_75 x="4275.25" y="-513" rot="0" z="111" dx="0.5" dy="0.5" sx="1" sy="0.5878" image="backWood"/>
  <decor_76 x="4340.05" y="-513" rot="0" z="112" dx="0.5" dy="0.5" sx="1" sy="0.5878" image="backWood"/>
  <decor_77 x="4222.25" y="-436.9" rot="-90" z="113" dx="0.5" dy="0.5" sx="1" sy="0.5638" image="backWood"/>
  <decor_78 x="4393.25" y="-436.9" rot="-90" z="114" dx="0.5" dy="0.5" sx="1" sy="0.5638" image="backWood"/>
  <decor_79 x="3704.2" y="-631.6" rot="0" z="115" dx="0.5" dy="0.5" sx="1" sy="0.5835" image="backWood"/>
  <decor_80 x="4005.85" y="-379.9" rot="0" z="116" dx="0.5" dy="0.5" sx="1" sy="0.4673" image="backWood"/>
  <decor_81 x="3914.4" y="-631.15" rot="-129.2739" z="117" dx="0.5" dy="0.5" sx="1" sy="0.9183" image="backWood"/>
  <decor_82 x="3212.65" y="-689.75" rot="0" z="118" dx="0.5" dy="0.9569" sx="1" sy="1" image="bat_0004"/>
  <decor_83 x="1805.1" y="-458.05" rot="0" z="119" dx="0.6288" dy="0.003" sx="1" sy="1" image="dangerPlate"/>
  <decor_84 x="3340.55" y="-655" rot="0" z="120" dx="0.7338" dy="0.4919" sx="1" sy="1" image="spiderNetA"/>
  <decor_85 x="4304.45" y="-533.6" rot="0" z="121" dx="0.5036" dy="0.0217" sx="1" sy="1" image="chainB"/>
  <decor_86 x="2162.9" y="-600.5" rot="0" z="122" dx="0.5" dy="0.9569" sx="1" sy="1" image="bat_0004"/>
  <decor_87 x="3751.3" y="-701.3" rot="0" z="123" dx="0.5054" dy="0.8987" sx="1" sy="1" image="chainA"/>
  <decor_88 x="3824.9" y="-648.55" rot="0" z="124" dx="0.5036" dy="0.0217" sx="1" sy="1" image="chainB"/>
  <decor_89 x="2531.8" y="-562" rot="0" z="125" dx="0.5036" dy="0.0217" sx="1" sy="1" image="chainB"/>
  <decor_90 x="2599.8" y="-598.95" rot="0" z="126" dx="0.5054" dy="0.8987" sx="1" sy="1" image="chainA"/>
  <decor_91 x="2462.5" y="-609.5" rot="0" z="127" dx="0.5054" dy="0.8987" sx="1" sy="1" image="chainA"/>
  <decor_92 x="4240.15" y="-566.4" rot="0" z="128" dx="0.5054" dy="0.8987" sx="1" sy="1" image="chainA"/>
  <decor_93 x="3214.8" y="-550.35" rot="0" z="129" dx="0.6288" dy="0.003" sx="1" sy="1" image="dangerPlate"/>
  <decor_94 x="1978.3" y="-606.55" rot="0" z="130" dx="0.4907" dy="0.8132" sx="1" sy="1" image="lamp"/>
  <decor_95 x="2770.3" y="-696" rot="0" z="131" dx="0.4907" dy="0.8132" sx="1" sy="1" image="lamp"/>
  <decor_96 x="1635.6" y="-663.05" rot="0" z="132" dx="0.5009" dy="0.5" sx="4.302" sy="3.4403" image="backShadow"/>
  <decor_97 x="3314.95" y="-252.85" rot="180" z="133" dx="0.5009" dy="0.5" sx="4.4175" sy="1.6935" image="backShadow"/>
  <decor_98 x="1741.65" y="-444.15" rot="0" z="136" dx="0.5" dy="0.5" sx="1.0031" sy="1" image="groundLong"/>
  <decor_99 x="1985.3" y="-444.15" rot="0" z="137" dx="0.5" dy="0.5" sx="1.0531" sy="1" image="groundLong"/>
  <decor_100 x="2109.45" y="-444.15" rot="0" z="138" dx="0.5" dy="0.5" sx="1.0531" sy="1" image="groundLong"/>
  <decor_101 x="1624.2" y="-444.15" rot="0" z="139" dx="0.5" dy="0.5" sx="1.0031" sy="1" image="groundLong"/>
  <decor_102 x="1860.5" y="-444.15" rot="0" z="140" dx="0.5" dy="0.5" sx="1.0531" sy="1" image="groundLong"/>
  <decor_103 x="1577.1" y="-537.85" rot="-90" z="141" dx="0.5009" dy="0.4994" sx="1.1752" sy="1" image="woodStandart"/>
  <decor_104 x="3702.2" y="-492.45" rot="90" z="142" dx="0.5009" dy="0.4994" sx="1.0311" sy="1" image="woodStandart"/>
  <decor_105 x="3593.5" y="-324.55" rot="0" z="143" dx="0.5" dy="0.5" sx="1" sy="1" image="groundLong"/>
  <decor_106 x="3651.75" y="-324.3" rot="0" z="144" dx="0.5" dy="0.5" sx="1.0382" sy="1" image="groundRight"/>
  <decor_107 x="3475.15" y="-324.55" rot="0" z="145" dx="0.5" dy="0.5" sx="1.0294" sy="1" image="groundLong"/>
  <decor_108 x="3702.2" y="-406" rot="90" z="146" dx="0.5009" dy="0.4994" sx="1.0311" sy="1" image="woodStandart"/>
  <decor_109 x="3702.2" y="-449.2" rot="90" z="147" dx="0.5002" dy="0.5" sx="1.6072" sy="1" image="woodShadow"/>
  <decor_110 x="3314.2" y="-179.55" rot="0" z="148" dx="0.5" dy="0.5" sx="1.1807" sy="1" image="groundLong"/>
  <decor_111 x="3372.2" y="-259.75" rot="90" z="149" dx="0.5009" dy="0.4994" sx="1.0627" sy="1" image="woodStandart"/>
  <decor_112 x="3372.2" y="-259.75" rot="90" z="150" dx="0.5002" dy="0.5" sx="1.0627" sy="1" image="woodShadow"/>
  <decor_113 x="3257.55" y="-257.35" rot="-90" z="151" dx="0.5009" dy="0.4994" sx="1.0627" sy="1" image="woodStandart"/>
  <decor_114 x="3418.1" y="-324.65" rot="0" z="152" dx="0.5" dy="0.5" sx="1.0382" sy="1" image="groundLeft"/>
  <decor_115 x="1577.25" y="-722.35" rot="-90" z="153" dx="0.5009" dy="0.4994" sx="1.3407" sy="1" image="woodStandart"/>
  <decor_116 x="1859" y="-612.6" rot="0" z="154" dx="0.5009" dy="0.4994" sx="1.1337" sy="1" image="woodStandart"/>
  <decor_117 x="1691.7" y="-735.9" rot="90" z="155" dx="0.5009" dy="0.4994" sx="1.3127" sy="1" image="woodStandart"/>
  <decor_118 x="1691.7" y="-644.5" rot="90" z="156" dx="0.501" dy="0.4994" sx="1.4138" sy="1" image="woodStandart"/>
  <decor_119 x="1633.65" y="-822" rot="0" z="157" dx="0.501" dy="0.4994" sx="0.927" sy="1" image="woodStandart"/>
  <decor_120 x="2224.75" y="-612.65" rot="0" z="158" dx="0.501" dy="0.4994" sx="1.4095" sy="1" image="woodStandart"/>
  <decor_121 x="2032.45" y="-612.6" rot="0" z="159" dx="0.5009" dy="0.4994" sx="1.2291" sy="1" image="woodStandart"/>
  <decor_122 x="2507.05" y="-612.65" rot="0" z="160" dx="0.501" dy="0.4994" sx="1.4095" sy="1" image="woodStandart"/>
  <decor_123 x="2428.95" y="-612.65" rot="0" z="161" dx="0.501" dy="0.4994" sx="1.4095" sy="1" image="woodStandart"/>
  <decor_124 x="2781.05" y="-701.1" rot="0" z="162" dx="0.501" dy="0.4994" sx="1.4095" sy="1" image="woodStandart"/>
  <decor_125 x="2987.05" y="-701.1" rot="0" z="163" dx="0.501" dy="0.4994" sx="1.4095" sy="1" image="woodStandart"/>
  <decor_126 x="3293.65" y="-700.3" rot="0" z="164" dx="0.5009" dy="0.4994" sx="1.1971" sy="1" image="woodStandart"/>
  <decor_127 x="3190.2" y="-700.75" rot="0" z="165" dx="0.501" dy="0.4994" sx="1.4095" sy="1" image="woodStandart"/>
  <decor_128 x="3257.35" y="-458.85" rot="-90" z="166" dx="0.5009" dy="0.4994" sx="1.0627" sy="1" image="woodStandart"/>
  <decor_129 x="3257.55" y="-413.35" rot="-90" z="167" dx="0.5009" dy="0.4994" sx="1.0627" sy="1" image="woodStandart"/>
  <decor_130 x="3257.35" y="-358.8" rot="-90" z="168" dx="0.5002" dy="0.5" sx="2.3973" sy="1" image="woodShadow"/>
  <decor_131 x="3212.35" y="-534.6" rot="0" z="169" dx="0.5" dy="0.5" sx="1.0382" sy="1" image="groundRight"/>
  <decor_132 x="2363.2" y="-444.15" rot="0" z="170" dx="0.5" dy="0.5" sx="1.0873" sy="1" image="groundLong"/>
  <decor_133 x="2235.9" y="-444.15" rot="0" z="171" dx="0.5" dy="0.5" sx="1.0873" sy="1" image="groundLong"/>
  <decor_134 x="2816.85" y="-534.7" rot="0" z="172" dx="0.5" dy="0.5" sx="1.0834" sy="1" image="groundLong"/>
  <decor_135 x="2931" y="-534.7" rot="0" z="173" dx="0.5" dy="0.5" sx="1.0531" sy="1" image="groundLong"/>
  <decor_136 x="3040.5" y="-534.7" rot="0" z="174" dx="0.5" dy="0.5" sx="1.0531" sy="1" image="groundLong"/>
  <decor_137 x="3165.5" y="-534.7" rot="0" z="175" dx="0.5" dy="0.5" sx="1.0531" sy="1" image="groundLong"/>
  <decor_138 x="1739.35" y="-551.55" rot="0" z="176" dx="0.5009" dy="0.4994" sx="0.8086" sy="1" image="woodStandart"/>
  <decor_139 x="3370.4" y="-624.65" rot="90" z="177" dx="0.5009" dy="0.4994" sx="1.1816" sy="1" image="woodStandart"/>
  <decor_140 x="2648.9" y="-517.55" rot="-18.7308" z="178" dx="0.5" dy="0.5" sx="1.0531" sy="1" image="groundShort"/>
  <decor_141 x="2729.85" y="-534.6" rot="0" z="179" dx="0.5" dy="0.5" sx="1.0531" sy="1" image="groundShort"/>
  <decor_142 x="3771.95" y="-563.95" rot="0" z="180" dx="0.5" dy="0.5" sx="1.0531" sy="1" image="groundShort"/>
  <decor_143 x="3749.6" y="-563.85" rot="0" z="181" dx="0.5" dy="0.5" sx="1.0382" sy="1" image="groundLeft"/>
  <decor_144 x="3874.5" y="-324.15" rot="0" z="182" dx="0.5" dy="0.5" sx="1.0382" sy="1" image="groundLeft"/>
  <decor_145 x="3826.4" y="-404.9" rot="-90" z="183" dx="0.5009" dy="0.4994" sx="1.0311" sy="1" image="woodStandart"/>
  <decor_146 x="3826.4" y="-491.35" rot="-90" z="184" dx="0.5009" dy="0.4994" sx="1.0311" sy="1" image="woodStandart"/>
  <decor_147 x="3826.4" y="-448.1" rot="-90" z="185" dx="0.5002" dy="0.5" sx="1.6075" sy="1" image="woodShadow"/>
  <decor_148 x="3784.35" y="-563.85" rot="0" z="186" dx="0.5" dy="0.5" sx="1.0382" sy="1" image="groundRight"/>
  <decor_149 x="3932.65" y="-324.5" rot="0" z="187" dx="0.5" dy="0.5" sx="1.0834" sy="1" image="groundLong"/>
  <decor_150 x="4053.3" y="-324.5" rot="0" z="188" dx="0.5" dy="0.5" sx="1" sy="1" image="groundLong"/>
  <decor_151 x="4169.35" y="-324.5" rot="0" z="189" dx="0.5" dy="0.5" sx="1" sy="1" image="groundLong"/>
  <decor_152 x="4285.5" y="-324.5" rot="0" z="190" dx="0.5" dy="0.5" sx="1" sy="1" image="groundLong"/>
  <decor_153 x="4452.95" y="-517.3" rot="90" z="191" dx="0.5009" dy="0.4994" sx="1.0311" sy="1" image="woodStandart"/>
  <decor_154 x="4375.8" y="-324.5" rot="0" z="192" dx="0.5" dy="0.5" sx="1.0531" sy="1" image="groundShort"/>
  <decor_155 x="4403.45" y="-324" rot="0" z="193" dx="0.5" dy="0.5" sx="1.0382" sy="1" image="groundRight"/>
  <decor_156 x="4452.95" y="-406" rot="90" z="194" dx="0.5009" dy="0.4994" sx="1.0311" sy="1" image="woodStandart"/>
  <decor_157 x="4003.55" y="-634.85" rot="90" z="195" dx="0.5009" dy="0.4994" sx="1.0311" sy="1" image="woodStandart"/>
  <decor_158 x="3926.95" y="-702.7" rot="0" z="196" dx="0.5009" dy="0.4994" sx="1.1971" sy="1" image="woodStandart"/>
  <decor_159 x="4003.55" y="-495.25" rot="90" z="197" dx="0.5009" dy="0.4994" sx="1.0311" sy="1" image="woodStandart"/>
  <decor_160 x="4157.4" y="-507.35" rot="-90" z="198" dx="0.5009" dy="0.4994" sx="1.1665" sy="1" image="woodStandart"/>
  <decor_161 x="4222.9" y="-581.65" rot="0" z="199" dx="0.5009" dy="0.4994" sx="1.0455" sy="1" image="woodStandart"/>
  <decor_162 x="4393.35" y="-581.65" rot="0" z="200" dx="0.5009" dy="0.4994" sx="0.9685" sy="1" image="woodStandart"/>
  <decor_163 x="4311.75" y="-581.65" rot="0" z="201" dx="0.5009" dy="0.4994" sx="1.0455" sy="1" image="woodStandart"/>
  <decor_164 x="3370.4" y="-508.25" rot="90" z="202" dx="0.5009" dy="0.4994" sx="1.1816" sy="1" image="woodStandart"/>
  <decor_165 x="3448.5" y="-432.7" rot="0" z="203" dx="0.5009" dy="0.4994" sx="1.2191" sy="1" image="woodStandart"/>
  <decor_166 x="3527.1" y="-511.15" rot="-90" z="204" dx="0.5009" dy="0.4994" sx="1.2191" sy="1" image="woodStandart"/>
  <decor_167 x="3527.1" y="-624.65" rot="-90" z="205" dx="0.5009" dy="0.4994" sx="1.2191" sy="1" image="woodStandart"/>
  <decor_168 x="3604" y="-702.7" rot="0" z="206" dx="0.5009" dy="0.4994" sx="1.1971" sy="1" image="woodStandart"/>
  <decor_169 x="4080" y="-430.95" rot="0" z="207" dx="0.5009" dy="0.4994" sx="1.2002" sy="1" image="woodStandart"/>
  <decor_170 x="3779.5" y="-702.7" rot="0" z="208" dx="0.5009" dy="0.4994" sx="1.1971" sy="1" image="woodStandart"/>
  <decor_171 x="1786.5" y="-582.15" rot="-90" z="209" dx="0.5011" dy="0.4994" sx="0.5797" sy="1" image="woodStandart"/>
  <decor_172 x="2687.55" y="-671.45" rot="-90" z="210" dx="0.5008" dy="0.4994" sx="0.5684" sy="1" image="woodStandart"/>
  <decor_173 x="2422.9" y="-444.15" rot="0" z="211" dx="0.5" dy="0.5" sx="1.0382" sy="1" image="groundRight"/>
  <decor_174 x="2472.9" y="-482.6" rot="90" z="212" dx="0.501" dy="0.4994" sx="0.4484" sy="1" image="woodStandart"/>
  <decor_175 x="2539.95" y="-504.95" rot="0" z="213" dx="0.5" dy="0.5" sx="1.0531" sy="1" image="groundShort"/>
  <decor_176 x="2472.9" y="-482.6" rot="90" z="214" dx="0.5" dy="0.5" sx="0.4484" sy="1" image="woodShadow"/>
  <decor_177 x="2517.45" y="-505.1" rot="0" z="215" dx="0.5" dy="0.5" sx="1.0382" sy="1" image="groundLeft"/>
  <decor_178 x="2589.95" y="-504.95" rot="0" z="216" dx="0.5" dy="0.5" sx="1.0531" sy="1" image="groundShort"/>
  <decor_179 x="2674.65" y="-526.05" rot="-18.7308" z="217" dx="0.5" dy="0.5" sx="1.0531" sy="1" image="groundShort"/>
  <decor_180 x="2647.35" y="-625.7" rot="-18.4551" z="218" dx="0.4743" dy="0.49" sx="1.4095" sy="1" image="woodLong_lvl11_A"/>
  <decor_181 x="4305.55" y="-437.5" rot="0" z="219" dx="0.4997" dy="0.461" sx="0.7956" sy="1" image="woodTop"/>
  <decor_182 x="2647.35" y="-625.7" rot="-18.4551" z="220" dx="0.5128" dy="0.4488" sx="1.4095" sy="1" image="woodShadow_lvl11_A"/>
  <decor_183 x="3689.05" y="-523.75" rot="0" z="221" dx="0.4879" dy="0.4826" sx="1" sy="0.935" image="stairsA"/>
  <decor_184 x="3689.05" y="-482.05" rot="0" z="222" dx="0.4879" dy="0.4826" sx="1" sy="0.935" image="stairsA"/>
  <decor_185 x="3689.05" y="-440.75" rot="0" z="223" dx="0.4879" dy="0.4826" sx="1" sy="0.935" image="stairsA"/>
  <decor_186 x="3689.05" y="-399.8" rot="0" z="224" dx="0.4879" dy="0.4826" sx="1" sy="0.935" image="stairsA"/>
  <decor_187 x="3689.05" y="-358.5" rot="0" z="225" dx="0.4879" dy="0.4826" sx="1" sy="0.935" image="stairsA"/>
  <decor_188 x="3689.1" y="-545.55" rot="0" z="226" dx="0.483" dy="0.0652" sx="1" sy="1" image="stairsB"/>
  <decor_189 x="3689.45" y="-335.95" rot="0" z="227" dx="0.5" dy="0.5056" sx="1" sy="1" image="stairsC"/>
  <decor_190 x="3839.9" y="-523.75" rot="0" z="228" dx="0.4879" dy="0.4826" sx="1" sy="0.935" image="stairsA"/>
  <decor_191 x="3839.9" y="-482.05" rot="0" z="229" dx="0.4879" dy="0.4826" sx="1" sy="0.935" image="stairsA"/>
  <decor_192 x="3839.9" y="-440.75" rot="0" z="230" dx="0.4879" dy="0.4826" sx="1" sy="0.935" image="stairsA"/>
  <decor_193 x="3839.9" y="-399.8" rot="0" z="231" dx="0.4879" dy="0.4826" sx="1" sy="0.935" image="stairsA"/>
  <decor_194 x="3839.9" y="-358.5" rot="0" z="232" dx="0.4879" dy="0.4826" sx="1" sy="0.935" image="stairsA"/>
  <decor_195 x="3839.95" y="-545.55" rot="0" z="233" dx="0.483" dy="0.0652" sx="1" sy="1" image="stairsB"/>
  <decor_196 x="3840.3" y="-335.95" rot="0" z="234" dx="0.5" dy="0.5056" sx="1" sy="1" image="stairsC"/>
  <decor_197 x="4439.8" y="-530.25" rot="0" z="235" dx="0.4879" dy="0.4826" sx="1" sy="0.935" image="stairsA"/>
  <decor_198 x="4439.8" y="-488.55" rot="0" z="236" dx="0.4879" dy="0.4826" sx="1" sy="0.935" image="stairsA"/>
  <decor_199 x="4439.8" y="-447.25" rot="0" z="237" dx="0.4879" dy="0.4826" sx="1" sy="0.935" image="stairsA"/>
  <decor_200 x="4439.8" y="-406.3" rot="0" z="238" dx="0.4879" dy="0.4826" sx="1" sy="0.935" image="stairsA"/>
  <decor_201 x="4439.8" y="-365" rot="0" z="239" dx="0.4879" dy="0.4826" sx="1" sy="0.935" image="stairsA"/>
  <decor_202 x="4439.85" y="-552.05" rot="0" z="240" dx="0.483" dy="0.0652" sx="1" sy="1" image="stairsB"/>
  <decor_203 x="4440.2" y="-342.45" rot="0" z="241" dx="0.5" dy="0.5056" sx="1" sy="1" image="stairsC"/>
  <decor_204 x="1577.25" y="-641.95" rot="-90" z="242" dx="0.5001" dy="0.5" sx="2.5659" sy="1" image="woodShadow"/>
  <decor_205 x="2191.1" y="-612.6" rot="0" z="243" dx="0.5001" dy="0.5" sx="5.5634" sy="1" image="woodShadow"/>
  <decor_206 x="1691.7" y="-686.3" rot="90" z="244" dx="0.5002" dy="0.5" sx="1.9729" sy="1" image="woodShadow"/>
  <decor_207 x="1633.65" y="-822" rot="0" z="245" dx="0.5002" dy="0.5" sx="0.927" sy="1" image="woodShadow"/>
  <decor_208 x="3029.45" y="-701.1" rot="0" z="246" dx="0.5002" dy="0.5" sx="4.7221" sy="1" image="woodShadow"/>
  <decor_209 x="1739.35" y="-551.55" rot="0" z="247" dx="0.5" dy="0.5" sx="0.8086" sy="1" image="woodShadow"/>
  <decor_210 x="3370.4" y="-566.45" rot="90" z="248" dx="0.5002" dy="0.5" sx="1.9581" sy="1" image="woodShadow"/>
  <decor_211 x="4452.95" y="-461.65" rot="90" z="249" dx="0.5002" dy="0.5" sx="1.7728" sy="1" image="woodShadow"/>
  <decor_212 x="4003.55" y="-565" rot="90" z="250" dx="0.5002" dy="0.5" sx="1.9622" sy="1" image="woodShadow"/>
  <decor_213 x="4157.4" y="-507.35" rot="-90" z="251" dx="0.5001" dy="0.5" sx="1.1665" sy="1" image="woodShadow"/>
  <decor_214 x="4305.25" y="-581.65" rot="0" z="252" dx="0.5002" dy="0.5" sx="2.1437" sy="1" image="woodShadow"/>
  <decor_215 x="3448.5" y="-432.7" rot="0" z="253" dx="0.5003" dy="0.5" sx="1.2191" sy="1" image="woodShadow"/>
  <decor_216 x="3527.1" y="-567.85" rot="-90" z="254" dx="0.5002" dy="0.5" sx="1.976" sy="1" image="woodShadow"/>
  <decor_217 x="3765.4" y="-702.7" rot="0" z="255" dx="0.5002" dy="0.5" sx="3.35" sy="1" image="woodShadow"/>
  <decor_218 x="4080" y="-430.95" rot="0" z="256" dx="0.5001" dy="0.5" sx="1.2002" sy="1" image="woodShadow"/>
  <decor_219 x="1786.5" y="-582.15" rot="-90" z="257" dx="0.5003" dy="0.5" sx="0.5797" sy="1" image="woodShadow"/>
  <decor_220 x="2687.55" y="-671.45" rot="-90" z="258" dx="0.5003" dy="0.5" sx="0.5684" sy="1" image="woodShadow_lvl11_B"/>
  <decor_221 x="3511.85" y="-420.5" rot="-90" z="259" dx="0.0239" dy="0.9761" sx="1" sy="1" image="steelOver"/>
  <decor_222 x="1771.8" y="-539.55" rot="-90" z="260" dx="0.0239" dy="0.9761" sx="1" sy="1" image="steelOver"/>
  <decor_223 x="3357.1" y="-448.35" rot="0" z="261" dx="0.0239" dy="0.9761" sx="1" sy="1" image="steelOver"/>
  <decor_224 x="1679.1" y="-567.05" rot="0" z="262" dx="0.0239" dy="0.9761" sx="1" sy="1" image="steelOver"/>
  <decor_225 x="4142.75" y="-418.3" rot="-90" z="263" dx="0.0239" dy="0.9761" sx="1" sy="1" image="steelOver"/>
  <decor_226 x="3990.2" y="-446.15" rot="0" z="264" dx="0.0239" dy="0.9761" sx="1" sy="1" image="steelOver"/>
  <decor_227 x="3251.4" y="-177.6" rot="0" z="265" dx="0.5" dy="0.5" sx="1" sy="1" image="stonesOver"/>
  <decor_228 x="1573.7" y="-443.15" rot="0" z="266" dx="0.5" dy="0.5" sx="1" sy="1" image="stonesOver"/>
  <decor_229 x="3706.95" y="-322.75" rot="0" z="267" dx="0.5" dy="0.5" sx="1" sy="1" image="stonesOver2"/>
  <decor_230 x="3378.75" y="-178.35" rot="0" z="268" dx="0.5" dy="0.5" sx="1" sy="1" image="stonesOver2"/>
  <decor_231 x="2469.8" y="-441.5" rot="0" z="269" dx="0.5" dy="0.5" sx="1" sy="1" image="stonesOver2"/>
  <decor_232 x="3826.25" y="-320.95" rot="0" z="270" dx="0.5" dy="0.5" sx="1" sy="1" image="stonesOver"/>
  <decor_233 x="4456.2" y="-327.45" rot="0" z="271" dx="0.5" dy="0.5" sx="1" sy="1" image="stonesOver2"/>
  <decor_234 x="1521.6" y="-627.2" rot="0" z="272" dx="0.5007" dy="0.4993" sx="1" sy="1" image="darkStoneA"/>
  <decor_235 x="1536.5" y="-756.9" rot="0" z="273" dx="0.5009" dy="0.4994" sx="1" sy="1" image="darkStoneB"/>
  <decor_236 x="4072.75" y="-520.15" rot="0" z="274" dx="0.5003" dy="0.5" sx="1" sy="1" image="darkStoneC"/>
  <decor_237 x="1521.85" y="-421.15" rot="0" z="275" dx="0.501" dy="0.5" sx="1" sy="1" image="darkStoneD"/>
  <decor_238 x="1754.95" y="-585.65" rot="0" z="276" dx="0.5018" dy="0.4978" sx="1" sy="1" image="darkStoneE"/>
  <decor_239 x="1743.7" y="-632.75" rot="0" z="277" dx="0.5003" dy="0.5" sx="1" sy="1" image="darkStoneC"/>
  <decor_240 x="2482.9" y="-650.15" rot="0" z="278" dx="0.5009" dy="0.4994" sx="1" sy="1" image="darkStoneB"/>
  <decor_241 x="2112.5" y="-650.9" rot="0" z="279" dx="0.5003" dy="0.5" sx="1" sy="1" image="darkStoneC"/>
  <decor_242 x="1787.7" y="-392.2" rot="0" z="280" dx="0.5003" dy="0.5" sx="1" sy="1" image="darkStoneC"/>
  <decor_243 x="1957.2" y="-390.5" rot="0" z="281" dx="0.5009" dy="0.4994" sx="1" sy="1" image="darkStoneB"/>
  <decor_244 x="2238.2" y="-396.15" rot="0" z="282" dx="0.5007" dy="0.4993" sx="1" sy="1" image="darkStoneA"/>
  <decor_245 x="2182.05" y="-397.6" rot="0" z="283" dx="0.501" dy="0.5" sx="1" sy="1" image="darkStoneD"/>
  <decor_246 x="2057.35" y="-644.1" rot="0" z="284" dx="0.5007" dy="0.4993" sx="1" sy="1" image="darkStoneA"/>
  <decor_247 x="1726.15" y="-583.55" rot="0" z="285" dx="0.501" dy="0.5" sx="1" sy="1" image="darkStoneD"/>
  <decor_248 x="2177.4" y="-635.95" rot="0" z="286" dx="0.5018" dy="0.4978" sx="1" sy="1" image="darkStoneE"/>
  <decor_249 x="2209.55" y="-638.65" rot="0" z="287" dx="0.5018" dy="0.4978" sx="1" sy="1" image="darkStoneE"/>
  <decor_250 x="1951.45" y="-638.65" rot="0" z="288" dx="0.5018" dy="0.4978" sx="1" sy="1" image="darkStoneE"/>
  <decor_251 x="2020.4" y="-653.05" rot="0" z="289" dx="0.5018" dy="0.4978" sx="1" sy="1" image="darkStoneE"/>
  <decor_252 x="1511" y="-449.6" rot="0" z="290" dx="0.5018" dy="0.4978" sx="1" sy="1" image="darkStoneE"/>
  <decor_253 x="1535.55" y="-591.75" rot="0" z="291" dx="0.5018" dy="0.4978" sx="1" sy="1" image="darkStoneE"/>
  <decor_254 x="4039.55" y="-471.5" rot="0" z="292" dx="0.5007" dy="0.4993" sx="1" sy="1" image="darkStoneA"/>
  <decor_255 x="3166.25" y="-476.1" rot="0" z="293" dx="0.5003" dy="0.5" sx="1" sy="1" image="darkStoneC"/>
  <decor_256 x="2363.75" y="-387.9" rot="0" z="294" dx="0.5003" dy="0.5" sx="1" sy="1" image="darkStoneC"/>
  <decor_257 x="3215.85" y="-360" rot="0" z="295" dx="0.5009" dy="0.4994" sx="1" sy="1" image="darkStoneB"/>
  <decor_258 x="3079" y="-476.1" rot="0" z="296" dx="0.5003" dy="0.5" sx="1" sy="1" image="darkStoneC"/>
  <decor_259 x="2449.6" y="-395.95" rot="0" z="297" dx="0.5007" dy="0.4993" sx="1" sy="1" image="darkStoneA"/>
  <decor_260 x="2793.15" y="-485.9" rot="0" z="298" dx="0.501" dy="0.5" sx="1" sy="1" image="darkStoneD"/>
  <decor_261 x="2492.55" y="-402.85" rot="0" z="299" dx="0.5018" dy="0.4978" sx="1" sy="1" image="darkStoneE"/>
  <decor_262 x="2530.35" y="-449" rot="0" z="300" dx="0.5003" dy="0.5" sx="1" sy="1" image="darkStoneC"/>
  <decor_263 x="2979.25" y="-737.6" rot="0" z="301" dx="0.5009" dy="0.4994" sx="1" sy="1" image="darkStoneB"/>
  <decor_264 x="2649.15" y="-720.95" rot="0" z="302" dx="0.5003" dy="0.5" sx="1" sy="1" image="darkStoneC"/>
  <decor_265 x="2654.25" y="-467.9" rot="0" z="303" dx="0.5007" dy="0.4993" sx="1" sy="1" image="darkStoneA"/>
  <decor_266 x="2546.45" y="-641.9" rot="0" z="304" dx="0.5018" dy="0.4978" sx="1" sy="1" image="darkStoneE"/>
  <decor_267 x="2607.7" y="-648.5" rot="0" z="305" dx="0.501" dy="0.5" sx="1" sy="1" image="darkStoneD"/>
  <decor_268 x="2844.8" y="-733.5" rot="0" z="306" dx="0.5007" dy="0.4993" sx="1" sy="1" image="darkStoneA"/>
  <decor_269 x="2945.8" y="-476.1" rot="0" z="307" dx="0.5003" dy="0.5" sx="1" sy="1" image="darkStoneC"/>
  <decor_270 x="2742.1" y="-738.15" rot="0" z="308" dx="0.5009" dy="0.4994" sx="1" sy="1" image="darkStoneB"/>
  <decor_271 x="2650.2" y="-654.15" rot="0" z="309" dx="0.5018" dy="0.4978" sx="1" sy="1" image="darkStoneE"/>
  <decor_272 x="2633.9" y="-679.25" rot="0" z="310" dx="0.5018" dy="0.4978" sx="1" sy="1" image="darkStoneE"/>
  <decor_273 x="2879.8" y="-727.95" rot="0" z="311" dx="0.5018" dy="0.4978" sx="1" sy="1" image="darkStoneE"/>
  <decor_274 x="1526.05" y="-688.85" rot="0" z="312" dx="0.5003" dy="0.5" sx="1" sy="1" image="darkStoneC"/>
  <decor_275 x="1737.75" y="-701.8" rot="0" z="313" dx="0.5009" dy="0.4994" sx="1" sy="1" image="darkStoneB"/>
  <decor_276 x="1880.5" y="-657.9" rot="0" z="314" dx="0.5003" dy="0.5" sx="1" sy="1" image="darkStoneC"/>
  <decor_277 x="1808.1" y="-650.35" rot="0" z="315" dx="0.5007" dy="0.4993" sx="1" sy="1" image="darkStoneA"/>
  <decor_278 x="1538.15" y="-840.75" rot="0" z="316" dx="0.5009" dy="0.4994" sx="1" sy="1" image="darkStoneB"/>
  <decor_279 x="3201.3" y="-185.2" rot="0" z="317" dx="0.5003" dy="0.5" sx="1" sy="1" image="darkStoneC"/>
  <decor_280 x="3204.8" y="-289" rot="0" z="318" dx="0.5003" dy="0.5" sx="1" sy="1" image="darkStoneC"/>
  <decor_281 x="3423.2" y="-265.15" rot="0" z="319" dx="0.5009" dy="0.4994" sx="1" sy="1" image="darkStoneB"/>
  <decor_282 x="3473.3" y="-473.45" rot="0" z="320" dx="0.5003" dy="0.5" sx="1" sy="1" image="darkStoneC"/>
  <decor_283 x="3217.75" y="-734.85" rot="0" z="321" dx="0.5007" dy="0.4993" sx="1" sy="1" image="darkStoneA"/>
  <decor_284 x="3401.55" y="-232.15" rot="0" z="322" dx="0.5018" dy="0.4978" sx="1" sy="1" image="darkStoneE"/>
  <decor_285 x="3223.8" y="-240.55" rot="0" z="323" dx="0.501" dy="0.5" sx="1" sy="1" image="darkStoneD"/>
  <decor_286 x="3432.35" y="-613.9" rot="0" z="324" dx="0.501" dy="0.5" sx="1" sy="1" image="darkStoneD"/>
  <decor_287 x="3535.65" y="-262.4" rot="0" z="325" dx="0.5003" dy="0.5" sx="1" sy="1" image="darkStoneC"/>
  <decor_288 x="3636.15" y="-738.15" rot="0" z="326" dx="0.5009" dy="0.4994" sx="1" sy="1" image="darkStoneB"/>
  <decor_289 x="3107.55" y="-732.45" rot="0" z="327" dx="0.501" dy="0.5" sx="1" sy="1" image="darkStoneD"/>
  <decor_290 x="3070.65" y="-727.95" rot="0" z="328" dx="0.5018" dy="0.4978" sx="1" sy="1" image="darkStoneE"/>
  <decor_291 x="3403.45" y="-684.45" rot="0" z="329" dx="0.5018" dy="0.4978" sx="1" sy="1" image="darkStoneE"/>
  <decor_292 x="3039.8" y="-735.4" rot="0" z="330" dx="0.5007" dy="0.4993" sx="1" sy="1" image="darkStoneA"/>
  <decor_293 x="1606.2" y="-857.3" rot="0" z="331" dx="0.5007" dy="0.4993" sx="1" sy="1" image="darkStoneA"/>
  <decor_294 x="3278.6" y="-739.05" rot="0" z="332" dx="0.5003" dy="0.5" sx="1" sy="1" image="darkStoneC"/>
  <decor_295 x="4118.8" y="-600.6" rot="0" z="333" dx="0.5003" dy="0.5" sx="1" sy="1" image="darkStoneC"/>
  <decor_296 x="4109.75" y="-475.35" rot="0" z="334" dx="0.5009" dy="0.4994" sx="1" sy="1" image="darkStoneB"/>
  <decor_297 x="3228.35" y="-148.25" rot="0" z="335" dx="0.5018" dy="0.4978" sx="1" sy="1" image="darkStoneE"/>
  <decor_298 x="3159.15" y="-737.6" rot="0" z="336" dx="0.5009" dy="0.4994" sx="1" sy="1" image="darkStoneB"/>
  <decor_299 x="3739.1" y="-484.55" rot="0" z="337" dx="0.5007" dy="0.4993" sx="1" sy="1" image="darkStoneA"/>
  <decor_300 x="3811.3" y="-730.75" rot="0" z="338" dx="0.5018" dy="0.4978" sx="1" sy="1" image="darkStoneE"/>
  <decor_301 x="3671.6" y="-764.3" rot="0" z="339" dx="0.5018" dy="0.4978" sx="1" sy="1" image="darkStoneE"/>
  <decor_302 x="3775.8" y="-384.3" rot="0" z="340" dx="0.5003" dy="0.5" sx="1" sy="1" image="darkStoneC"/>
  <decor_303 x="3743.35" y="-434.2" rot="0" z="341" dx="0.5009" dy="0.4994" sx="1" sy="1" image="darkStoneB"/>
  <decor_304 x="3766.1" y="-513.2" rot="0" z="342" dx="0.5003" dy="0.5" sx="1" sy="1" image="darkStoneC"/>
  <decor_305 x="3693.95" y="-267.95" rot="0" z="343" dx="0.5003" dy="0.5" sx="1" sy="1" image="darkStoneC"/>
  <decor_306 x="3617.4" y="-271.15" rot="0" z="344" dx="0.5009" dy="0.4994" sx="1" sy="1" image="darkStoneB"/>
  <decor_307 x="3456.9" y="-299.85" rot="0" z="345" dx="0.501" dy="0.5" sx="1" sy="1" image="darkStoneD"/>
  <decor_308 x="3429.5" y="-191.55" rot="0" z="346" dx="0.5003" dy="0.5" sx="1" sy="1" image="darkStoneC"/>
  <decor_309 x="3409.4" y="-467.9" rot="0" z="347" dx="0.5007" dy="0.4993" sx="1" sy="1" image="darkStoneA"/>
  <decor_310 x="3398.1" y="-577.3" rot="0" z="348" dx="0.501" dy="0.5" sx="1" sy="1" image="darkStoneD"/>
  <decor_311 x="3480.05" y="-659.35" rot="0" z="349" dx="0.5007" dy="0.4993" sx="1" sy="1" image="darkStoneA"/>
  <decor_312 x="3469.45" y="-611.7" rot="0" z="350" dx="0.5018" dy="0.4978" sx="1" sy="1" image="darkStoneE"/>
  <decor_313 x="2796.75" y="-732.45" rot="0" z="351" dx="0.501" dy="0.5" sx="1" sy="1" image="darkStoneD"/>
  <decor_314 x="3223.8" y="-489.4" rot="0" z="352" dx="0.501" dy="0.5" sx="1" sy="1" image="darkStoneD"/>
  <decor_315 x="3202.35" y="-401.35" rot="0" z="353" dx="0.5018" dy="0.4978" sx="1" sy="1" image="darkStoneE"/>
  <decor_316 x="2839" y="-471.95" rot="-84.2493" z="354" dx="0.5009" dy="0.4994" sx="1" sy="1" image="darkStoneB"/>
  <decor_317 x="3221.4" y="-448.9" rot="0" z="355" dx="0.5007" dy="0.4993" sx="1" sy="1" image="darkStoneA"/>
  <decor_318 x="3229.15" y="-414" rot="0" z="356" dx="0.5018" dy="0.4978" sx="1" sy="1" image="darkStoneE"/>
  <decor_319 x="3324.45" y="-722.3" rot="0" z="357" dx="0.5018" dy="0.4978" sx="1" sy="1" image="darkStoneE"/>
  <decor_320 x="2724.4" y="-476.1" rot="0" z="358" dx="0.5003" dy="0.5" sx="1" sy="1" image="darkStoneC"/>
  <decor_321 x="2602.45" y="-457.8" rot="0" z="359" dx="0.5007" dy="0.4993" sx="1" sy="1" image="darkStoneA"/>
  <decor_322 x="2885.55" y="-479.3" rot="0" z="360" dx="0.501" dy="0.5" sx="1" sy="1" image="darkStoneD"/>
  <decor_323 x="3476.1" y="-275.7" rot="0" z="361" dx="0.501" dy="0.5" sx="1" sy="1" image="darkStoneD"/>
  <decor_324 x="3751.3" y="-741.8" rot="0" z="362" dx="0.5009" dy="0.4994" sx="1" sy="1" image="darkStoneB"/>
  <decor_325 x="3383.1" y="-727.8" rot="0" z="363" dx="0.5009" dy="0.4994" sx="1" sy="1" image="darkStoneB"/>
  <decor_326 x="1716.35" y="-843.55" rot="0" z="364" dx="0.5003" dy="0.5" sx="1" sy="1" image="darkStoneC"/>
  <decor_327 x="2292.15" y="-405.5" rot="0" z="365" dx="0.5018" dy="0.4978" sx="1" sy="1" image="darkStoneE"/>
  <decor_328 x="1663.5" y="-397.6" rot="0" z="366" dx="0.501" dy="0.5" sx="1" sy="1" image="darkStoneD"/>
  <decor_329 x="1584.9" y="-390.5" rot="0" z="367" dx="0.5009" dy="0.4994" sx="1" sy="1" image="darkStoneB"/>
  <decor_330 x="1720.8" y="-401.35" rot="0" z="368" dx="0.5018" dy="0.4978" sx="1" sy="1" image="darkStoneE"/>
  <decor_331 x="1891.7" y="-401.05" rot="0" z="369" dx="0.501" dy="0.5" sx="1" sy="1" image="darkStoneD"/>
  <decor_332 x="2266.25" y="-653.65" rot="0" z="370" dx="0.5009" dy="0.4994" sx="1" sy="1" image="darkStoneB"/>
  <decor_333 x="2336.95" y="-647.2" rot="0" z="371" dx="0.501" dy="0.5" sx="1" sy="1" image="darkStoneD"/>
  <decor_334 x="2388.4" y="-652.95" rot="0" z="372" dx="0.5018" dy="0.4978" sx="1" sy="1" image="darkStoneE"/>
  <decor_335 x="2417.05" y="-656.35" rot="0" z="373" dx="0.5018" dy="0.4978" sx="1" sy="1" image="darkStoneE"/>
  <decor_336 x="2051.8" y="-392.45" rot="0" z="374" dx="0.5003" dy="0.5" sx="1" sy="1" image="darkStoneC"/>
  <decor_337 x="2122.9" y="-396.9" rot="0" z="375" dx="0.501" dy="0.5" sx="1" sy="1" image="darkStoneD"/>
  <decor_338 x="1518.7" y="-516.35" rot="0" z="376" dx="0.5003" dy="0.5" sx="1" sy="1" image="darkStoneC"/>
  <decor_339 x="3698.75" y="-732.1" rot="0" z="377" dx="0.501" dy="0.5" sx="1" sy="1" image="darkStoneD"/>
  <decor_340 x="3874.8" y="-741.9" rot="0" z="378" dx="0.5003" dy="0.5" sx="1" sy="1" image="darkStoneC"/>
  <decor_341 x="3936.05" y="-740.5" rot="0" z="379" dx="0.501" dy="0.5" sx="1" sy="1" image="darkStoneD"/>
  <decor_342 x="2920.45" y="-732.45" rot="0" z="380" dx="0.501" dy="0.5" sx="1" sy="1" image="darkStoneD"/>
  <decor_343 x="3015.75" y="-482.4" rot="0" z="381" dx="0.501" dy="0.5" sx="1" sy="1" image="darkStoneD"/>
  <decor_344 x="1720.8" y="-796" rot="0" z="382" dx="0.5018" dy="0.4978" sx="1" sy="1" image="darkStoneE"/>
  <decor_345 x="1721.45" y="-755.2" rot="0" z="383" dx="0.501" dy="0.5" sx="1" sy="1" image="darkStoneD"/>
  <decor_346 x="3775.2" y="-327.9" rot="0" z="384" dx="0.5009" dy="0.4994" sx="1" sy="1" image="darkStoneB"/>
  <decor_347 x="3739" y="-359.9" rot="0" z="385" dx="0.501" dy="0.5" sx="1" sy="1" image="darkStoneD"/>
  <decor_348 x="3791.45" y="-480.95" rot="0" z="386" dx="0.501" dy="0.5" sx="1" sy="1" image="darkStoneD"/>
  <decor_349 x="3802.6" y="-433.8" rot="0" z="387" dx="0.5018" dy="0.4978" sx="1" sy="1" image="darkStoneE"/>
  <decor_350 x="3468.65" y="-555.6" rot="0" z="388" dx="0.5003" dy="0.5" sx="1" sy="1" image="darkStoneC"/>
  <decor_351 x="3482.4" y="-710.25" rot="0" z="389" dx="0.5009" dy="0.4994" sx="1" sy="1" image="darkStoneB"/>
  <decor_352 x="3554.8" y="-740.4" rot="0" z="390" dx="0.5003" dy="0.5" sx="1" sy="1" image="darkStoneC"/>
  <decor_353 x="3420.45" y="-649.35" rot="0" z="391" dx="0.5009" dy="0.4994" sx="1" sy="1" image="darkStoneB"/>
  <decor_354 x="3421.45" y="-510.25" rot="0" z="392" dx="0.5007" dy="0.4993" sx="1" sy="1" image="darkStoneA"/>
  <decor_355 x="3272.9" y="-120.5" rot="0" z="393" dx="0.5003" dy="0.5" sx="1" sy="1" image="darkStoneC"/>
  <decor_356 x="3431.55" y="-138.5" rot="0" z="394" dx="0.5003" dy="0.5" sx="1" sy="1" image="darkStoneC"/>
  <decor_357 x="3354.65" y="-129.25" rot="0" z="395" dx="0.5009" dy="0.4994" sx="1" sy="1" image="darkStoneB"/>
  <decor_358 x="3209.95" y="-127.55" rot="0" z="396" dx="0.501" dy="0.5" sx="1" sy="1" image="darkStoneD"/>
  <decor_359 x="4129.8" y="-554.5" rot="0" z="397" dx="0.501" dy="0.5" sx="1" sy="1" image="darkStoneD"/>
  <decor_360 x="4039.3" y="-718.8" rot="0" z="398" dx="0.5003" dy="0.5" sx="1" sy="1" image="darkStoneC"/>
  <decor_361 x="3975.65" y="-727.95" rot="0" z="399" dx="0.5018" dy="0.4978" sx="1" sy="1" image="darkStoneE"/>
  <decor_362 x="4039.75" y="-568.9" rot="0" z="400" dx="0.501" dy="0.5" sx="1" sy="1" image="darkStoneD"/>
  <decor_363 x="4052.65" y="-658.3" rot="0" z="401" dx="0.5009" dy="0.4994" sx="1" sy="1" image="darkStoneB"/>
  <decor_364 x="4034.4" y="-609.4" rot="0" z="402" dx="0.5018" dy="0.4978" sx="1" sy="1" image="darkStoneE"/>
  <decor_365 x="4080.55" y="-568.85" rot="0" z="403" dx="0.5018" dy="0.4978" sx="1" sy="1" image="darkStoneE"/>
  <decor_366 x="4502.85" y="-548.05" rot="0" z="404" dx="0.5009" dy="0.4994" sx="1" sy="1" image="darkStoneB"/>
  <decor_367 x="4278.9" y="-604.95" rot="0" z="405" dx="0.5018" dy="0.4978" sx="1" sy="1" image="darkStoneE"/>
  <decor_368 x="4198" y="-615.75" rot="0" z="406" dx="0.5009" dy="0.4994" sx="1" sy="1" image="darkStoneB"/>
  <decor_369 x="4482.45" y="-603.45" rot="0" z="407" dx="0.5003" dy="0.5" sx="1" sy="1" image="darkStoneC"/>
  <decor_370 x="4247.75" y="-612.55" rot="0" z="408" dx="0.501" dy="0.5" sx="1" sy="1" image="darkStoneD"/>
  <decor_371 x="4455.25" y="-271.45" rot="0" z="409" dx="0.5003" dy="0.5" sx="1" sy="1" image="darkStoneC"/>
  <decor_372 x="4327.5" y="-616.9" rot="0" z="410" dx="0.5009" dy="0.4994" sx="1" sy="1" image="darkStoneB"/>
  <decor_373 x="4398.3" y="-613.9" rot="0" z="411" dx="0.501" dy="0.5" sx="1" sy="1" image="darkStoneD"/>
  <decor_374 x="4234.35" y="-268.4" rot="0" z="412" dx="0.5003" dy="0.5" sx="1" sy="1" image="darkStoneC"/>
  <decor_375 x="4312.3" y="-268.65" rot="0" z="413" dx="0.5009" dy="0.4994" sx="1" sy="1" image="darkStoneB"/>
  <decor_376 x="4379.1" y="-283.65" rot="0" z="414" dx="0.5018" dy="0.4978" sx="1" sy="1" image="darkStoneE"/>
  <decor_377 x="4491.8" y="-497.15" rot="0" z="415" dx="0.5007" dy="0.4993" sx="1" sy="1" image="darkStoneA"/>
  <decor_378 x="4513.15" y="-470" rot="0" z="416" dx="0.5018" dy="0.4978" sx="1" sy="1" image="darkStoneE"/>
  <decor_379 x="4498.65" y="-426.85" rot="0" z="417" dx="0.5009" dy="0.4994" sx="1" sy="1" image="darkStoneB"/>
  <decor_380 x="4486.55" y="-380.95" rot="0" z="418" dx="0.501" dy="0.5" sx="1" sy="1" image="darkStoneD"/>
  <decor_381 x="4506.45" y="-339.7" rot="0" z="419" dx="0.5007" dy="0.4993" sx="1" sy="1" image="darkStoneA"/>
  <decor_382 x="4499.3" y="-302.65" rot="0" z="420" dx="0.5018" dy="0.4978" sx="1" sy="1" image="darkStoneE"/>
  <decor_383 x="4032.95" y="-261.25" rot="0" z="421" dx="0.5018" dy="0.4978" sx="1" sy="1" image="darkStoneE"/>
  <decor_384 x="3981.8" y="-272.3" rot="0" z="422" dx="0.5009" dy="0.4994" sx="1" sy="1" image="darkStoneB"/>
  <decor_385 x="3920.4" y="-276.9" rot="0" z="423" dx="0.501" dy="0.5" sx="1" sy="1" image="darkStoneD"/>
  <decor_386 x="4096.45" y="-272.4" rot="0" z="424" dx="0.5003" dy="0.5" sx="1" sy="1" image="darkStoneC"/>
  <decor_387 x="4157.7" y="-271" rot="0" z="425" dx="0.501" dy="0.5" sx="1" sy="1" image="darkStoneD"/>
  <decor_388 x="3792.1" y="-276.9" rot="0" z="426" dx="0.501" dy="0.5" sx="1" sy="1" image="darkStoneD"/>
  <decor_389 x="3855.85" y="-268.4" rot="0" z="427" dx="0.5003" dy="0.5" sx="1" sy="1" image="darkStoneC"/>
  <decor_390 x="4477" y="-355.35" rot="0" z="428" dx="0.5018" dy="0.4978" sx="1" sy="1" image="darkStoneE"/>
  <decor_391 x="4481.2" y="-465.3" rot="0" z="429" dx="0.5018" dy="0.4978" sx="1" sy="1" image="darkStoneE"/>
  <decor_392 x="2186.05" y="-656.35" rot="0" z="430" dx="0.5018" dy="0.4978" sx="1" sy="1" image="darkStoneE"/>
  <decor_393 x="1983.4" y="-642.6" rot="0" z="431" dx="0.501" dy="0.5" sx="1" sy="1" image="darkStoneD"/>
  <decor_394 x="1946.95" y="-662.7" rot="0" z="432" dx="0.501" dy="0.5" sx="1" sy="1" image="darkStoneD"/>
  <playerBall x="1635" y="-737" rot="0" type="2" den="1" frc="0.15" rst="0" sens="false" geom="0" z="434" dx="0.4824" dy="0.4428" category="100" mask="65533">
    <radius>40</radius>
  </playerBall>
  <door0 x="3315.2" y="-329.8" rot="0" type="0" den="0" frc="0.4" rst="0" sens="false" geom="2" z="134" dx="0.5014" dy="0.9181" check="10">
    <p0>
      <v0 x="45" y="0"/>
      <v1 x="45" y="20"/>
      <v2 x="-45" y="20"/>
      <v3 x="-45" y="0"/>
    </p0>
  </door0>
  <key0 x="4305.15" y="-374" rot="0" type="0" den="0" frc="0" rst="0" sens="true" geom="2" z="444" dx="0.5033" dy="0.4983">
    <p0>
      <v0 x="-18" y="18"/>
      <v1 x="-18" y="-18"/>
      <v2 x="18" y="-18"/>
      <v3 x="18" y="18"/>
    </p0>
  </key0>
  <star1 x="1919.85" y="-565" rot="0" type="0" den="0" frc="0" rst="0" sens="true" geom="0" z="50" dx="0.494" dy="0.5008">
    <radius>20</radius>
  </star1>
  <star2 x="2129.85" y="-565" rot="0" type="0" den="0" frc="0" rst="0" sens="true" geom="0" z="50" dx="0.494" dy="0.5008">
    <radius>20</radius>
  </star2>
  <star3 x="2339.85" y="-565" rot="0" type="0" den="0" frc="0" rst="0" sens="true" geom="0" z="50" dx="0.494" dy="0.5008">
    <radius>20</radius>
  </star3>
  <star4 x="2819.85" y="-655.3" rot="0" type="0" den="0" frc="0" rst="0" sens="true" geom="0" z="50" dx="0.494" dy="0.5008">
    <radius>20</radius>
  </star4>
  <star5 x="3239.85" y="-655.3" rot="0" type="0" den="0" frc="0" rst="0" sens="true" geom="0" z="50" dx="0.494" dy="0.5008">
    <radius>20</radius>
  </star5>
  <star6 x="3569.85" y="-599.5" rot="0" type="0" den="0" frc="0" rst="0" sens="true" geom="0" z="50" dx="0.494" dy="0.5008">
    <radius>20</radius>
  </star6>
  <star7 x="3569.85" y="-494.7" rot="0" type="0" den="0" frc="0" rst="0" sens="true" geom="0" z="50" dx="0.494" dy="0.5008">
    <radius>20</radius>
  </star7>
  <star8 x="3959.85" y="-599.5" rot="0" type="0" den="0" frc="0" rst="0" sens="true" geom="0" z="50" dx="0.494" dy="0.5008">
    <radius>20</radius>
  </star8>
  <star9 x="3959.85" y="-494.7" rot="0" type="0" den="0" frc="0" rst="0" sens="true" geom="0" z="50" dx="0.494" dy="0.5008">
    <radius>20</radius>
  </star9>
  <body_15 x="0" y="0" rot="0" type="0" den="0" frc="0.4" rst="0" sens="false" geom="1">
    <v0 x="1680" y="-810"/>
    <v1 x="1680" y="-540"/>
    <v2 x="1800" y="-540"/>
    <v3 x="1800" y="-600"/>
    <v4 x="2610" y="-600"/>
    <v5 x="2700" y="-630"/>
    <v6 x="2700" y="-690"/>
    <v7 x="3360" y="-690"/>
    <v8 x="3360" y="-420"/>
    <v9 x="3540" y="-420"/>
    <v10 x="3540" y="-690"/>
    <v11 x="3990" y="-690"/>
    <v12 x="3990" y="-420"/>
    <v13 x="4170" y="-420"/>
    <v14 x="4170" y="-570"/>
    <v15 x="4440" y="-570"/>
    <v16 x="4440" y="-330"/>
    <v17 x="3840" y="-330"/>
    <v18 x="3840" y="-570"/>
    <v19 x="3690" y="-570"/>
    <v20 x="3690" y="-330"/>
    <v21 x="3360" y="-330"/>
    <v22 x="3360" y="-180"/>
    <v23 x="3270" y="-180"/>
    <v24 x="3270" y="-540"/>
    <v25 x="2700" y="-540"/>
    <v26 x="2610" y="-510"/>
    <v27 x="2460" y="-510"/>
    <v28 x="2460" y="-450"/>
    <v29 x="1590" y="-450"/>
    <v30 x="1590" y="-810"/>
  </body_15>
  <body_16 x="0" y="0" rot="0" type="0" den="0" frc="0.4" rst="0" sens="false" geom="1">
    <v0 x="4260" y="-450"/>
    <v1 x="4350" y="-450"/>
    <v2 x="4350" y="-420"/>
    <v3 x="4260" y="-420"/>
  </body_16>
  <emitter_0 x="1815.35" y="-569.75" rot="180" type="0" den="0" frc="0" rst="0" sens="true" geom="2" dx="0" dy="0.5" z="433" startDelay="0" to_0="1.5">
    <p0>
      <v0 x="60" y="-15"/>
      <v1 x="60" y="15"/>
      <v2 x="45" y="0"/>
    </p0>
  </emitter_0>
  <emitter_1 x="3614.9" y="-675.05" rot="-89.9965" type="0" den="0" frc="0" rst="0" sens="true" geom="2" dx="0" dy="0.5" z="433" startDelay="0" to_0="1.5">
    <p0>
      <v0 x="60" y="-15"/>
      <v1 x="60" y="15"/>
      <v2 x="45" y="0"/>
    </p0>
  </emitter_1>
  <emitter_2 x="3870.1" y="-345" rot="89.9956" type="0" den="0" frc="0" rst="0" sens="true" geom="2" dx="0" dy="0.5" z="433" startDelay="0" to_0="1.5">
    <p0>
      <v0 x="60" y="-15"/>
      <v1 x="60" y="15"/>
      <v2 x="45" y="0"/>
    </p0>
  </emitter_2>
  <door1 x="3314.6" y="-540.25" rot="89.9948" type="0" den="0" frc="0.4" rst="0" sens="false" geom="2" z="135" dx="0.1297" dy="0.4982" check="1">
    <p0>
      <v0 x="0" y="-55"/>
      <v1 x="12" y="-55"/>
      <v2 x="12" y="55"/>
      <v3 x="0" y="55"/>
    </p0>
  </door1>
  <key1 x="3029.4" y="-654.95" rot="0" type="0" den="0" frc="0" rst="0" sens="true" geom="2" z="441" dx="0.5033" dy="0.4983">
    <p0>
      <v0 x="-18" y="18"/>
      <v1 x="-18" y="-18"/>
      <v2 x="18" y="-18"/>
      <v3 x="18" y="18"/>
    </p0>
  </key1>
  <boom1 x="2490" y="-528.95" rot="0" type="2" den="1" frc="0.5" rst="0" sens="false" geom="2" z="438" dx="0.5" dy="0.5" x1="0" x2="0" phase="-2">
    <p0>
      <v0 x="12.25" y="-17.75"/>
      <v1 x="16.95" y="-16.95"/>
      <v2 x="17.75" y="-11.95"/>
      <v3 x="17.75" y="11.95"/>
      <v4 x="17" y="17.1"/>
      <v5 x="12.25" y="17.75"/>
      <v6 x="-12" y="17.75"/>
      <v7 x="-16.9" y="16.85"/>
      <v8 x="-17.75" y="12.4"/>
      <v9 x="-17.75" y="-12"/>
      <v10 x="-17.1" y="-17"/>
      <v11 x="-12.75" y="-17.75"/>
    </p0>
  </boom1>
  <boom2 x="4306" y="-468" rot="0" type="2" den="1" frc="0.5" rst="0" sens="false" geom="2" z="449" dx="0.5" dy="0.5" x1="4020" x2="4410" phase="0">
    <p0>
      <v0 x="12.25" y="-17.75"/>
      <v1 x="16.95" y="-16.95"/>
      <v2 x="17.75" y="-11.95"/>
      <v3 x="17.75" y="11.95"/>
      <v4 x="17" y="17.1"/>
      <v5 x="12.25" y="17.75"/>
      <v6 x="-12" y="17.75"/>
      <v7 x="-16.9" y="16.85"/>
      <v8 x="-17.75" y="12.4"/>
      <v9 x="-17.75" y="-12"/>
      <v10 x="-17.1" y="-17"/>
      <v11 x="-12.75" y="-17.75"/>
    </p0>
  </boom2>
  <stairs_0 x="0" y="0" rot="0" type="0" den="0" frc="0" rst="0" sens="true" geom="2">
    <p0>
      <v0 x="3660" y="-570"/>
      <v1 x="3690" y="-570"/>
      <v2 x="3690" y="-330"/>
      <v3 x="3660" y="-330"/>
    </p0>
  </stairs_0>
  <stairs_1 x="0" y="0" rot="0" type="0" den="0" frc="0" rst="0" sens="true" geom="2">
    <p0>
      <v0 x="3840" y="-570"/>
      <v1 x="3870" y="-570"/>
      <v2 x="3870" y="-330"/>
      <v3 x="3840" y="-330"/>
    </p0>
  </stairs_1>
  <stairs_2 x="0" y="0" rot="0" type="0" den="0" frc="0" rst="0" sens="true" geom="2">
    <p0>
      <v0 x="4410" y="-540"/>
      <v1 x="4440" y="-540"/>
      <v2 x="4440" y="-330"/>
      <v3 x="4410" y="-330"/>
    </p0>
  </stairs_2>
  <caveMask>
    <p0>
      <v0 x="1590" y="-810"/>
      <v1 x="1680" y="-810"/>
      <v2 x="1680" y="-540"/>
      <v3 x="1590" y="-450"/>
    </p0>
    <p1>
      <v0 x="1800" y="-600"/>
      <v1 x="2610" y="-600"/>
      <v2 x="1800" y="-540"/>
    </p1>
    <p2>
      <v0 x="1680" y="-540"/>
      <v1 x="1800" y="-540"/>
      <v2 x="1590" y="-450"/>
    </p2>
    <p3>
      <v0 x="1800" y="-540"/>
      <v1 x="2610" y="-600"/>
      <v2 x="2460" y="-510"/>
      <v3 x="1590" y="-450"/>
    </p3>
    <p4>
      <v0 x="2460" y="-450"/>
      <v1 x="1590" y="-450"/>
      <v2 x="2460" y="-510"/>
    </p4>
    <p5>
      <v0 x="2610" y="-600"/>
      <v1 x="2700" y="-630"/>
      <v2 x="2700" y="-540"/>
      <v3 x="2610" y="-510"/>
      <v4 x="2460" y="-510"/>
    </p5>
    <p6>
      <v0 x="3360" y="-180"/>
      <v1 x="3270" y="-180"/>
      <v2 x="3270" y="-540"/>
      <v3 x="3360" y="-690"/>
    </p6>
    <p7>
      <v0 x="2700" y="-690"/>
      <v1 x="3360" y="-690"/>
      <v2 x="3270" y="-540"/>
      <v3 x="2700" y="-540"/>
    </p7>
    <p8>
      <v0 x="3360" y="-420"/>
      <v1 x="3540" y="-420"/>
      <v2 x="3690" y="-330"/>
      <v3 x="3360" y="-330"/>
    </p8>
    <p9>
      <v0 x="3690" y="-330"/>
      <v1 x="3540" y="-420"/>
      <v2 x="3540" y="-690"/>
      <v3 x="3690" y="-570"/>
    </p9>
    <p10>
      <v0 x="3540" y="-690"/>
      <v1 x="3990" y="-690"/>
      <v2 x="3840" y="-570"/>
      <v3 x="3690" y="-570"/>
    </p10>
    <p11>
      <v0 x="3990" y="-690"/>
      <v1 x="3990" y="-420"/>
      <v2 x="3840" y="-330"/>
      <v3 x="3840" y="-570"/>
    </p11>
    <p12>
      <v0 x="3990" y="-420"/>
      <v1 x="4350" y="-420"/>
      <v2 x="4440" y="-330"/>
      <v3 x="3840" y="-330"/>
    </p12>
    <p13>
      <v0 x="4350" y="-420"/>
      <v1 x="4350" y="-450"/>
      <v2 x="4440" y="-570"/>
      <v3 x="4440" y="-330"/>
    </p13>
    <p14>
      <v0 x="4350" y="-450"/>
      <v1 x="4260" y="-450"/>
      <v2 x="4170" y="-570"/>
      <v3 x="4440" y="-570"/>
    </p14>
    <p15>
      <v0 x="4260" y="-450"/>
      <v1 x="4260" y="-420"/>
      <v2 x="4170" y="-420"/>
      <v3 x="4170" y="-570"/>
    </p15>
  </caveMask>
</level_71>
