<level_75>
  <checkPoints>
    <p0 x="150" y="-25"/>
  </checkPoints>
  <viewPoints>
    <p0 x="-0.05" f="0.5" h="240"/>
    <p1 x="640.05" f="0.5" h="240"/>
  </viewPoints>
  <joints/>
  <frame x="-0.05" y="-0.05" w="640.1" h="480.1"/>
  <frameLeft x="0" y="0" rot="0" type="0" den="0" frc="0" rst="0" sens="false" geom="1" category="65535" mask="65535">
    <v0 x="-0.05" y="-0.05"/>
    <v1 x="-0.05" y="480.05"/>
  </frameLeft>
  <frameRight x="0" y="0" rot="0" type="0" den="0" frc="0" rst="0" sens="false" geom="1" category="65535" mask="65239">
    <v0 x="640.05" y="480.05"/>
    <v1 x="640.05" y="-0.05"/>
  </frameRight>
  <body_3 x="0" y="0" rot="0" type="0" den="0" frc="0" rst="0" sens="false" geom="1">
    <v0 x="-200.05" y="-0.05"/>
    <v1 x="-200.05" y="480.05"/>
  </body_3>
  <body_4 x="0" y="0" rot="0" type="0" den="0" frc="0" rst="0" sens="false" geom="1">
    <v0 x="840.05" y="480.05"/>
    <v1 x="840.05" y="-0.05"/>
  </body_4>
  <decor_1 x="73" y="401.05" rot="0" z="7" dx="0.5" dy="0.499" sx="0.8943" sy="0.8943" image="backStones"/>
  <decor_2 x="197" y="394.75" rot="0" z="8" dx="0.5" dy="0.499" sx="1.2767" sy="1.2767" image="backStones"/>
  <decor_3 x="304.55" y="402.4" rot="0" z="9" dx="0.5" dy="0.4991" sx="0.9973" sy="0.9973" image="backStones"/>
  <decor_4 x="549.6" y="394.75" rot="0" z="10" dx="0.5" dy="0.499" sx="1.2767" sy="1.2767" image="backStones"/>
  <decor_5 x="178.55" y="113.5" rot="135.9187" z="11" dx="0.5" dy="0.5" sx="1" sy="0.7674" image="backWood"/>
  <decor_6 x="181.3" y="116.9" rot="42.5183" z="12" dx="0.5" dy="0.5" sx="1" sy="0.7525" image="backWood"/>
  <decor_7 x="246" y="110.65" rot="180" z="13" dx="0.5" dy="0.5" sx="1" sy="0.5645" image="backWood"/>
  <decor_8 x="178.55" y="365.5" rot="135.9187" z="14" dx="0.5" dy="0.5" sx="1" sy="0.7674" image="backWood"/>
  <decor_9 x="181.3" y="368.9" rot="42.5183" z="15" dx="0.5" dy="0.5" sx="1" sy="0.7525" image="backWood"/>
  <decor_10 x="246" y="229.65" rot="180" z="16" dx="0.5" dy="0.5" sx="1" sy="0.5645" image="backWood"/>
  <decor_11 x="246" y="354.25" rot="180" z="17" dx="0.5" dy="0.5" sx="1" sy="0.5645" image="backWood"/>
  <decor_12 x="108.1" y="110.65" rot="180" z="18" dx="0.5" dy="0.5" sx="1" sy="0.5645" image="backWood"/>
  <decor_13 x="178.55" y="239.5" rot="135.9187" z="19" dx="0.5" dy="0.5" sx="1" sy="0.7674" image="backWood"/>
  <decor_14 x="181.3" y="242.9" rot="42.5183" z="20" dx="0.5" dy="0.5" sx="1" sy="0.7525" image="backWood"/>
  <decor_15 x="108.1" y="229.65" rot="180" z="21" dx="0.5" dy="0.5" sx="1" sy="0.5645" image="backWood"/>
  <decor_16 x="108.1" y="354.25" rot="180" z="22" dx="0.5" dy="0.5" sx="1" sy="0.5645" image="backWood"/>
  <decor_17 x="458.55" y="116.05" rot="135.9187" z="23" dx="0.5" dy="0.5" sx="1" sy="0.7674" image="backWood"/>
  <decor_18 x="461.3" y="119.45" rot="42.5183" z="24" dx="0.5" dy="0.5" sx="1" sy="0.7525" image="backWood"/>
  <decor_19 x="451.95" y="356.05" rot="135.9187" z="25" dx="0.5" dy="0.5" sx="1" sy="0.7674" image="backWood"/>
  <decor_20 x="461.3" y="371.45" rot="42.5183" z="26" dx="0.5" dy="0.5" sx="1" sy="0.7525" image="backWood"/>
  <decor_21 x="458.55" y="242.05" rot="135.9187" z="27" dx="0.5" dy="0.5" sx="1" sy="0.7674" image="backWood"/>
  <decor_22 x="461.3" y="245.45" rot="42.5183" z="28" dx="0.5" dy="0.5" sx="1" sy="0.7525" image="backWood"/>
  <decor_23 x="388.1" y="110.65" rot="180" z="29" dx="0.5" dy="0.5" sx="1" sy="0.5645" image="backWood"/>
  <decor_24 x="388.1" y="235.15" rot="180" z="30" dx="0.5" dy="0.5" sx="1" sy="0.5645" image="backWood"/>
  <decor_25 x="388.1" y="354.25" rot="180" z="31" dx="0.5" dy="0.5" sx="1" sy="0.5645" image="backWood"/>
  <decor_26 x="525.3" y="110.65" rot="180" z="32" dx="0.5" dy="0.5" sx="1" sy="0.5645" image="backWood"/>
  <decor_27 x="525.3" y="235.15" rot="180" z="33" dx="0.5" dy="0.5" sx="1" sy="0.5645" image="backWood"/>
  <decor_28 x="525.3" y="354.25" rot="180" z="34" dx="0.5" dy="0.5" sx="1" sy="0.5645" image="backWood"/>
  <decor_29 x="182.5" y="176.6" rot="-90" z="35" dx="0.5" dy="0.5" sx="1" sy="0.7289" image="backWood"/>
  <decor_30 x="182.5" y="295.6" rot="-90" z="36" dx="0.5" dy="0.5" sx="1" sy="0.7289" image="backWood"/>
  <decor_31 x="462" y="181.25" rot="-90" z="37" dx="0.5" dy="0.5" sx="1" sy="0.7289" image="backWood"/>
  <decor_32 x="462" y="300.25" rot="-90" z="38" dx="0.5" dy="0.5" sx="1" sy="0.7289" image="backWood"/>
  <decor_33 x="178.55" y="-16.5" rot="135.9187" z="39" dx="0.5" dy="0.5" sx="1" sy="0.7674" image="backWood"/>
  <decor_34 x="181.3" y="-13.1" rot="42.5183" z="40" dx="0.5" dy="0.5" sx="1" sy="0.7525" image="backWood"/>
  <decor_35 x="246" y="-19.35" rot="180" z="41" dx="0.5" dy="0.5" sx="1" sy="0.5645" image="backWood"/>
  <decor_36 x="108.1" y="-19.35" rot="180" z="42" dx="0.5" dy="0.5" sx="1" sy="0.5645" image="backWood"/>
  <decor_37 x="182.5" y="46.6" rot="-90" z="43" dx="0.5" dy="0.5" sx="1" sy="0.7289" image="backWood"/>
  <decor_38 x="458.55" y="-6.5" rot="135.9187" z="44" dx="0.5" dy="0.5" sx="1" sy="0.7674" image="backWood"/>
  <decor_39 x="461.3" y="-3.1" rot="42.5183" z="45" dx="0.5" dy="0.5" sx="1" sy="0.7525" image="backWood"/>
  <decor_40 x="526" y="-9.35" rot="180" z="46" dx="0.5" dy="0.5" sx="1" sy="0.5645" image="backWood"/>
  <decor_41 x="388.1" y="-9.35" rot="180" z="47" dx="0.5" dy="0.5" sx="1" sy="0.5645" image="backWood"/>
  <decor_42 x="462.5" y="56.6" rot="-90" z="48" dx="0.5" dy="0.5" sx="1" sy="0.7289" image="backWood"/>
  <decor_43 x="547.95" y="425.2" rot="0" z="49" dx="0.491" dy="0.5" sx="1.3188" sy="1" image="groundLong"/>
  <decor_44 x="393.45" y="425.2" rot="0" z="50" dx="0.491" dy="0.5" sx="1.3188" sy="1" image="groundLong"/>
  <decor_45 x="239.95" y="425.2" rot="0" z="51" dx="0.491" dy="0.5" sx="1.3188" sy="1" image="groundLong"/>
  <decor_46 x="88.85" y="425.2" rot="0" z="52" dx="0.491" dy="0.5" sx="1.3188" sy="1" image="groundLong"/>
  <decor_47 x="24.15" y="323.3" rot="-90" z="53" dx="0.5009" dy="0.4994" sx="1.3205" sy="1" image="woodStandart"/>
  <decor_48 x="24.15" y="113.05" rot="-90" z="54" dx="0.5009" dy="0.4994" sx="1.6944" sy="1" image="woodStandart"/>
  <decor_49 x="616.65" y="115.5" rot="90" z="55" dx="0.5009" dy="0.4994" sx="1.6354" sy="1" image="woodStandart"/>
  <decor_50 x="616.65" y="323.35" rot="90" z="56" dx="0.5009" dy="0.4994" sx="1.3205" sy="1" image="woodStandart"/>
  <decor_51 x="24.15" y="204.15" rot="-90" z="63" dx="0.5002" dy="0.5" sx="2.909" sy="1" image="woodShadow"/>
  <decor_52 x="616.65" y="207.65" rot="90" z="64" dx="0.5001" dy="0.5" sx="2.8635" sy="1" image="woodShadow"/>
  <decor_53 x="17.95" y="426.85" rot="0" z="65" dx="0.5" dy="0.5" sx="1" sy="1" image="stonesOver"/>
  <decor_54 x="618.7" y="428.35" rot="0" z="66" dx="0.5" dy="0.5" sx="1" sy="1" image="stonesOver2"/>
  <decor_55 x="34.3" y="69.85" rot="0" z="67" dx="0.4879" dy="0.4826" sx="1" sy="0.935" image="stairsA"/>
  <decor_56 x="34.7" y="404.8" rot="0" z="68" dx="0.5" dy="0.5056" sx="1" sy="1" image="stairsC"/>
  <decor_57 x="34.3" y="301.05" rot="0" z="69" dx="0.4879" dy="0.4826" sx="1" sy="0.935" image="stairsA"/>
  <decor_58 x="34.3" y="342.35" rot="0" z="70" dx="0.4879" dy="0.4826" sx="1" sy="0.935" image="stairsA"/>
  <decor_59 x="34.3" y="383.3" rot="0" z="71" dx="0.4879" dy="0.4826" sx="1" sy="0.935" image="stairsA"/>
  <decor_60 x="34.3" y="260.2" rot="0" z="72" dx="0.4879" dy="0.4826" sx="1" sy="0.935" image="stairsA"/>
  <decor_61 x="34.3" y="220.15" rot="0" z="73" dx="0.4879" dy="0.4826" sx="1" sy="0.935" image="stairsA"/>
  <decor_62 x="34.3" y="98.6" rot="0" z="74" dx="0.4879" dy="0.4826" sx="1" sy="0.935" image="stairsA"/>
  <decor_63 x="34.3" y="181.05" rot="0" z="75" dx="0.4879" dy="0.4826" sx="1" sy="0.935" image="stairsA"/>
  <decor_64 x="34.3" y="140.2" rot="0" z="76" dx="0.4879" dy="0.4826" sx="1" sy="0.935" image="stairsA"/>
  <decor_65 x="34.4" y="47" rot="0" z="77" dx="0.483" dy="0.0652" sx="1" sy="1" image="stairsB"/>
  <decor_66 x="604.7" y="72.1" rot="0" z="78" dx="0.4879" dy="0.4826" sx="1" sy="0.935" image="stairsA"/>
  <decor_67 x="604.75" y="49.05" rot="0" z="79" dx="0.483" dy="0.0652" sx="1" sy="1" image="stairsB"/>
  <decor_68 x="605.1" y="404.8" rot="0" z="80" dx="0.5" dy="0.5056" sx="1" sy="1" image="stairsC"/>
  <decor_69 x="604.7" y="301.05" rot="0" z="81" dx="0.4879" dy="0.4826" sx="1" sy="0.935" image="stairsA"/>
  <decor_70 x="604.7" y="342.35" rot="0" z="82" dx="0.4879" dy="0.4826" sx="1" sy="0.935" image="stairsA"/>
  <decor_71 x="604.7" y="383.3" rot="0" z="83" dx="0.4879" dy="0.4826" sx="1" sy="0.935" image="stairsA"/>
  <decor_72 x="604.7" y="260.2" rot="0" z="84" dx="0.4879" dy="0.4826" sx="1" sy="0.935" image="stairsA"/>
  <decor_73 x="604.7" y="220.15" rot="0" z="85" dx="0.4879" dy="0.4826" sx="1" sy="0.935" image="stairsA"/>
  <decor_74 x="604.7" y="100.6" rot="0" z="86" dx="0.4879" dy="0.4826" sx="1" sy="0.935" image="stairsA"/>
  <decor_75 x="604.7" y="180.2" rot="0" z="87" dx="0.4879" dy="0.4826" sx="1" sy="0.935" image="stairsA"/>
  <decor_76 x="604.7" y="140.15" rot="0" z="88" dx="0.4879" dy="0.4826" sx="1" sy="0.935" image="stairsA"/>
  <decor_77 x="22.25" y="474.1" rot="0" z="89" dx="0.5007" dy="0.4993" sx="1" sy="1" image="darkStoneA"/>
  <decor_78 x="603.8" y="483.1" rot="0" z="90" dx="0.5009" dy="0.4994" sx="1" sy="1" image="darkStoneB"/>
  <decor_79 x="539.25" y="480.25" rot="0" z="91" dx="0.5003" dy="0.5" sx="1" sy="1" image="darkStoneC"/>
  <decor_80 x="-2.25" y="223.2" rot="0" z="92" dx="0.501" dy="0.5" sx="1" sy="1" image="darkStoneD"/>
  <decor_81 x="677.05" y="467" rot="0" z="93" dx="0.5003" dy="0.5" sx="1" sy="1" image="darkStoneC"/>
  <decor_82 x="-20.9" y="418" rot="0" z="94" dx="0.5007" dy="0.4993" sx="1" sy="1" image="darkStoneA"/>
  <decor_83 x="-14.25" y="266.9" rot="0" z="95" dx="0.5007" dy="0.4993" sx="1" sy="1" image="darkStoneA"/>
  <decor_84 x="644" y="366.2" rot="0" z="96" dx="0.501" dy="0.5" sx="1" sy="1" image="darkStoneD"/>
  <decor_85 x="674.1" y="356.4" rot="0" z="97" dx="0.5018" dy="0.4978" sx="1" sy="1" image="darkStoneE"/>
  <decor_86 x="641" y="227.25" rot="0" z="98" dx="0.5018" dy="0.4978" sx="1" sy="1" image="darkStoneE"/>
  <decor_87 x="645.35" y="305.05" rot="0" z="99" dx="0.501" dy="0.5" sx="1" sy="1" image="darkStoneD"/>
  <decor_88 x="-20.9" y="461.45" rot="0" z="100" dx="0.5007" dy="0.4993" sx="1" sy="1" image="darkStoneA"/>
  <decor_89 x="659.3" y="116.2" rot="0" z="101" dx="0.5009" dy="0.4994" sx="1" sy="1" image="darkStoneB"/>
  <decor_90 x="-23.65" y="205.35" rot="0" z="102" dx="0.5007" dy="0.4993" sx="1" sy="1" image="darkStoneA"/>
  <decor_91 x="-22.85" y="376.7" rot="0" z="103" dx="0.5009" dy="0.4994" sx="1" sy="1" image="darkStoneB"/>
  <decor_92 x="669.4" y="210.15" rot="0" z="104" dx="0.5003" dy="0.5" sx="1" sy="1" image="darkStoneC"/>
  <decor_93 x="-34.35" y="316.5" rot="0" z="105" dx="0.5003" dy="0.5" sx="1" sy="1" image="darkStoneC"/>
  <decor_94 x="650.6" y="160.3" rot="0" z="106" dx="0.5007" dy="0.4993" sx="1" sy="1" image="darkStoneA"/>
  <decor_95 x="684.1" y="298.85" rot="0" z="107" dx="0.5018" dy="0.4978" sx="1" sy="1" image="darkStoneE"/>
  <decor_96 x="-26.65" y="109.5" rot="0" z="108" dx="0.5009" dy="0.4994" sx="1" sy="1" image="darkStoneB"/>
  <decor_97 x="-34.2" y="160.85" rot="0" z="109" dx="0.5003" dy="0.5" sx="1" sy="1" image="darkStoneC"/>
  <decor_98 x="649.5" y="331.95" rot="0" z="110" dx="0.501" dy="0.5" sx="1" sy="1" image="darkStoneD"/>
  <decor_99 x="3.3" y="339.9" rot="0" z="111" dx="0.5018" dy="0.4978" sx="1" sy="1" image="darkStoneE"/>
  <decor_100 x="472.55" y="464.55" rot="0" z="112" dx="0.5018" dy="0.4978" sx="1" sy="1" image="darkStoneE"/>
  <decor_101 x="72.5" y="476" rot="0" z="113" dx="0.5009" dy="0.4994" sx="1" sy="1" image="darkStoneB"/>
  <decor_102 x="143.4" y="482.8" rot="0" z="114" dx="0.5003" dy="0.5" sx="1" sy="1" image="darkStoneC"/>
  <decor_103 x="670.7" y="408.15" rot="0" z="115" dx="0.5003" dy="0.5" sx="1" sy="1" image="darkStoneC"/>
  <decor_104 x="416.5" y="481.1" rot="0" z="116" dx="0.5003" dy="0.5" sx="1" sy="1" image="darkStoneC"/>
  <decor_105 x="346.75" y="478.75" rot="0" z="117" dx="0.5007" dy="0.4993" sx="1" sy="1" image="darkStoneA"/>
  <decor_106 x="203.05" y="469.5" rot="0" z="118" dx="0.501" dy="0.5" sx="1" sy="1" image="darkStoneD"/>
  <decor_107 x="240.05" y="480.05" rot="0" z="119" dx="0.5009" dy="0.4994" sx="1" sy="1" image="darkStoneB"/>
  <decor_108 x="297.05" y="469.5" rot="0" z="120" dx="0.501" dy="0.5" sx="1" sy="1" image="darkStoneD"/>
  <decor_109 x="652.45" y="263.6" rot="0" z="121" dx="0.5007" dy="0.4993" sx="1" sy="1" image="darkStoneA"/>
  <playerBall x="150" y="-25" rot="0" type="2" den="1" frc="0.15" rst="0" sens="false" geom="0" z="124" dx="0.4824" dy="0.2923" category="100" mask="65533">
    <radius>40</radius>
  </playerBall>
  <body_6 x="0" y="0" rot="0" type="0" den="0" frc="0.4" rst="0" sens="false" geom="1">
    <v0 x="605" y="-60"/>
    <v1 x="605" y="420"/>
    <v2 x="35" y="420"/>
    <v3 x="35" y="-60"/>
  </body_6>
  <bossBox x="740" y="359" rot="0" type="2" den="1" frc="0.8" rst="0" sens="false" geom="2" z="124" dx="0.5" dy="0.5" category="50" mask="65535" x1="150" x2="490" phase="0">
    <p0>
      <v0 x="37.9" y="-58.35"/>
      <v1 x="50.75" y="-51.5"/>
      <v2 x="57.5" y="-38.7"/>
      <v3 x="57.5" y="41.7"/>
      <v4 x="51.35" y="54"/>
      <v5 x="39.05" y="60.15"/>
      <v6 x="-41.35" y="60.15"/>
      <v7 x="-54.5" y="53.8"/>
      <v8 x="-61" y="40.65"/>
      <v9 x="-61" y="-40.35"/>
      <v10 x="-54.7" y="-51.95"/>
      <v11 x="-43" y="-58.35"/>
    </p0>
  </bossBox>
  <bossKey x="770" y="150.05" rot="0" type="1" den="0" frc="0" rst="0" sens="true" geom="2" z="125" dx="0.5033" dy="0.4983">
    <p0>
      <v0 x="-18" y="18"/>
      <v1 x="-18" y="-18"/>
      <v2 x="18" y="-18"/>
      <v3 x="18" y="18"/>
    </p0>
  </bossKey>
  <stairs_0 x="0" y="0" rot="0" type="0" den="0" frc="0" rst="0" sens="true" geom="2">
    <p0>
      <v0 x="35" y="25"/>
      <v1 x="65" y="25"/>
      <v2 x="65" y="420"/>
      <v3 x="35" y="420"/>
    </p0>
  </stairs_0>
  <stairs_1 x="0" y="0" rot="0" type="0" den="0" frc="0" rst="0" sens="true" geom="2">
    <p0>
      <v0 x="575" y="25"/>
      <v1 x="605" y="25"/>
      <v2 x="605" y="420"/>
      <v3 x="575" y="420"/>
    </p0>
  </stairs_1>
  <caveMask>
    <p0>
      <v0 x="35" y="-60"/>
      <v1 x="605" y="-60"/>
      <v2 x="605" y="420"/>
      <v3 x="35" y="420"/>
    </p0>
  </caveMask>
  <emitter_0 x="51" y="395" rot="180" type="0" den="0" frc="0" rst="0" sens="true" geom="2" dx="0" dy="0.5" z="123" startDelay="5" to_0="4.5">
    <p0>
      <v0 x="60" y="-15"/>
      <v1 x="60" y="15"/>
      <v2 x="45" y="0"/>
    </p0>
  </emitter_0>
  <emitter_1 x="51" y="355" rot="180" type="0" den="0" frc="0" rst="0" sens="true" geom="2" dx="0" dy="0.5" z="123" startDelay="6.5" to_0="4.5">
    <p0>
      <v0 x="60" y="-15"/>
      <v1 x="60" y="15"/>
      <v2 x="45" y="0"/>
    </p0>
  </emitter_1>
  <emitter_2 x="51" y="315" rot="180" type="0" den="0" frc="0" rst="0" sens="true" geom="2" dx="0" dy="0.5" z="123" startDelay="8" to_0="4.5">
    <p0>
      <v0 x="60" y="-15"/>
      <v1 x="60" y="15"/>
      <v2 x="45" y="0"/>
    </p0>
  </emitter_2>
  <emitter_3 x="590" y="395" rot="0" type="0" den="0" frc="0" rst="0" sens="true" geom="2" dx="0" dy="0.5" z="123" startDelay="5" to_0="4.5">
    <p0>
      <v0 x="60" y="-15"/>
      <v1 x="60" y="15"/>
      <v2 x="45" y="0"/>
    </p0>
  </emitter_3>
  <emitter_4 x="590" y="355" rot="0" type="0" den="0" frc="0" rst="0" sens="true" geom="2" dx="0" dy="0.5" z="123" startDelay="6.5" to_0="4.5">
    <p0>
      <v0 x="60" y="-15"/>
      <v1 x="60" y="15"/>
      <v2 x="45" y="0"/>
    </p0>
  </emitter_4>
  <emitter_5 x="590" y="315" rot="0" type="0" den="0" frc="0" rst="0" sens="true" geom="2" dx="0" dy="0.5" z="123" startDelay="8" to_0="4.5">
    <p0>
      <v0 x="60" y="-15"/>
      <v1 x="60" y="15"/>
      <v2 x="45" y="0"/>
    </p0>
  </emitter_5>
  <cage x="319" y="-9" rot="0" type="1" den="0" frc="0.8" rst="0" sens="false" geom="2" z="125" dx="0.4968" dy="0.0093">
    <p0>
      <v0 x="45" y="-90"/>
      <v1 x="33.75" y="-78.75"/>
      <v2 x="-33.75" y="-78.75"/>
      <v3 x="-45" y="-90"/>
    </p0>
    <p1>
      <v0 x="-45" y="0"/>
      <v1 x="-45" y="-90"/>
      <v2 x="-33.75" y="-78.75"/>
      <v3 x="-33.75" y="-11.25"/>
    </p1>
    <p2>
      <v0 x="-33.75" y="-11.25"/>
      <v1 x="33.75" y="-11.25"/>
      <v2 x="45" y="0"/>
      <v3 x="-45" y="0"/>
    </p2>
    <p3>
      <v0 x="33.75" y="-11.25"/>
      <v1 x="33.75" y="-78.75"/>
      <v2 x="45" y="-90"/>
      <v3 x="45" y="0"/>
    </p3>
  </cage>
  <princessBall x="317.05" y="-39.45" rot="0" type="2" den="1" frc="0.5" rst="0" sens="false" geom="0" z="124" dx="0.4994" dy="0.3819">
    <radius>40</radius>
  </princessBall>
  <stone x="320" y="-55" rot="0" type="2" den="1.2" frc="0.4" rst="0" sens="true" geom="0" z="125" dx="0.4958" dy="0.498">
      <radius>100</radius>
  </stone>
</level_75>
