<level_59>
  <checkPoints>
    <p0 x="-1100" y="-1780.2"/>
    <p1 x="326" y="-1537"/>
  </checkPoints>
  <viewPoints/>
  <joints/>
  <frame x="-1239.25" y="-1920.1" w="2159.35" h="640.35"/>
  <frameLeft x="0" y="0" rot="0" type="0" den="0" frc="0" rst="0" sens="false" geom="1" category="65535" mask="65535">
    <v0 x="-1239.25" y="-1920.1"/>
    <v1 x="-1239.25" y="-1279.75"/>
  </frameLeft>
  <frameRight x="0" y="0" rot="0" type="0" den="0" frc="0" rst="0" sens="false" geom="1" category="65535" mask="65239">
    <v0 x="920.1" y="-1279.75"/>
    <v1 x="920.1" y="-1920.1"/>
  </frameRight>
  <decor_1 x="298.5" y="-1681.35" rot="0" z="1" dx="0.5487" dy="0.4659" image="decor_5"/>
  <decor_2 x="619.55" y="-1578.5" rot="0" z="2" dx="0.5131" dy="0.4127" image="decor_3"/>
  <decor_3 x="724" y="-1597.1" rot="0" z="3" dx="0.5" dy="0.5" image="decor_2"/>
  <grav_1 x="780" y="-1519.75" rot="180" type="0" den="0" frc="0" rst="0" sens="true" geom="2" z="6" dx="0.5" dy="0">
    <p0>
      <v0 x="22.5" y="-43.4"/>
      <v1 x="22.8" y="4.1"/>
      <v2 x="-22.45" y="4.1"/>
      <v3 x="-22.45" y="-43.4"/>
    </p0>
  </grav_1>
  <grav_2 x="-1099.95" y="-1539.65" rot="0" type="0" den="0" frc="0" rst="0" sens="true" geom="2" z="7" dx="0.5" dy="0">
    <p0>
      <v0 x="22.5" y="-43.4"/>
      <v1 x="22.8" y="4.1"/>
      <v2 x="-22.45" y="4.1"/>
      <v3 x="-22.45" y="-43.4"/>
    </p0>
  </grav_2>
  <grav_3 x="-900" y="-1639.65" rot="180" type="0" den="0" frc="0" rst="0" sens="true" geom="2" z="8" dx="0.5" dy="0">
    <p0>
      <v0 x="22.5" y="-43.4"/>
      <v1 x="22.8" y="4.1"/>
      <v2 x="-22.45" y="4.1"/>
      <v3 x="-22.45" y="-43.4"/>
    </p0>
  </grav_3>
  <grav_4 x="-699.45" y="-1519.65" rot="0" type="0" den="0" frc="0" rst="0" sens="true" geom="2" z="9" dx="0.5" dy="0">
    <p0>
      <v0 x="22.5" y="-43.4"/>
      <v1 x="22.8" y="4.1"/>
      <v2 x="-22.45" y="4.1"/>
      <v3 x="-22.45" y="-43.4"/>
    </p0>
  </grav_4>
  <grav_5 x="-440" y="-1679.65" rot="180" type="0" den="0" frc="0" rst="0" sens="true" geom="2" z="10" dx="0.5" dy="0">
    <p0>
      <v0 x="22.5" y="-43.4"/>
      <v1 x="22.8" y="4.1"/>
      <v2 x="-22.45" y="4.1"/>
      <v3 x="-22.45" y="-43.4"/>
    </p0>
  </grav_5>
  <grav_6 x="-280.05" y="-1579.8" rot="0" type="0" den="0" frc="0" rst="0" sens="true" geom="2" z="11" dx="0.5" dy="0">
    <p0>
      <v0 x="22.5" y="-43.4"/>
      <v1 x="22.8" y="4.1"/>
      <v2 x="-22.45" y="4.1"/>
      <v3 x="-22.45" y="-43.4"/>
    </p0>
  </grav_6>
  <grav_7 x="-120.05" y="-1699.75" rot="180" type="0" den="0" frc="0" rst="0" sens="true" geom="2" z="12" dx="0.5" dy="0">
    <p0>
      <v0 x="22.5" y="-43.4"/>
      <v1 x="22.8" y="4.1"/>
      <v2 x="-22.45" y="4.1"/>
      <v3 x="-22.45" y="-43.4"/>
    </p0>
  </grav_7>
  <grav_8 x="60" y="-1579.75" rot="0" type="0" den="0" frc="0" rst="0" sens="true" geom="2" z="13" dx="0.5" dy="0">
    <p0>
      <v0 x="22.5" y="-43.4"/>
      <v1 x="22.8" y="4.1"/>
      <v2 x="-22.45" y="4.1"/>
      <v3 x="-22.45" y="-43.4"/>
    </p0>
  </grav_8>
  <body_11 x="202" y="-1511.35" rot="0" type="0" den="0" frc="0.4" rst="0" sens="false" geom="2" image="balk90_1" z="17" dx="0.5" dy="0.5">
    <p0>
      <v0 x="42.55" y="-5.15"/>
      <v1 x="44.05" y="-2"/>
      <v2 x="44.05" y="0.85"/>
      <v3 x="43.35" y="3.6"/>
      <v4 x="42.05" y="5.75"/>
      <v5 x="39.35" y="8"/>
      <v6 x="-40" y="8"/>
      <v7 x="-42" y="5.75"/>
      <v8 x="-43.3" y="3.6"/>
      <v9 x="-44" y="0.85"/>
      <v10 x="-44" y="-2"/>
      <v11 x="-42.5" y="-5.15"/>
      <v12 x="-39.45" y="-8"/>
      <v13 x="39.4" y="-8"/>
    </p0>
  </body_11>
  <body_12 x="285" y="-1511.35" rot="0" type="0" den="0" frc="0.4" rst="0" sens="false" geom="2" image="balk90" z="18" dx="0.5" dy="0.5">
    <p0>
      <v0 x="42.55" y="-5.15"/>
      <v1 x="44.05" y="-2"/>
      <v2 x="44.05" y="0.85"/>
      <v3 x="43.35" y="3.6"/>
      <v4 x="42.05" y="5.75"/>
      <v5 x="39.35" y="8"/>
      <v6 x="-40" y="8"/>
      <v7 x="-42" y="5.75"/>
      <v8 x="-43.3" y="3.6"/>
      <v9 x="-44" y="0.85"/>
      <v10 x="-44" y="-2"/>
      <v11 x="-42.5" y="-5.15"/>
      <v12 x="-39.45" y="-8"/>
      <v13 x="39.4" y="-8"/>
    </p0>
  </body_12>
  <body_13 x="371" y="-1511.35" rot="0" type="0" den="0" frc="0.4" rst="0" sens="false" geom="2" image="balk90_6" z="19" dx="0.5" dy="0.5">
    <p0>
      <v0 x="42.55" y="-5.15"/>
      <v1 x="44.05" y="-2"/>
      <v2 x="44.05" y="0.85"/>
      <v3 x="43.35" y="3.6"/>
      <v4 x="42.05" y="5.75"/>
      <v5 x="39.35" y="8"/>
      <v6 x="-40" y="8"/>
      <v7 x="-42" y="5.75"/>
      <v8 x="-43.3" y="3.6"/>
      <v9 x="-44" y="0.85"/>
      <v10 x="-44" y="-2"/>
      <v11 x="-42.5" y="-5.15"/>
      <v12 x="-39.45" y="-8"/>
      <v13 x="39.4" y="-8"/>
    </p0>
  </body_13>
  <body_14 x="617.9" y="-1422" rot="0" type="0" den="0" frc="0.4" rst="0" sens="false" geom="2" image="balk90_1" z="28" dx="0.5" dy="0.5">
    <p0>
      <v0 x="42.55" y="-5.15"/>
      <v1 x="44.05" y="-2"/>
      <v2 x="44.05" y="0.85"/>
      <v3 x="43.35" y="3.6"/>
      <v4 x="42.05" y="5.75"/>
      <v5 x="39.35" y="8"/>
      <v6 x="-40" y="8"/>
      <v7 x="-42" y="5.75"/>
      <v8 x="-43.3" y="3.6"/>
      <v9 x="-44" y="0.85"/>
      <v10 x="-44" y="-2"/>
      <v11 x="-42.5" y="-5.15"/>
      <v12 x="-39.45" y="-8"/>
      <v13 x="39.4" y="-8"/>
    </p0>
  </body_14>
  <body_15 x="703.9" y="-1422" rot="0" type="0" den="0" frc="0.4" rst="0" sens="false" geom="2" image="balk90_6" z="29" dx="0.5" dy="0.5">
    <p0>
      <v0 x="42.55" y="-5.15"/>
      <v1 x="44.05" y="-2"/>
      <v2 x="44.05" y="0.85"/>
      <v3 x="43.35" y="3.6"/>
      <v4 x="42.05" y="5.75"/>
      <v5 x="39.35" y="8"/>
      <v6 x="-40" y="8"/>
      <v7 x="-42" y="5.75"/>
      <v8 x="-43.3" y="3.6"/>
      <v9 x="-44" y="0.85"/>
      <v10 x="-44" y="-2"/>
      <v11 x="-42.5" y="-5.15"/>
      <v12 x="-39.45" y="-8"/>
      <v13 x="39.4" y="-8"/>
    </p0>
  </body_15>
  <body_16 x="616.9" y="-1615.2" rot="0" type="0" den="0" frc="0.4" rst="0" sens="false" geom="2" image="balk90_1" z="31" dx="0.5" dy="0.5">
    <p0>
      <v0 x="42.55" y="-5.15"/>
      <v1 x="44.05" y="-2"/>
      <v2 x="44.05" y="0.85"/>
      <v3 x="43.35" y="3.6"/>
      <v4 x="42.05" y="5.75"/>
      <v5 x="39.35" y="8"/>
      <v6 x="-40" y="8"/>
      <v7 x="-42" y="5.75"/>
      <v8 x="-43.3" y="3.6"/>
      <v9 x="-44" y="0.85"/>
      <v10 x="-44" y="-2"/>
      <v11 x="-42.5" y="-5.15"/>
      <v12 x="-39.45" y="-8"/>
      <v13 x="39.4" y="-8"/>
    </p0>
  </body_16>
  <body_17 x="702.9" y="-1615.2" rot="0" type="0" den="0" frc="0.4" rst="0" sens="false" geom="2" image="balk90_6" z="32" dx="0.5" dy="0.5">
    <p0>
      <v0 x="42.55" y="-5.15"/>
      <v1 x="44.05" y="-2"/>
      <v2 x="44.05" y="0.85"/>
      <v3 x="43.35" y="3.6"/>
      <v4 x="42.05" y="5.75"/>
      <v5 x="39.35" y="8"/>
      <v6 x="-40" y="8"/>
      <v7 x="-42" y="5.75"/>
      <v8 x="-43.3" y="3.6"/>
      <v9 x="-44" y="0.85"/>
      <v10 x="-44" y="-2"/>
      <v11 x="-42.5" y="-5.15"/>
      <v12 x="-39.45" y="-8"/>
      <v13 x="39.4" y="-8"/>
    </p0>
  </body_17>
  <body_18 x="283" y="-1711.35" rot="0" type="0" den="0" frc="0.4" rst="0" sens="false" geom="2" image="balk90_1" z="38" dx="0.5" dy="0.5">
    <p0>
      <v0 x="42.55" y="-5.15"/>
      <v1 x="44.05" y="-2"/>
      <v2 x="44.05" y="0.85"/>
      <v3 x="43.35" y="3.6"/>
      <v4 x="42.05" y="5.75"/>
      <v5 x="39.35" y="8"/>
      <v6 x="-40" y="8"/>
      <v7 x="-42" y="5.75"/>
      <v8 x="-43.3" y="3.6"/>
      <v9 x="-44" y="0.85"/>
      <v10 x="-44" y="-2"/>
      <v11 x="-42.5" y="-5.15"/>
      <v12 x="-39.45" y="-8"/>
      <v13 x="39.4" y="-8"/>
    </p0>
  </body_18>
  <body_19 x="369" y="-1711.35" rot="0" type="0" den="0" frc="0.4" rst="0" sens="false" geom="2" image="balk90_6" z="39" dx="0.5" dy="0.5">
    <p0>
      <v0 x="42.55" y="-5.15"/>
      <v1 x="44.05" y="-2"/>
      <v2 x="44.05" y="0.85"/>
      <v3 x="43.35" y="3.6"/>
      <v4 x="42.05" y="5.75"/>
      <v5 x="39.35" y="8"/>
      <v6 x="-40" y="8"/>
      <v7 x="-42" y="5.75"/>
      <v8 x="-43.3" y="3.6"/>
      <v9 x="-44" y="0.85"/>
      <v10 x="-44" y="-2"/>
      <v11 x="-42.5" y="-5.15"/>
      <v12 x="-39.45" y="-8"/>
      <v13 x="39.4" y="-8"/>
    </p0>
  </body_19>
  <playerBall x="-1100" y="-1780.2" rot="0" type="2" den="1" frc="0.15" rst="0" sens="false" geom="0" z="17" dx="0.4824" dy="0.3283" category="100" mask="65533">
    <radius>40</radius>
  </playerBall>
  <beginTeleport x="-1100" y="-1780" rot="0" z="15" dx="0.5" dy="0.5"/>
  <star1 x="219.85" y="-1485" rot="0" type="0" den="0" frc="0" rst="0" sens="true" geom="0" z="50" dx="0.494" dy="0.5008">
    <radius>20</radius>
  </star1>
  <star2 x="339.85" y="-1485" rot="0" type="0" den="0" frc="0" rst="0" sens="true" geom="0" z="50" dx="0.494" dy="0.5008">
    <radius>20</radius>
  </star2>
  <star3 x="658.75" y="-1394.65" rot="0" type="0" den="0" frc="0" rst="0" sens="true" geom="0" z="50" dx="0.494" dy="0.5008">
    <radius>20</radius>
  </star3>
  <star4 x="658.75" y="-1643.55" rot="0" type="0" den="0" frc="0" rst="0" sens="true" geom="0" z="50" dx="0.494" dy="0.5008">
    <radius>20</radius>
  </star4>
  <star5 x="281.9" y="-1740.7" rot="0" type="0" den="0" frc="0" rst="0" sens="true" geom="0" z="50" dx="0.494" dy="0.5008">
    <radius>20</radius>
  </star5>
  <star6 x="280.9" y="-1818.15" rot="0" type="0" den="0" frc="0" rst="0" sens="true" geom="0" z="50" dx="0.494" dy="0.5008">
    <radius>20</radius>
  </star6>
  <star7 x="361.2" y="-1818.15" rot="0" type="0" den="0" frc="0" rst="0" sens="true" geom="0" z="50" dx="0.494" dy="0.5008">
    <radius>20</radius>
  </star7>
  <star8 x="362.2" y="-1739.7" rot="0" type="0" den="0" frc="0" rst="0" sens="true" geom="0" z="50" dx="0.494" dy="0.5008">
    <radius>20</radius>
  </star8>
  <winTeleport x="-570" y="-1637.1" rot="0" type="0" den="0" frc="0" rst="0" sens="true" geom="0" z="14" dx="0.5" dy="0.5">
    <radius>50</radius>
  </winTeleport>
  <laser_1 body="body_30">
    <splash1/>
    <splash2/>
  </laser_1>
  <splash1 x="-360.3" y="-1719.75" rot="0" z="21" dx="0.5" dy="0.5"/>
  <splash2 x="-360.3" y="-1559.75" rot="0" z="24" dx="0.5" dy="0.5"/>
  <body_30 x="0" y="0" rot="0" type="0" den="0" frc="0" rst="0" sens="true" geom="1">
    <v0 x="-360.3" y="-1719.75"/>
    <v1 x="-360.3" y="-1559.75"/>
  </body_30>
  <laser_2 body="body_31">
    <splash3/>
    <splash4/>
  </laser_2>
  <splash3 x="-199.3" y="-1761.7" rot="0" z="22" dx="0.5" dy="0.5"/>
  <splash4 x="-199.3" y="-1519.75" rot="0" z="23" dx="0.5" dy="0.5"/>
  <body_31 x="0" y="0" rot="0" type="0" den="0" frc="0" rst="0" sens="true" geom="1">
    <v0 x="-199.3" y="-1761.7"/>
    <v1 x="-199.3" y="-1519.75"/>
  </body_31>
  <laser_3 body="body_32">
    <splash5/>
    <splash6/>
  </laser_3>
  <splash5 x="-39.3" y="-1479.75" rot="0" z="26" dx="0.5" dy="0.5"/>
  <splash6 x="-39.3" y="-1799.7" rot="0" z="25" dx="0.5" dy="0.5"/>
  <body_32 x="0" y="0" rot="0" type="0" den="0" frc="0" rst="0" sens="true" geom="1">
    <v0 x="-39.3" y="-1479.75"/>
    <v1 x="-39.3" y="-1799.7"/>
  </body_32>
  <triangle1 x="324" y="-1780.45" rot="0" type="0" den="0" frc="0" rst="0" sens="true" geom="0" z="5" dx="0.5153" dy="0.5036" fullDelay="0">
    <radius>30</radius>
  </triangle1>
  <laser_4 body="body_34">
    <splash7/>
    <splash8/>
    <splash9/>
    <splash10/>
    <splash7/>
  </laser_4>
  <splash7 x="-619.3" y="-1588.05" rot="0" z="35" dx="0.5" dy="0.5"/>
  <splash8 x="-519.3" y="-1588.05" rot="0" z="37" dx="0.5" dy="0.5"/>
  <splash9 x="-519.3" y="-1685.35" rot="0" z="38" dx="0.5" dy="0.5"/>
  <splash10 x="-619.3" y="-1685.35" rot="0" z="36" dx="0.5" dy="0.5"/>
  <body_34 x="0" y="0" rot="0" type="0" den="0" frc="0" rst="0" sens="true" geom="1">
    <v0 x="-619.3" y="-1588.05"/>
    <v1 x="-519.3" y="-1588.05"/>
    <v2 x="-519.3" y="-1685.35"/>
    <v3 x="-619.3" y="-1685.35"/>
    <v4 x="-619.3" y="-1588.05"/>
  </body_34>
  <precipice1 x="0" y="0" rot="0" type="0" den="0" frc="0" rst="0" sens="true" geom="2">
    <p0>
      <v0 x="960" y="-2080"/>
      <v1 x="960" y="-2000"/>
      <v2 x="-1320" y="-2000"/>
      <v3 x="-1320" y="-2080"/>
    </p0>
  </precipice1>
  <precipice2 x="0" y="0" rot="0" type="0" den="0" frc="0" rst="0" sens="true" geom="2">
    <p0>
      <v0 x="960" y="-1240"/>
      <v1 x="960" y="-1160"/>
      <v2 x="-1320" y="-1160"/>
      <v3 x="-1320" y="-1240"/>
    </p0>
  </precipice2>
  <bossLabel x="-564.85" y="-1553.35" rot="0" z="4" dx="0.5" dy="0.5"/>
</level_59>