<level_48>
  <checkPoints>
    <p0 x="-1280" y="-1519.4"/>
    <p1 x="25" y="-1417"/>
    <p2 x="1080" y="-1417"/>
  </checkPoints>
  <viewPoints>
    <p0 x="-1483.25" f="0.5" h="-1417"/>
    <p1 x="-1000" f="0.3" h="-1400"/>
    <p2 x="-240" f="0.7" h="-1400"/>
    <p3 x="0" f="0.3" h="-1417"/>
    <p4 x="720" f="0.3" h="-1417"/>
    <p5 x="1075" f="0.3" h="-1495"/>
    <p6 x="1475" f="0.6" h="-1495"/>
    <p7 x="1840.35" f="0.6" h="-1495"/>
  </viewPoints>
  <joints>
    <j1 type="2" bA="move1" bB="ground" col="false">
      <anchor x="154.0471" y="-1392.0974"/>
      <axis x="1" y="0"/>
      <force>100</force>
      <speed>-4</speed>
      <isMotor>true</isMotor>
      <isLimit>true</isLimit>
      <limitA>-0.0017</limitA>
      <limitB>10.9983</limitB>
    </j1>
    <j2 type="2" bA="move2" bB="ground" col="false">
      <anchor x="926.9971" y="-1392.0974"/>
      <axis x="1" y="0"/>
      <force>100</force>
      <speed>4</speed>
      <isMotor>true</isMotor>
      <isLimit>true</isLimit>
      <limitA>-11</limitA>
      <limitB>0</limitB>
    </j2>
  </joints>
  <frame x="-1483.25" y="-2120.1" w="3323.6" h="961.25"/>
  <frameLeft x="0" y="0" rot="0" type="0" den="0" frc="0" rst="0" sens="false" geom="1" category="65535" mask="65535">
    <v0 x="-1483.25" y="-2120.1"/>
    <v1 x="-1483.25" y="-1158.85"/>
  </frameLeft>
  <frameRight x="0" y="0" rot="0" type="0" den="0" frc="0" rst="0" sens="false" geom="1" category="65535" mask="65239">
    <v0 x="1840.35" y="-1158.85"/>
    <v1 x="1840.35" y="-2120.1"/>
  </frameRight>
  <body_3 x="-1160.85" y="-1369.85" rot="29.9999" type="0" den="0" frc="0.4" rst="0" sens="false" geom="2" image="balk90" z="8" dx="0.5" dy="0.5">
    <p0>
      <v0 x="42.55" y="-5.15"/>
      <v1 x="44.05" y="-2"/>
      <v2 x="44.05" y="0.85"/>
      <v3 x="43.35" y="3.6"/>
      <v4 x="42.05" y="5.75"/>
      <v5 x="39.35" y="8"/>
      <v6 x="-40" y="8"/>
      <v7 x="-42" y="5.75"/>
      <v8 x="-43.3" y="3.6"/>
      <v9 x="-44" y="0.85"/>
      <v10 x="-44" y="-2"/>
      <v11 x="-42.5" y="-5.15"/>
      <v12 x="-39.45" y="-8"/>
      <v13 x="39.4" y="-8"/>
    </p0>
  </body_3>
  <body_4 x="-1239.4" y="-1390.7" rot="0" type="0" den="0" frc="0.4" rst="0" sens="false" geom="2" image="balk90" z="9" dx="0.5" dy="0.5">
    <p0>
      <v0 x="42.55" y="-5.15"/>
      <v1 x="44.05" y="-2"/>
      <v2 x="44.05" y="0.85"/>
      <v3 x="43.35" y="3.6"/>
      <v4 x="42.05" y="5.75"/>
      <v5 x="39.35" y="8"/>
      <v6 x="-40" y="8"/>
      <v7 x="-42" y="5.75"/>
      <v8 x="-43.3" y="3.6"/>
      <v9 x="-44" y="0.85"/>
      <v10 x="-44" y="-2"/>
      <v11 x="-42.5" y="-5.15"/>
      <v12 x="-39.45" y="-8"/>
      <v13 x="39.4" y="-8"/>
    </p0>
  </body_4>
  <body_5 x="-1325.3" y="-1390.7" rot="0" type="0" den="0" frc="0.4" rst="0" sens="false" geom="2" image="balk90_1" z="10" dx="0.5" dy="0.5">
    <p0>
      <v0 x="42.55" y="-5.15"/>
      <v1 x="44.05" y="-2"/>
      <v2 x="44.05" y="0.85"/>
      <v3 x="43.35" y="3.6"/>
      <v4 x="42.05" y="5.75"/>
      <v5 x="39.35" y="8"/>
      <v6 x="-40" y="8"/>
      <v7 x="-42" y="5.75"/>
      <v8 x="-43.3" y="3.6"/>
      <v9 x="-44" y="0.85"/>
      <v10 x="-44" y="-2"/>
      <v11 x="-42.5" y="-5.15"/>
      <v12 x="-39.45" y="-8"/>
      <v13 x="39.4" y="-8"/>
    </p0>
  </body_5>
  <body_6 x="-1014.35" y="-1310.4" rot="0" type="0" den="0" frc="0.4" rst="0" sens="false" geom="2" image="balk90" z="11" dx="0.5" dy="0.5">
    <p0>
      <v0 x="42.55" y="-5.15"/>
      <v1 x="44.05" y="-2"/>
      <v2 x="44.05" y="0.85"/>
      <v3 x="43.35" y="3.6"/>
      <v4 x="42.05" y="5.75"/>
      <v5 x="39.35" y="8"/>
      <v6 x="-40" y="8"/>
      <v7 x="-42" y="5.75"/>
      <v8 x="-43.3" y="3.6"/>
      <v9 x="-44" y="0.85"/>
      <v10 x="-44" y="-2"/>
      <v11 x="-42.5" y="-5.15"/>
      <v12 x="-39.45" y="-8"/>
      <v13 x="39.4" y="-8"/>
    </p0>
  </body_6>
  <body_7 x="-1094.25" y="-1331.4" rot="29.9999" type="0" den="0" frc="0.4" rst="0" sens="false" geom="2" image="balk90" z="12" dx="0.5" dy="0.5">
    <p0>
      <v0 x="42.55" y="-5.15"/>
      <v1 x="44.05" y="-2"/>
      <v2 x="44.05" y="0.85"/>
      <v3 x="43.35" y="3.6"/>
      <v4 x="42.05" y="5.75"/>
      <v5 x="39.35" y="8"/>
      <v6 x="-40" y="8"/>
      <v7 x="-42" y="5.75"/>
      <v8 x="-43.3" y="3.6"/>
      <v9 x="-44" y="0.85"/>
      <v10 x="-44" y="-2"/>
      <v11 x="-42.5" y="-5.15"/>
      <v12 x="-39.45" y="-8"/>
      <v13 x="39.4" y="-8"/>
    </p0>
  </body_7>
  <body_8 x="-611.9" y="-1448.4" rot="0" type="0" den="0" frc="0.4" rst="0" sens="false" geom="2" image="balk90" z="13" dx="0.5" dy="0.5">
    <p0>
      <v0 x="42.55" y="-5.15"/>
      <v1 x="44.05" y="-2"/>
      <v2 x="44.05" y="0.85"/>
      <v3 x="43.35" y="3.6"/>
      <v4 x="42.05" y="5.75"/>
      <v5 x="39.35" y="8"/>
      <v6 x="-40" y="8"/>
      <v7 x="-42" y="5.75"/>
      <v8 x="-43.3" y="3.6"/>
      <v9 x="-44" y="0.85"/>
      <v10 x="-44" y="-2"/>
      <v11 x="-42.5" y="-5.15"/>
      <v12 x="-39.45" y="-8"/>
      <v13 x="39.4" y="-8"/>
    </p0>
  </body_8>
  <body_9 x="-671.9" y="-1310.4" rot="0" type="0" den="0" frc="0.4" rst="0" sens="false" geom="2" image="balk90" z="14" dx="0.5" dy="0.5">
    <p0>
      <v0 x="42.55" y="-5.15"/>
      <v1 x="44.05" y="-2"/>
      <v2 x="44.05" y="0.85"/>
      <v3 x="43.35" y="3.6"/>
      <v4 x="42.05" y="5.75"/>
      <v5 x="39.35" y="8"/>
      <v6 x="-40" y="8"/>
      <v7 x="-42" y="5.75"/>
      <v8 x="-43.3" y="3.6"/>
      <v9 x="-44" y="0.85"/>
      <v10 x="-44" y="-2"/>
      <v11 x="-42.5" y="-5.15"/>
      <v12 x="-39.45" y="-8"/>
      <v13 x="39.4" y="-8"/>
    </p0>
  </body_9>
  <body_10 x="-586.5" y="-1310.4" rot="0" type="0" den="0" frc="0.4" rst="0" sens="false" geom="2" image="balk90" z="15" dx="0.5" dy="0.5">
    <p0>
      <v0 x="42.55" y="-5.15"/>
      <v1 x="44.05" y="-2"/>
      <v2 x="44.05" y="0.85"/>
      <v3 x="43.35" y="3.6"/>
      <v4 x="42.05" y="5.75"/>
      <v5 x="39.35" y="8"/>
      <v6 x="-40" y="8"/>
      <v7 x="-42" y="5.75"/>
      <v8 x="-43.3" y="3.6"/>
      <v9 x="-44" y="0.85"/>
      <v10 x="-44" y="-2"/>
      <v11 x="-42.5" y="-5.15"/>
      <v12 x="-39.45" y="-8"/>
      <v13 x="39.4" y="-8"/>
    </p0>
  </body_10>
  <body_11 x="-929.65" y="-1310.4" rot="0" type="0" den="0" frc="0.4" rst="0" sens="false" geom="2" image="balk90" z="16" dx="0.5" dy="0.5">
    <p0>
      <v0 x="42.55" y="-5.15"/>
      <v1 x="44.05" y="-2"/>
      <v2 x="44.05" y="0.85"/>
      <v3 x="43.35" y="3.6"/>
      <v4 x="42.05" y="5.75"/>
      <v5 x="39.35" y="8"/>
      <v6 x="-40" y="8"/>
      <v7 x="-42" y="5.75"/>
      <v8 x="-43.3" y="3.6"/>
      <v9 x="-44" y="0.85"/>
      <v10 x="-44" y="-2"/>
      <v11 x="-42.5" y="-5.15"/>
      <v12 x="-39.45" y="-8"/>
      <v13 x="39.4" y="-8"/>
    </p0>
  </body_11>
  <decor_1 x="-1320" y="-1360.8" rot="0" z="17" dx="0.5487" dy="0.4659" image="decor_5"/>
  <decor_2 x="-960" y="-1273.5" rot="0" z="18" dx="0.5131" dy="0.4127" image="decor_3"/>
  <decor_3 x="1723.8" y="-1878.9" rot="0" z="19" dx="0.5131" dy="0.4127" image="decor_3"/>
  <decor_4 x="40" y="-1361.8" rot="0" z="20" dx="0.5487" dy="0.4659" image="decor_5"/>
  <decor_5 x="-623.05" y="-1273.8" rot="0" z="21" dx="0.5131" dy="0.4127" image="decor_3"/>
  <decor_6 x="-280" y="-1274.6" rot="0" z="22" dx="0.5131" dy="0.4127" image="decor_3"/>
  <decor_7 x="-160" y="-1320.55" rot="-35.4864" z="23" dx="0.5" dy="0.5" image="decor_2"/>
  <decor_8 x="1080.45" y="-1355.8" rot="0" z="24" dx="0.5131" dy="0.4127" image="decor_3"/>
  <decor_9 x="1080.45" y="-1600.15" rot="0" z="25" dx="0.5131" dy="0.4127" image="decor_3"/>
  <decor_10 x="1072.7" y="-1856.6" rot="0" z="26" dx="0.5" dy="0.5" image="decor_2"/>
  <decor_11 x="-1144.6" y="-1337.85" rot="32.0858" z="27" dx="0.5" dy="0.5" image="decor_2"/>
  <decor_12 x="-99.3" y="-1356.45" rot="-35.4864" z="28" dx="0.5" dy="0.5" image="decor_2"/>
  <decor_13 x="1206.2" y="-1826.35" rot="26.7842" z="29" dx="0.5" dy="0.5" image="decor_2"/>
  <decor_14 x="1388.2" y="-1708.3" rot="-31.2576" z="30" dx="0.5" dy="0.5" image="decor_2"/>
  <decor_15 x="1203" y="-1587.9" rot="29.7422" z="31" dx="0.5" dy="0.5" image="decor_2"/>
  <decor_16 x="1512.7" y="-1736.85" rot="0.7457" z="32" dx="0.5" dy="0.5" image="decor_2"/>
  <decor_17 x="1426.65" y="-1897.3" rot="0.7457" z="33" dx="0.5" dy="0.5" image="decor_2"/>
  <decor_18 x="1512.7" y="-1497.85" rot="0.7457" z="34" dx="0.5" dy="0.5" image="decor_2"/>
  <decor_19 x="1388" y="-1469.65" rot="-32.5118" z="35" dx="0.5" dy="0.5" image="decor_2"/>
  <body_12 x="-697.8" y="-1448.4" rot="0" type="0" den="0" frc="0.4" rst="0" sens="false" geom="2" image="balk90_1" z="36" dx="0.5" dy="0.5">
    <p0>
      <v0 x="42.55" y="-5.15"/>
      <v1 x="44.05" y="-2"/>
      <v2 x="44.05" y="0.85"/>
      <v3 x="43.35" y="3.6"/>
      <v4 x="42.05" y="5.75"/>
      <v5 x="39.35" y="8"/>
      <v6 x="-40" y="8"/>
      <v7 x="-42" y="5.75"/>
      <v8 x="-43.3" y="3.6"/>
      <v9 x="-44" y="0.85"/>
      <v10 x="-44" y="-2"/>
      <v11 x="-42.5" y="-5.15"/>
      <v12 x="-39.45" y="-8"/>
      <v13 x="39.4" y="-8"/>
    </p0>
  </body_12>
  <body_13 x="-526.5" y="-1448.4" rot="0" type="0" den="0" frc="0.4" rst="0" sens="false" geom="2" image="balk90_6" z="37" dx="0.5" dy="0.5">
    <p0>
      <v0 x="42.55" y="-5.15"/>
      <v1 x="44.05" y="-2"/>
      <v2 x="44.05" y="0.85"/>
      <v3 x="43.35" y="3.6"/>
      <v4 x="42.05" y="5.75"/>
      <v5 x="39.35" y="8"/>
      <v6 x="-40" y="8"/>
      <v7 x="-42" y="5.75"/>
      <v8 x="-43.3" y="3.6"/>
      <v9 x="-44" y="0.85"/>
      <v10 x="-44" y="-2"/>
      <v11 x="-42.5" y="-5.15"/>
      <v12 x="-39.45" y="-8"/>
      <v13 x="39.4" y="-8"/>
    </p0>
  </body_13>
  <body_14 x="-748.35" y="-1378.65" rot="0" type="0" den="0" frc="0.4" rst="0" sens="false" geom="2" image="balk90" z="39" dx="0.5" dy="0.5">
    <p0>
      <v0 x="42.55" y="-5.15"/>
      <v1 x="44.05" y="-2"/>
      <v2 x="44.05" y="0.85"/>
      <v3 x="43.35" y="3.6"/>
      <v4 x="42.05" y="5.75"/>
      <v5 x="39.35" y="8"/>
      <v6 x="-40" y="8"/>
      <v7 x="-42" y="5.75"/>
      <v8 x="-43.3" y="3.6"/>
      <v9 x="-44" y="0.85"/>
      <v10 x="-44" y="-2"/>
      <v11 x="-42.5" y="-5.15"/>
      <v12 x="-39.45" y="-8"/>
      <v13 x="39.4" y="-8"/>
    </p0>
  </body_14>
  <body_15 x="-834.25" y="-1378.65" rot="0" type="0" den="0" frc="0.4" rst="0" sens="false" geom="2" image="balk90_1" z="40" dx="0.5" dy="0.5">
    <p0>
      <v0 x="42.55" y="-5.15"/>
      <v1 x="44.05" y="-2"/>
      <v2 x="44.05" y="0.85"/>
      <v3 x="43.35" y="3.6"/>
      <v4 x="42.05" y="5.75"/>
      <v5 x="39.35" y="8"/>
      <v6 x="-40" y="8"/>
      <v7 x="-42" y="5.75"/>
      <v8 x="-43.3" y="3.6"/>
      <v9 x="-44" y="0.85"/>
      <v10 x="-44" y="-2"/>
      <v11 x="-42.5" y="-5.15"/>
      <v12 x="-39.45" y="-8"/>
      <v13 x="39.4" y="-8"/>
    </p0>
  </body_15>
  <body_16 x="-576.5" y="-1378.65" rot="0" type="0" den="0" frc="0.4" rst="0" sens="false" geom="2" image="balk90" z="41" dx="0.5" dy="0.5">
    <p0>
      <v0 x="42.55" y="-5.15"/>
      <v1 x="44.05" y="-2"/>
      <v2 x="44.05" y="0.85"/>
      <v3 x="43.35" y="3.6"/>
      <v4 x="42.05" y="5.75"/>
      <v5 x="39.35" y="8"/>
      <v6 x="-40" y="8"/>
      <v7 x="-42" y="5.75"/>
      <v8 x="-43.3" y="3.6"/>
      <v9 x="-44" y="0.85"/>
      <v10 x="-44" y="-2"/>
      <v11 x="-42.5" y="-5.15"/>
      <v12 x="-39.45" y="-8"/>
      <v13 x="39.4" y="-8"/>
    </p0>
  </body_16>
  <body_17 x="-662.4" y="-1378.65" rot="0" type="0" den="0" frc="0.4" rst="0" sens="false" geom="2" image="balk90" z="42" dx="0.5" dy="0.5">
    <p0>
      <v0 x="42.55" y="-5.15"/>
      <v1 x="44.05" y="-2"/>
      <v2 x="44.05" y="0.85"/>
      <v3 x="43.35" y="3.6"/>
      <v4 x="42.05" y="5.75"/>
      <v5 x="39.35" y="8"/>
      <v6 x="-40" y="8"/>
      <v7 x="-42" y="5.75"/>
      <v8 x="-43.3" y="3.6"/>
      <v9 x="-44" y="0.85"/>
      <v10 x="-44" y="-2"/>
      <v11 x="-42.5" y="-5.15"/>
      <v12 x="-39.45" y="-8"/>
      <v13 x="39.4" y="-8"/>
    </p0>
  </body_17>
  <body_18 x="-405.2" y="-1378.65" rot="0" type="0" den="0" frc="0.4" rst="0" sens="false" geom="2" image="balk90_6" z="43" dx="0.5" dy="0.5">
    <p0>
      <v0 x="42.55" y="-5.15"/>
      <v1 x="44.05" y="-2"/>
      <v2 x="44.05" y="0.85"/>
      <v3 x="43.35" y="3.6"/>
      <v4 x="42.05" y="5.75"/>
      <v5 x="39.35" y="8"/>
      <v6 x="-40" y="8"/>
      <v7 x="-42" y="5.75"/>
      <v8 x="-43.3" y="3.6"/>
      <v9 x="-44" y="0.85"/>
      <v10 x="-44" y="-2"/>
      <v11 x="-42.5" y="-5.15"/>
      <v12 x="-39.45" y="-8"/>
      <v13 x="39.4" y="-8"/>
    </p0>
  </body_18>
  <body_19 x="-491.1" y="-1378.65" rot="0" type="0" den="0" frc="0.4" rst="0" sens="false" geom="2" image="balk90" z="44" dx="0.5" dy="0.5">
    <p0>
      <v0 x="42.55" y="-5.15"/>
      <v1 x="44.05" y="-2"/>
      <v2 x="44.05" y="0.85"/>
      <v3 x="43.35" y="3.6"/>
      <v4 x="42.05" y="5.75"/>
      <v5 x="39.35" y="8"/>
      <v6 x="-40" y="8"/>
      <v7 x="-42" y="5.75"/>
      <v8 x="-43.3" y="3.6"/>
      <v9 x="-44" y="0.85"/>
      <v10 x="-44" y="-2"/>
      <v11 x="-42.5" y="-5.15"/>
      <v12 x="-39.45" y="-8"/>
      <v13 x="39.4" y="-8"/>
    </p0>
  </body_19>
  <body_20 x="-843.75" y="-1310.4" rot="0" type="0" den="0" frc="0.4" rst="0" sens="false" geom="2" image="balk90" z="45" dx="0.5" dy="0.5">
    <p0>
      <v0 x="42.55" y="-5.15"/>
      <v1 x="44.05" y="-2"/>
      <v2 x="44.05" y="0.85"/>
      <v3 x="43.35" y="3.6"/>
      <v4 x="42.05" y="5.75"/>
      <v5 x="39.35" y="8"/>
      <v6 x="-40" y="8"/>
      <v7 x="-42" y="5.75"/>
      <v8 x="-43.3" y="3.6"/>
      <v9 x="-44" y="0.85"/>
      <v10 x="-44" y="-2"/>
      <v11 x="-42.5" y="-5.15"/>
      <v12 x="-39.45" y="-8"/>
      <v13 x="39.4" y="-8"/>
    </p0>
  </body_20>
  <body_21 x="-757.8" y="-1310.4" rot="0" type="0" den="0" frc="0.4" rst="0" sens="false" geom="2" image="balk90" z="46" dx="0.5" dy="0.5">
    <p0>
      <v0 x="42.55" y="-5.15"/>
      <v1 x="44.05" y="-2"/>
      <v2 x="44.05" y="0.85"/>
      <v3 x="43.35" y="3.6"/>
      <v4 x="42.05" y="5.75"/>
      <v5 x="39.35" y="8"/>
      <v6 x="-40" y="8"/>
      <v7 x="-42" y="5.75"/>
      <v8 x="-43.3" y="3.6"/>
      <v9 x="-44" y="0.85"/>
      <v10 x="-44" y="-2"/>
      <v11 x="-42.5" y="-5.15"/>
      <v12 x="-39.45" y="-8"/>
      <v13 x="39.4" y="-8"/>
    </p0>
  </body_21>
  <body_22 x="-500.6" y="-1310.4" rot="0" type="0" den="0" frc="0.4" rst="0" sens="false" geom="2" image="balk90" z="47" dx="0.5" dy="0.5">
    <p0>
      <v0 x="42.55" y="-5.15"/>
      <v1 x="44.05" y="-2"/>
      <v2 x="44.05" y="0.85"/>
      <v3 x="43.35" y="3.6"/>
      <v4 x="42.05" y="5.75"/>
      <v5 x="39.35" y="8"/>
      <v6 x="-40" y="8"/>
      <v7 x="-42" y="5.75"/>
      <v8 x="-43.3" y="3.6"/>
      <v9 x="-44" y="0.85"/>
      <v10 x="-44" y="-2"/>
      <v11 x="-42.5" y="-5.15"/>
      <v12 x="-39.45" y="-8"/>
      <v13 x="39.4" y="-8"/>
    </p0>
  </body_22>
  <body_23 x="-339.15" y="-1310.4" rot="0" type="0" den="0" frc="0.4" rst="0" sens="false" geom="2" image="balk90" z="53" dx="0.5" dy="0.5">
    <p0>
      <v0 x="42.55" y="-5.15"/>
      <v1 x="44.05" y="-2"/>
      <v2 x="44.05" y="0.85"/>
      <v3 x="43.35" y="3.6"/>
      <v4 x="42.05" y="5.75"/>
      <v5 x="39.35" y="8"/>
      <v6 x="-40" y="8"/>
      <v7 x="-42" y="5.75"/>
      <v8 x="-43.3" y="3.6"/>
      <v9 x="-44" y="0.85"/>
      <v10 x="-44" y="-2"/>
      <v11 x="-42.5" y="-5.15"/>
      <v12 x="-39.45" y="-8"/>
      <v13 x="39.4" y="-8"/>
    </p0>
  </body_23>
  <body_24 x="-425.05" y="-1310.4" rot="0" type="0" den="0" frc="0.4" rst="0" sens="false" geom="2" image="balk90" z="54" dx="0.5" dy="0.5">
    <p0>
      <v0 x="42.55" y="-5.15"/>
      <v1 x="44.05" y="-2"/>
      <v2 x="44.05" y="0.85"/>
      <v3 x="43.35" y="3.6"/>
      <v4 x="42.05" y="5.75"/>
      <v5 x="39.35" y="8"/>
      <v6 x="-40" y="8"/>
      <v7 x="-42" y="5.75"/>
      <v8 x="-43.3" y="3.6"/>
      <v9 x="-44" y="0.85"/>
      <v10 x="-44" y="-2"/>
      <v11 x="-42.5" y="-5.15"/>
      <v12 x="-39.45" y="-8"/>
      <v13 x="39.4" y="-8"/>
    </p0>
  </body_24>
  <body_25 x="-176.35" y="-1331.5" rot="-30.0005" type="0" den="0" frc="0.4" rst="0" sens="false" geom="2" image="balk90" z="55" dx="0.5" dy="0.5">
    <p0>
      <v0 x="42.55" y="-5.15"/>
      <v1 x="44.05" y="-2"/>
      <v2 x="44.05" y="0.85"/>
      <v3 x="43.35" y="3.6"/>
      <v4 x="42.05" y="5.75"/>
      <v5 x="39.35" y="8"/>
      <v6 x="-40" y="8"/>
      <v7 x="-42" y="5.75"/>
      <v8 x="-43.3" y="3.6"/>
      <v9 x="-44" y="0.85"/>
      <v10 x="-44" y="-2"/>
      <v11 x="-42.5" y="-5.15"/>
      <v12 x="-39.45" y="-8"/>
      <v13 x="39.4" y="-8"/>
    </p0>
  </body_25>
  <body_26 x="-256.15" y="-1310.4" rot="0" type="0" den="0" frc="0.4" rst="0" sens="false" geom="2" image="balk90" z="56" dx="0.5" dy="0.5">
    <p0>
      <v0 x="42.55" y="-5.15"/>
      <v1 x="44.05" y="-2"/>
      <v2 x="44.05" y="0.85"/>
      <v3 x="43.35" y="3.6"/>
      <v4 x="42.05" y="5.75"/>
      <v5 x="39.35" y="8"/>
      <v6 x="-40" y="8"/>
      <v7 x="-42" y="5.75"/>
      <v8 x="-43.3" y="3.6"/>
      <v9 x="-44" y="0.85"/>
      <v10 x="-44" y="-2"/>
      <v11 x="-42.5" y="-5.15"/>
      <v12 x="-39.45" y="-8"/>
      <v13 x="39.4" y="-8"/>
    </p0>
  </body_26>
  <body_27 x="1395.4" y="-1494.3" rot="-29.9999" type="0" den="0" frc="0.4" rst="0" sens="false" geom="2" image="balk90_1" z="58" dx="0.5" dy="0.5">
    <p0>
      <v0 x="42.55" y="-5.15"/>
      <v1 x="44.05" y="-2"/>
      <v2 x="44.05" y="0.85"/>
      <v3 x="43.35" y="3.6"/>
      <v4 x="42.05" y="5.75"/>
      <v5 x="39.35" y="8"/>
      <v6 x="-40" y="8"/>
      <v7 x="-42" y="5.75"/>
      <v8 x="-43.3" y="3.6"/>
      <v9 x="-44" y="0.85"/>
      <v10 x="-44" y="-2"/>
      <v11 x="-42.5" y="-5.15"/>
      <v12 x="-39.45" y="-8"/>
      <v13 x="39.4" y="-8"/>
    </p0>
  </body_27>
  <body_28 x="1484.85" y="-1515.45" rot="0" type="0" den="0" frc="0.4" rst="0" sens="false" geom="2" image="balk110_1" z="59" dx="0.5" dy="0.5">
    <p0>
      <v0 x="52.55" y="-5.15"/>
      <v1 x="54.05" y="-2"/>
      <v2 x="54.05" y="0.85"/>
      <v3 x="53.35" y="3.6"/>
      <v4 x="52.05" y="5.75"/>
      <v5 x="49.35" y="8"/>
      <v6 x="-50" y="8"/>
      <v7 x="-52" y="5.75"/>
      <v8 x="-53.3" y="3.6"/>
      <v9 x="-54" y="0.85"/>
      <v10 x="-54" y="-2"/>
      <v11 x="-52.5" y="-5.15"/>
      <v12 x="-49.45" y="-8"/>
      <v13 x="49.4" y="-8"/>
    </p0>
  </body_28>
  <body_29 x="1109.55" y="-1874.85" rot="0" type="0" den="0" frc="0.4" rst="0" sens="false" geom="2" image="balk110" z="60" dx="0.5" dy="0.5">
    <p0>
      <v0 x="52.55" y="-5.15"/>
      <v1 x="54.05" y="-2"/>
      <v2 x="54.05" y="0.85"/>
      <v3 x="53.35" y="3.6"/>
      <v4 x="52.05" y="5.75"/>
      <v5 x="49.35" y="8"/>
      <v6 x="-50" y="8"/>
      <v7 x="-52" y="5.75"/>
      <v8 x="-53.3" y="3.6"/>
      <v9 x="-54" y="0.85"/>
      <v10 x="-54" y="-2"/>
      <v11 x="-52.5" y="-5.15"/>
      <v12 x="-49.45" y="-8"/>
      <v13 x="49.4" y="-8"/>
    </p0>
  </body_29>
  <body_30 x="1196.3" y="-1852.9" rot="29.9999" type="0" den="0" frc="0.4" rst="0" sens="false" geom="2" image="balk90_6" z="61" dx="0.5" dy="0.5">
    <p0>
      <v0 x="42.55" y="-5.15"/>
      <v1 x="44.05" y="-2"/>
      <v2 x="44.05" y="0.85"/>
      <v3 x="43.35" y="3.6"/>
      <v4 x="42.05" y="5.75"/>
      <v5 x="39.35" y="8"/>
      <v6 x="-40" y="8"/>
      <v7 x="-42" y="5.75"/>
      <v8 x="-43.3" y="3.6"/>
      <v9 x="-44" y="0.85"/>
      <v10 x="-44" y="-2"/>
      <v11 x="-42.5" y="-5.15"/>
      <v12 x="-39.45" y="-8"/>
      <v13 x="39.4" y="-8"/>
    </p0>
  </body_30>
  <body_31 x="1571.25" y="-1378.55" rot="0" type="0" den="0" frc="0.4" rst="0" sens="false" geom="2" image="balk90_1" z="62" dx="0.5" dy="0.5">
    <p0>
      <v0 x="42.55" y="-5.15"/>
      <v1 x="44.05" y="-2"/>
      <v2 x="44.05" y="0.85"/>
      <v3 x="43.35" y="3.6"/>
      <v4 x="42.05" y="5.75"/>
      <v5 x="39.35" y="8"/>
      <v6 x="-40" y="8"/>
      <v7 x="-42" y="5.75"/>
      <v8 x="-43.3" y="3.6"/>
      <v9 x="-44" y="0.85"/>
      <v10 x="-44" y="-2"/>
      <v11 x="-42.5" y="-5.15"/>
      <v12 x="-39.45" y="-8"/>
      <v13 x="39.4" y="-8"/>
    </p0>
  </body_31>
  <body_32 x="1107.9" y="-1635.6" rot="0" type="0" den="0" frc="0.4" rst="0" sens="false" geom="2" image="balk110" z="63" dx="0.5" dy="0.5">
    <p0>
      <v0 x="52.55" y="-5.15"/>
      <v1 x="54.05" y="-2"/>
      <v2 x="54.05" y="0.85"/>
      <v3 x="53.35" y="3.6"/>
      <v4 x="52.05" y="5.75"/>
      <v5 x="49.35" y="8"/>
      <v6 x="-50" y="8"/>
      <v7 x="-52" y="5.75"/>
      <v8 x="-53.3" y="3.6"/>
      <v9 x="-54" y="0.85"/>
      <v10 x="-54" y="-2"/>
      <v11 x="-52.5" y="-5.15"/>
      <v12 x="-49.45" y="-8"/>
      <v13 x="49.4" y="-8"/>
    </p0>
  </body_32>
  <body_33 x="1194.05" y="-1614.65" rot="29.9999" type="0" den="0" frc="0.4" rst="0" sens="false" geom="2" image="balk90_6" z="64" dx="0.5" dy="0.5">
    <p0>
      <v0 x="42.55" y="-5.15"/>
      <v1 x="44.05" y="-2"/>
      <v2 x="44.05" y="0.85"/>
      <v3 x="43.35" y="3.6"/>
      <v4 x="42.05" y="5.75"/>
      <v5 x="39.35" y="8"/>
      <v6 x="-40" y="8"/>
      <v7 x="-42" y="5.75"/>
      <v8 x="-43.3" y="3.6"/>
      <v9 x="-44" y="0.85"/>
      <v10 x="-44" y="-2"/>
      <v11 x="-42.5" y="-5.15"/>
      <v12 x="-39.45" y="-8"/>
      <v13 x="39.4" y="-8"/>
    </p0>
  </body_33>
  <body_34 x="1397.05" y="-1733.95" rot="-29.9999" type="0" den="0" frc="0.4" rst="0" sens="false" geom="2" image="balk90_1" z="65" dx="0.5" dy="0.5">
    <p0>
      <v0 x="42.55" y="-5.15"/>
      <v1 x="44.05" y="-2"/>
      <v2 x="44.05" y="0.85"/>
      <v3 x="43.35" y="3.6"/>
      <v4 x="42.05" y="5.75"/>
      <v5 x="39.35" y="8"/>
      <v6 x="-40" y="8"/>
      <v7 x="-42" y="5.75"/>
      <v8 x="-43.3" y="3.6"/>
      <v9 x="-44" y="0.85"/>
      <v10 x="-44" y="-2"/>
      <v11 x="-42.5" y="-5.15"/>
      <v12 x="-39.45" y="-8"/>
      <v13 x="39.4" y="-8"/>
    </p0>
  </body_34>
  <body_35 x="1486.35" y="-1755.05" rot="0" type="0" den="0" frc="0.4" rst="0" sens="false" geom="2" image="balk110_1" z="66" dx="0.5" dy="0.5">
    <p0>
      <v0 x="52.55" y="-5.15"/>
      <v1 x="54.05" y="-2"/>
      <v2 x="54.05" y="0.85"/>
      <v3 x="53.35" y="3.6"/>
      <v4 x="52.05" y="5.75"/>
      <v5 x="49.35" y="8"/>
      <v6 x="-50" y="8"/>
      <v7 x="-52" y="5.75"/>
      <v8 x="-53.3" y="3.6"/>
      <v9 x="-54" y="0.85"/>
      <v10 x="-54" y="-2"/>
      <v11 x="-52.5" y="-5.15"/>
      <v12 x="-49.45" y="-8"/>
      <v13 x="49.4" y="-8"/>
    </p0>
  </body_35>
  <body_36 x="1535.05" y="-1915.7" rot="0" type="0" den="0" frc="0.4" rst="0" sens="false" geom="2" image="balk90_6" z="76" dx="0.5" dy="0.5">
    <p0>
      <v0 x="42.55" y="-5.15"/>
      <v1 x="44.05" y="-2"/>
      <v2 x="44.05" y="0.85"/>
      <v3 x="43.35" y="3.6"/>
      <v4 x="42.05" y="5.75"/>
      <v5 x="39.35" y="8"/>
      <v6 x="-40" y="8"/>
      <v7 x="-42" y="5.75"/>
      <v8 x="-43.3" y="3.6"/>
      <v9 x="-44" y="0.85"/>
      <v10 x="-44" y="-2"/>
      <v11 x="-42.5" y="-5.15"/>
      <v12 x="-39.45" y="-8"/>
      <v13 x="39.4" y="-8"/>
    </p0>
  </body_36>
  <body_37 x="1450.05" y="-1915.7" rot="0" type="0" den="0" frc="0.4" rst="0" sens="false" geom="2" image="balk90_1" z="77" dx="0.5" dy="0.5">
    <p0>
      <v0 x="42.55" y="-5.15"/>
      <v1 x="44.05" y="-2"/>
      <v2 x="44.05" y="0.85"/>
      <v3 x="43.35" y="3.6"/>
      <v4 x="42.05" y="5.75"/>
      <v5 x="39.35" y="8"/>
      <v6 x="-40" y="8"/>
      <v7 x="-42" y="5.75"/>
      <v8 x="-43.3" y="3.6"/>
      <v9 x="-44" y="0.85"/>
      <v10 x="-44" y="-2"/>
      <v11 x="-42.5" y="-5.15"/>
      <v12 x="-39.45" y="-8"/>
      <v13 x="39.4" y="-8"/>
    </p0>
  </body_37>
  <body_38 x="1658.25" y="-1378.55" rot="0" type="0" den="0" frc="0.4" rst="0" sens="false" geom="2" image="balk90_6" z="78" dx="0.5" dy="0.5">
    <p0>
      <v0 x="42.55" y="-5.15"/>
      <v1 x="44.05" y="-2"/>
      <v2 x="44.05" y="0.85"/>
      <v3 x="43.35" y="3.6"/>
      <v4 x="42.05" y="5.75"/>
      <v5 x="39.35" y="8"/>
      <v6 x="-40" y="8"/>
      <v7 x="-42" y="5.75"/>
      <v8 x="-43.3" y="3.6"/>
      <v9 x="-44" y="0.85"/>
      <v10 x="-44" y="-2"/>
      <v11 x="-42.5" y="-5.15"/>
      <v12 x="-39.45" y="-8"/>
      <v13 x="39.4" y="-8"/>
    </p0>
  </body_38>
  <body_39 x="1698.1" y="-1915.7" rot="0" type="0" den="0" frc="0.4" rst="0" sens="false" geom="2" image="balk90_1_cut1" z="80" dx="0.5" dy="0.5">
    <p0>
      <v0 x="42.55" y="-5.15"/>
      <v1 x="44.05" y="-2"/>
      <v2 x="44.05" y="0.85"/>
      <v3 x="43.35" y="3.6"/>
      <v4 x="42.05" y="5.75"/>
      <v5 x="39.35" y="8"/>
      <v6 x="-40" y="8"/>
      <v7 x="-42" y="5.75"/>
      <v8 x="-43.3" y="3.6"/>
      <v9 x="-44" y="0.85"/>
      <v10 x="-44" y="-2"/>
      <v11 x="-42.5" y="-5.15"/>
      <v12 x="-39.45" y="-8"/>
      <v13 x="39.4" y="-8"/>
    </p0>
  </body_39>
  <body_40 x="-27.8" y="-1392.1" rot="0" type="0" den="0" frc="0.4" rst="0" sens="false" geom="2" image="balk90" z="94" dx="0.5" dy="0.5">
    <p0>
      <v0 x="42.55" y="-5.15"/>
      <v1 x="44.05" y="-2"/>
      <v2 x="44.05" y="0.85"/>
      <v3 x="43.35" y="3.6"/>
      <v4 x="42.05" y="5.75"/>
      <v5 x="39.35" y="8"/>
      <v6 x="-40" y="8"/>
      <v7 x="-42" y="5.75"/>
      <v8 x="-43.3" y="3.6"/>
      <v9 x="-44" y="0.85"/>
      <v10 x="-44" y="-2"/>
      <v11 x="-42.5" y="-5.15"/>
      <v12 x="-39.45" y="-8"/>
      <v13 x="39.4" y="-8"/>
    </p0>
  </body_40>
  <body_41 x="-108.15" y="-1371.45" rot="-30.0005" type="0" den="0" frc="0.4" rst="0" sens="false" geom="2" image="balk90" z="95" dx="0.5" dy="0.5">
    <p0>
      <v0 x="42.55" y="-5.15"/>
      <v1 x="44.05" y="-2"/>
      <v2 x="44.05" y="0.85"/>
      <v3 x="43.35" y="3.6"/>
      <v4 x="42.05" y="5.75"/>
      <v5 x="39.35" y="8"/>
      <v6 x="-40" y="8"/>
      <v7 x="-42" y="5.75"/>
      <v8 x="-43.3" y="3.6"/>
      <v9 x="-44" y="0.85"/>
      <v10 x="-44" y="-2"/>
      <v11 x="-42.5" y="-5.15"/>
      <v12 x="-39.45" y="-8"/>
      <v13 x="39.4" y="-8"/>
    </p0>
  </body_41>
  <body_42 x="52.1" y="-1392.1" rot="0" type="0" den="0" frc="0.4" rst="0" sens="false" geom="2" image="balk90_6" z="96" dx="0.5" dy="0.5">
    <p0>
      <v0 x="42.55" y="-5.15"/>
      <v1 x="44.05" y="-2"/>
      <v2 x="44.05" y="0.85"/>
      <v3 x="43.35" y="3.6"/>
      <v4 x="42.05" y="5.75"/>
      <v5 x="39.35" y="8"/>
      <v6 x="-40" y="8"/>
      <v7 x="-42" y="5.75"/>
      <v8 x="-43.3" y="3.6"/>
      <v9 x="-44" y="0.85"/>
      <v10 x="-44" y="-2"/>
      <v11 x="-42.5" y="-5.15"/>
      <v12 x="-39.45" y="-8"/>
      <v13 x="39.4" y="-8"/>
    </p0>
  </body_42>
  <body_43 x="1029" y="-1392.1" rot="0" type="0" den="0" frc="0.4" rst="0" sens="false" geom="2" image="balk90_1" z="97" dx="0.5" dy="0.5">
    <p0>
      <v0 x="42.55" y="-5.15"/>
      <v1 x="44.05" y="-2"/>
      <v2 x="44.05" y="0.85"/>
      <v3 x="43.35" y="3.6"/>
      <v4 x="42.05" y="5.75"/>
      <v5 x="39.35" y="8"/>
      <v6 x="-40" y="8"/>
      <v7 x="-42" y="5.75"/>
      <v8 x="-43.3" y="3.6"/>
      <v9 x="-44" y="0.85"/>
      <v10 x="-44" y="-2"/>
      <v11 x="-42.5" y="-5.15"/>
      <v12 x="-39.45" y="-8"/>
      <v13 x="39.4" y="-8"/>
    </p0>
  </body_43>
  <body_44 x="1116" y="-1392.1" rot="0" type="0" den="0" frc="0.4" rst="0" sens="false" geom="2" image="balk90_6" z="98" dx="0.5" dy="0.5">
    <p0>
      <v0 x="42.55" y="-5.15"/>
      <v1 x="44.05" y="-2"/>
      <v2 x="44.05" y="0.85"/>
      <v3 x="43.35" y="3.6"/>
      <v4 x="42.05" y="5.75"/>
      <v5 x="39.35" y="8"/>
      <v6 x="-40" y="8"/>
      <v7 x="-42" y="5.75"/>
      <v8 x="-43.3" y="3.6"/>
      <v9 x="-44" y="0.85"/>
      <v10 x="-44" y="-2"/>
      <v11 x="-42.5" y="-5.15"/>
      <v12 x="-39.45" y="-8"/>
      <v13 x="39.4" y="-8"/>
    </p0>
  </body_44>
  <playerBall x="-1280" y="-1519.4" rot="0" type="2" den="1" frc="0.15" rst="0" sens="false" geom="0" z="7" dx="0.4824" dy="0.2923" category="100" mask="65533">
    <radius>40</radius>
  </playerBall>
  <beginTeleport x="-1280" y="-1519.5" rot="0" z="4" dx="0.5" dy="0.5"/>
  <star1 x="360.85" y="-1504.75" rot="0" type="0" den="0" frc="0" rst="0" sens="true" geom="0" z="50" dx="0.494" dy="0.5008">
    <radius>20</radius>
  </star1>
  <star2 x="720.85" y="-1504.75" rot="0" type="0" den="0" frc="0" rst="0" sens="true" geom="0" z="50" dx="0.494" dy="0.5008">
    <radius>20</radius>
  </star2>
  <star3 x="-568.6" y="-1476.5" rot="0" type="0" den="0" frc="0" rst="0" sens="true" geom="0" z="50" dx="0.494" dy="0.5008">
    <radius>20</radius>
  </star3>
  <star4 x="-752.75" y="-1405.4" rot="0" type="0" den="0" frc="0" rst="0" sens="true" geom="0" z="50" dx="0.494" dy="0.5008">
    <radius>20</radius>
  </star4>
  <star5 x="-488.15" y="-1405.4" rot="0" type="0" den="0" frc="0" rst="0" sens="true" geom="0" z="50" dx="0.494" dy="0.5008">
    <radius>20</radius>
  </star5>
  <star6 x="-833.25" y="-1335.65" rot="0" type="0" den="0" frc="0" rst="0" sens="true" geom="0" z="50" dx="0.494" dy="0.5008">
    <radius>20</radius>
  </star6>
  <star7 x="-391.75" y="-1337.2" rot="0" type="0" den="0" frc="0" rst="0" sens="true" geom="0" z="50" dx="0.494" dy="0.5008">
    <radius>20</radius>
  </star7>
  <star8 x="1616.1" y="-1524.7" rot="0" type="0" den="0" frc="0" rst="0" sens="true" geom="0" z="50" dx="0.494" dy="0.5008">
    <radius>20</radius>
  </star8>
  <star9 x="1616.1" y="-1603.85" rot="0" type="0" den="0" frc="0" rst="0" sens="true" geom="0" z="50" dx="0.494" dy="0.5008">
    <radius>20</radius>
  </star9>
  <star10 x="1616.1" y="-1684.7" rot="0" type="0" den="0" frc="0" rst="0" sens="true" geom="0" z="50" dx="0.494" dy="0.5008">
    <radius>20</radius>
  </star10>
  <star11 x="1616.1" y="-1763" rot="0" type="0" den="0" frc="0" rst="0" sens="true" geom="0" z="50" dx="0.494" dy="0.5008">
    <radius>20</radius>
  </star11>
  <star12 x="1616.1" y="-1843.85" rot="0" type="0" den="0" frc="0" rst="0" sens="true" geom="0" z="50" dx="0.494" dy="0.5008">
    <radius>20</radius>
  </star12>
  <star13 x="1616.1" y="-1923" rot="0" type="0" den="0" frc="0" rst="0" sens="true" geom="0" z="50" dx="0.494" dy="0.5008">
    <radius>20</radius>
  </star13>
  <star14 x="1616.1" y="-2003.85" rot="0" type="0" den="0" frc="0" rst="0" sens="true" geom="0" z="50" dx="0.494" dy="0.5008">
    <radius>20</radius>
  </star14>
  <star15 x="1115.75" y="-1661.6" rot="0" type="0" den="0" frc="0" rst="0" sens="true" geom="0" z="50" dx="0.494" dy="0.5008">
    <radius>20</radius>
  </star15>
  <star16 x="1476" y="-1780.9" rot="0" type="0" den="0" frc="0" rst="0" sens="true" geom="0" z="50" dx="0.494" dy="0.5008">
    <radius>20</radius>
  </star16>
  <star17 x="1120.75" y="-1900.7" rot="0" type="0" den="0" frc="0" rst="0" sens="true" geom="0" z="50" dx="0.494" dy="0.5008">
    <radius>20</radius>
  </star17>
  <star18 x="539.85" y="-1418.55" rot="0" type="0" den="0" frc="0" rst="0" sens="true" geom="0" z="50" dx="0.494" dy="0.5008">
    <radius>20</radius>
  </star18>
  <star19 x="-682.5" y="-1476.5" rot="0" type="0" den="0" frc="0" rst="0" sens="true" geom="0" z="50" dx="0.494" dy="0.5008">
    <radius>20</radius>
  </star19>
  <star20 x="-620.25" y="-1408.4" rot="0" type="0" den="0" frc="0" rst="0" sens="true" geom="0" z="50" dx="0.494" dy="0.5008">
    <radius>20</radius>
  </star20>
  <star21 x="-682.5" y="-1337.2" rot="0" type="0" den="0" frc="0" rst="0" sens="true" geom="0" z="50" dx="0.494" dy="0.5008">
    <radius>20</radius>
  </star21>
  <star22 x="-546.1" y="-1337.2" rot="0" type="0" den="0" frc="0" rst="0" sens="true" geom="0" z="50" dx="0.494" dy="0.5008">
    <radius>20</radius>
  </star22>
  <winTeleport x="1619.45" y="-1445.45" rot="0" type="0" den="0" frc="0" rst="0" sens="true" geom="0" z="3" dx="0.5" dy="0.5">
    <radius>50</radius>
  </winTeleport>
  <roll1 x="-819.25" y="-1404.7" rot="0" type="2" den="1" frc="0.5" rst="0" sens="false" geom="2" z="50" dx="0.4824" dy="0.4473" x1="-820" x2="-410" phase="-1">
    <p0>
      <v0 x="12.25" y="-17.75"/>
      <v1 x="16.95" y="-16.95"/>
      <v2 x="17.75" y="-11.95"/>
      <v3 x="17.75" y="11.95"/>
      <v4 x="17" y="17.1"/>
      <v5 x="12.25" y="17.75"/>
      <v6 x="-12" y="17.75"/>
      <v7 x="-16.9" y="16.85"/>
      <v8 x="-17.75" y="12.4"/>
      <v9 x="-17.75" y="-12"/>
      <v10 x="-17.1" y="-17"/>
      <v11 x="-12.75" y="-17.75"/>
    </p0>
  </roll1>
  <roll2 x="-458.3" y="-1336.55" rot="0" type="2" den="1" frc="0.5" rst="0" sens="false" geom="2" z="95" dx="0.4824" dy="0.4473" x1="-940" x2="-300" phase="-1">
    <p0>
      <v0 x="12.25" y="-17.75"/>
      <v1 x="16.95" y="-16.95"/>
      <v2 x="17.75" y="-11.95"/>
      <v3 x="17.75" y="11.95"/>
      <v4 x="17" y="17.1"/>
      <v5 x="12.25" y="17.75"/>
      <v6 x="-12" y="17.75"/>
      <v7 x="-16.9" y="16.85"/>
      <v8 x="-17.75" y="12.4"/>
      <v9 x="-17.75" y="-12"/>
      <v10 x="-17.1" y="-17"/>
      <v11 x="-12.75" y="-17.75"/>
    </p0>
  </roll2>
  <laser_1 body="body_71">
    <splash1/>
    <splash2/>
  </laser_1>
  <splash1 x="360" y="-1480.25" rot="0" z="86" dx="0.5" dy="0.5"/>
  <splash2 x="360" y="-1317.75" rot="0" z="87" dx="0.5" dy="0.5"/>
  <body_71 x="0" y="0" rot="0" type="0" den="0" frc="0" rst="0" sens="true" geom="1">
    <v0 x="360" y="-1480.25"/>
    <v1 x="360" y="-1317.75"/>
  </body_71>
  <laser_2 body="body_72">
    <splash3/>
    <splash4/>
  </laser_2>
  <splash3 x="720" y="-1480.25" rot="0" z="88" dx="0.5" dy="0.5"/>
  <splash4 x="720" y="-1317.75" rot="0" z="89" dx="0.5" dy="0.5"/>
  <body_72 x="0" y="0" rot="0" type="0" den="0" frc="0" rst="0" sens="true" geom="1">
    <v0 x="720" y="-1480.25"/>
    <v1 x="720" y="-1317.75"/>
  </body_72>
  <laser_3 body="body_73">
    <emitter1/>
    <emitter2/>
  </laser_3>
  <emitter1 x="1569.25" y="-1887.55" rot="89.9948" z="77" dx="0.793" dy="0.5"/>
  <emitter2 x="1569.3" y="-1406.6" rot="-89.9948" z="59" dx="0.793" dy="0.5"/>
  <body_73 x="0" y="0" rot="0" type="0" den="0" frc="0" rst="0" sens="true" geom="1">
    <v0 x="1569.25" y="-1887.55"/>
    <v1 x="1569.3" y="-1406.6"/>
  </body_73>
  <laser_4 body="body_74">
    <emitter3/>
    <emitter4/>
  </laser_4>
  <emitter3 x="1664.85" y="-1886.6" rot="89.9948" z="81" dx="0.793" dy="0.5"/>
  <emitter4 x="1664.9" y="-1407.4" rot="-89.9948" z="69" dx="0.793" dy="0.5"/>
  <body_74 x="0" y="0" rot="0" type="0" den="0" frc="0" rst="0" sens="true" geom="1">
    <v0 x="1664.85" y="-1886.6"/>
    <v1 x="1664.9" y="-1407.4"/>
  </body_74>
  <move1 x="154.05" y="-1392.1" rot="0" type="2" den="1" frc="0.4" rst="0" sens="false" geom="2" z="1" dx="0.5009" dy="0.5061" orient="0" limitA="154" limitB="484" graph="balk110">
    <p0>
      <v0 x="52.55" y="-5.15"/>
      <v1 x="54.05" y="-2"/>
      <v2 x="54.05" y="0.85"/>
      <v3 x="53.35" y="3.6"/>
      <v4 x="52.05" y="5.75"/>
      <v5 x="49.35" y="8"/>
      <v6 x="-50" y="8"/>
      <v7 x="-52" y="5.75"/>
      <v8 x="-53.3" y="3.6"/>
      <v9 x="-54" y="0.85"/>
      <v10 x="-54" y="-2"/>
      <v11 x="-52.5" y="-5.15"/>
      <v12 x="-49.45" y="-8"/>
      <v13 x="49.4" y="-8"/>
    </p0>
  </move1>
  <move2 x="927" y="-1392.1" rot="0" type="2" den="1" frc="0.4" rst="0" sens="false" geom="2" z="2" dx="0.5009" dy="0.5061" orient="0" limitA="597" limitB="927" graph="balk110">
    <p0>
      <v0 x="52.55" y="-5.15"/>
      <v1 x="54.05" y="-2"/>
      <v2 x="54.05" y="0.85"/>
      <v3 x="53.35" y="3.6"/>
      <v4 x="52.05" y="5.75"/>
      <v5 x="49.35" y="8"/>
      <v6 x="-50" y="8"/>
      <v7 x="-52" y="5.75"/>
      <v8 x="-53.3" y="3.6"/>
      <v9 x="-54" y="0.85"/>
      <v10 x="-54" y="-2"/>
      <v11 x="-52.5" y="-5.15"/>
      <v12 x="-49.45" y="-8"/>
      <v13 x="49.4" y="-8"/>
    </p0>
  </move2>
  <precipice1 x="0" y="0" rot="0" type="0" den="0" frc="0" rst="0" sens="true" geom="2">
    <p0>
      <v0 x="1880" y="-1340"/>
      <v1 x="1880" y="-1120"/>
      <v2 x="-200" y="-1280"/>
      <v3 x="80" y="-1340"/>
    </p0>
    <p1>
      <v0 x="-200" y="-1280"/>
      <v1 x="1880" y="-1120"/>
      <v2 x="-1520" y="-1120"/>
      <v3 x="-1040" y="-1280"/>
    </p1>
    <p2>
      <v0 x="-1200" y="-1337.65"/>
      <v1 x="-1040" y="-1280"/>
      <v2 x="-1520" y="-1120"/>
      <v3 x="-1520" y="-1337.65"/>
    </p2>
  </precipice1>
</level_48>