<level_52>
  <checkPoints>
    <p0 x="-1240.75" y="-459.65"/>
    <p1 x="400" y="-537"/>
  </checkPoints>
  <viewPoints>
    <p0 x="-1480.2" f="0.3" h="-355"/>
    <p1 x="-710" f="0.4" h="-355"/>
    <p2 x="-175" f="0.4" h="-480"/>
    <p3 x="80" f="0.4" h="-480"/>
    <p4 x="350" f="0.4" h="-400"/>
    <p5 x="1400.2" f="0.4" h="-400"/>
  </viewPoints>
  <joints/>
  <frame x="-1480.2" y="-920.15" w="2880.4" h="840.05"/>
  <frameLeft x="0" y="0" rot="0" type="0" den="0" frc="0" rst="0" sens="false" geom="1" category="65535" mask="65535">
    <v0 x="-1480.2" y="-920.15"/>
    <v1 x="-1480.2" y="-80.1"/>
  </frameLeft>
  <frameRight x="0" y="0" rot="0" type="0" den="0" frc="0" rst="0" sens="false" geom="1" category="65535" mask="65239">
    <v0 x="1400.2" y="-80.1"/>
    <v1 x="1400.2" y="-920.15"/>
  </frameRight>
  <speedUp_1 x="539.65" y="-311.45" rot="0" type="0" den="0" frc="0" rst="0" sens="true" geom="2" z="4" dx="0.5" dy="0.5">
    <p0>
      <v0 x="-40" y="20"/>
      <v1 x="-40" y="-20"/>
      <v2 x="40" y="-20"/>
      <v3 x="40" y="20"/>
    </p0>
  </speedUp_1>
  <speedUp_2 x="719.65" y="-311.45" rot="0" type="0" den="0" frc="0" rst="0" sens="true" geom="2" z="5" dx="0.5" dy="0.5">
    <p0>
      <v0 x="-40" y="20"/>
      <v1 x="-40" y="-20"/>
      <v2 x="40" y="-20"/>
      <v3 x="40" y="20"/>
    </p0>
  </speedUp_2>
  <speedUp_3 x="917.65" y="-311.45" rot="0" type="0" den="0" frc="0" rst="0" sens="true" geom="2" z="6" dx="0.5" dy="0.5">
    <p0>
      <v0 x="-40" y="20"/>
      <v1 x="-40" y="-20"/>
      <v2 x="40" y="-20"/>
      <v3 x="40" y="20"/>
    </p0>
  </speedUp_3>
  <speedUp_4 x="1097.65" y="-311.45" rot="0" type="0" den="0" frc="0" rst="0" sens="true" geom="2" z="7" dx="0.5" dy="0.5">
    <p0>
      <v0 x="-40" y="20"/>
      <v1 x="-40" y="-20"/>
      <v2 x="40" y="-20"/>
      <v3 x="40" y="20"/>
    </p0>
  </speedUp_4>
  <speedUp_5 x="1225.95" y="-345.2" rot="-89.9948" type="0" den="0" frc="0" rst="0" sens="true" geom="2" z="8" dx="0.5" dy="0.5">
    <p0>
      <v0 x="-40" y="20"/>
      <v1 x="-40" y="-20"/>
      <v2 x="40" y="-20"/>
      <v3 x="40" y="20"/>
    </p0>
  </speedUp_5>
  <speedUp_6 x="1224.95" y="-502" rot="-89.9948" type="0" den="0" frc="0" rst="0" sens="true" geom="2" z="9" dx="0.5" dy="0.5">
    <p0>
      <v0 x="-40" y="20"/>
      <v1 x="-40" y="-20"/>
      <v2 x="40" y="-20"/>
      <v3 x="40" y="20"/>
    </p0>
  </speedUp_6>
  <speedUp_7 x="1220.95" y="-643.7" rot="-135" type="0" den="0" frc="0" rst="0" sens="true" geom="2" z="10" dx="0.5" dy="0.5">
    <p0>
      <v0 x="-40" y="20"/>
      <v1 x="-40" y="-20"/>
      <v2 x="40" y="-20"/>
      <v3 x="40" y="20"/>
    </p0>
  </speedUp_7>
  <body_10 x="-1299.95" y="-311.8" rot="0" type="0" den="0" frc="0.4" rst="0" sens="false" geom="2" image="balk90_1" z="16" dx="0.5" dy="0.5">
    <p0>
      <v0 x="42.55" y="-5.15"/>
      <v1 x="44.05" y="-2"/>
      <v2 x="44.05" y="0.85"/>
      <v3 x="43.35" y="3.6"/>
      <v4 x="42.05" y="5.75"/>
      <v5 x="39.35" y="8"/>
      <v6 x="-40" y="8"/>
      <v7 x="-42" y="5.75"/>
      <v8 x="-43.3" y="3.6"/>
      <v9 x="-44" y="0.85"/>
      <v10 x="-44" y="-2"/>
      <v11 x="-42.5" y="-5.15"/>
      <v12 x="-39.45" y="-8"/>
      <v13 x="39.4" y="-8"/>
    </p0>
  </body_10>
  <body_11 x="-1217" y="-311.8" rot="0" type="0" den="0" frc="0.4" rst="0" sens="false" geom="2" image="balk90" z="17" dx="0.5" dy="0.5">
    <p0>
      <v0 x="42.55" y="-5.15"/>
      <v1 x="44.05" y="-2"/>
      <v2 x="44.05" y="0.85"/>
      <v3 x="43.35" y="3.6"/>
      <v4 x="42.05" y="5.75"/>
      <v5 x="39.35" y="8"/>
      <v6 x="-40" y="8"/>
      <v7 x="-42" y="5.75"/>
      <v8 x="-43.3" y="3.6"/>
      <v9 x="-44" y="0.85"/>
      <v10 x="-44" y="-2"/>
      <v11 x="-42.5" y="-5.15"/>
      <v12 x="-39.45" y="-8"/>
      <v13 x="39.4" y="-8"/>
    </p0>
  </body_11>
  <body_12 x="-1131.05" y="-311.8" rot="0" type="0" den="0" frc="0.4" rst="0" sens="false" geom="2" image="balk90_6" z="18" dx="0.5" dy="0.5">
    <p0>
      <v0 x="42.55" y="-5.15"/>
      <v1 x="44.05" y="-2"/>
      <v2 x="44.05" y="0.85"/>
      <v3 x="43.35" y="3.6"/>
      <v4 x="42.05" y="5.75"/>
      <v5 x="39.35" y="8"/>
      <v6 x="-40" y="8"/>
      <v7 x="-42" y="5.75"/>
      <v8 x="-43.3" y="3.6"/>
      <v9 x="-44" y="0.85"/>
      <v10 x="-44" y="-2"/>
      <v11 x="-42.5" y="-5.15"/>
      <v12 x="-39.45" y="-8"/>
      <v13 x="39.4" y="-8"/>
    </p0>
  </body_12>
  <body_13 x="-759.95" y="-231.4" rot="0" type="0" den="0" frc="0.4" rst="0" sens="false" geom="2" image="balk110" z="19" dx="0.5" dy="0.5">
    <p0>
      <v0 x="52.55" y="-5.15"/>
      <v1 x="54.05" y="-2"/>
      <v2 x="54.05" y="0.85"/>
      <v3 x="53.35" y="3.6"/>
      <v4 x="52.05" y="5.75"/>
      <v5 x="49.35" y="8"/>
      <v6 x="-50" y="8"/>
      <v7 x="-52" y="5.75"/>
      <v8 x="-53.3" y="3.6"/>
      <v9 x="-54" y="0.85"/>
      <v10 x="-54" y="-2"/>
      <v11 x="-52.5" y="-5.15"/>
      <v12 x="-49.45" y="-8"/>
      <v13 x="49.4" y="-8"/>
    </p0>
  </body_13>
  <body_14 x="-399.95" y="-272.6" rot="0" type="0" den="0" frc="0.4" rst="0" sens="false" geom="2" image="balk110" z="22" dx="0.5" dy="0.5">
    <p0>
      <v0 x="52.55" y="-5.15"/>
      <v1 x="54.05" y="-2"/>
      <v2 x="54.05" y="0.85"/>
      <v3 x="53.35" y="3.6"/>
      <v4 x="52.05" y="5.75"/>
      <v5 x="49.35" y="8"/>
      <v6 x="-50" y="8"/>
      <v7 x="-52" y="5.75"/>
      <v8 x="-53.3" y="3.6"/>
      <v9 x="-54" y="0.85"/>
      <v10 x="-54" y="-2"/>
      <v11 x="-52.5" y="-5.15"/>
      <v12 x="-49.45" y="-8"/>
      <v13 x="49.4" y="-8"/>
    </p0>
  </body_14>
  <body_15 x="134.65" y="-351.9" rot="0" type="0" den="0" frc="0.4" rst="0" sens="false" geom="2" image="balk110" z="25" dx="0.5" dy="0.5">
    <p0>
      <v0 x="52.55" y="-5.15"/>
      <v1 x="54.05" y="-2"/>
      <v2 x="54.05" y="0.85"/>
      <v3 x="53.35" y="3.6"/>
      <v4 x="52.05" y="5.75"/>
      <v5 x="49.35" y="8"/>
      <v6 x="-50" y="8"/>
      <v7 x="-52" y="5.75"/>
      <v8 x="-53.3" y="3.6"/>
      <v9 x="-54" y="0.85"/>
      <v10 x="-54" y="-2"/>
      <v11 x="-52.5" y="-5.15"/>
      <v12 x="-49.45" y="-8"/>
      <v13 x="49.4" y="-8"/>
    </p0>
  </body_15>
  <body_16 x="-119.95" y="-353.6" rot="0" type="0" den="0" frc="0.4" rst="0" sens="false" geom="2" image="balk110" z="26" dx="0.5" dy="0.5">
    <p0>
      <v0 x="52.55" y="-5.15"/>
      <v1 x="54.05" y="-2"/>
      <v2 x="54.05" y="0.85"/>
      <v3 x="53.35" y="3.6"/>
      <v4 x="52.05" y="5.75"/>
      <v5 x="49.35" y="8"/>
      <v6 x="-50" y="8"/>
      <v7 x="-52" y="5.75"/>
      <v8 x="-53.3" y="3.6"/>
      <v9 x="-54" y="0.85"/>
      <v10 x="-54" y="-2"/>
      <v11 x="-52.5" y="-5.15"/>
      <v12 x="-49.45" y="-8"/>
      <v13 x="49.4" y="-8"/>
    </p0>
  </body_16>
  <body_17 x="353.8" y="-465.2" rot="-89.9948" type="0" den="0" frc="0.4" rst="0" sens="false" geom="2" image="balk90" z="28" dx="0.5" dy="0.5">
    <p0>
      <v0 x="42.55" y="-5.15"/>
      <v1 x="44.05" y="-2"/>
      <v2 x="44.05" y="0.85"/>
      <v3 x="43.35" y="3.6"/>
      <v4 x="42.05" y="5.75"/>
      <v5 x="39.35" y="8"/>
      <v6 x="-40" y="8"/>
      <v7 x="-42" y="5.75"/>
      <v8 x="-43.3" y="3.6"/>
      <v9 x="-44" y="0.85"/>
      <v10 x="-44" y="-2"/>
      <v11 x="-42.5" y="-5.15"/>
      <v12 x="-39.45" y="-8"/>
      <v13 x="39.4" y="-8"/>
    </p0>
  </body_17>
  <body_18 x="459.1" y="-511.6" rot="0" type="0" den="0" frc="0.4" rst="0" sens="false" geom="2" image="balk90_6" z="29" dx="0.5" dy="0.5">
    <p0>
      <v0 x="42.55" y="-5.15"/>
      <v1 x="44.05" y="-2"/>
      <v2 x="44.05" y="0.85"/>
      <v3 x="43.35" y="3.6"/>
      <v4 x="42.05" y="5.75"/>
      <v5 x="39.35" y="8"/>
      <v6 x="-40" y="8"/>
      <v7 x="-42" y="5.75"/>
      <v8 x="-43.3" y="3.6"/>
      <v9 x="-44" y="0.85"/>
      <v10 x="-44" y="-2"/>
      <v11 x="-42.5" y="-5.15"/>
      <v12 x="-39.45" y="-8"/>
      <v13 x="39.4" y="-8"/>
    </p0>
  </body_18>
  <body_19 x="884.7" y="-351.55" rot="0" type="0" den="0" frc="0.4" rst="0" sens="false" geom="2" image="balk90" z="30" dx="0.5" dy="0.5">
    <p0>
      <v0 x="42.55" y="-5.15"/>
      <v1 x="44.05" y="-2"/>
      <v2 x="44.05" y="0.85"/>
      <v3 x="43.35" y="3.6"/>
      <v4 x="42.05" y="5.75"/>
      <v5 x="39.35" y="8"/>
      <v6 x="-40" y="8"/>
      <v7 x="-42" y="5.75"/>
      <v8 x="-43.3" y="3.6"/>
      <v9 x="-44" y="0.85"/>
      <v10 x="-44" y="-2"/>
      <v11 x="-42.5" y="-5.15"/>
      <v12 x="-39.45" y="-8"/>
      <v13 x="39.4" y="-8"/>
    </p0>
  </body_19>
  <body_20 x="971.7" y="-351.55" rot="0" type="0" den="0" frc="0.4" rst="0" sens="false" geom="2" image="balk90" z="31" dx="0.5" dy="0.5">
    <p0>
      <v0 x="42.55" y="-5.15"/>
      <v1 x="44.05" y="-2"/>
      <v2 x="44.05" y="0.85"/>
      <v3 x="43.35" y="3.6"/>
      <v4 x="42.05" y="5.75"/>
      <v5 x="39.35" y="8"/>
      <v6 x="-40" y="8"/>
      <v7 x="-42" y="5.75"/>
      <v8 x="-43.3" y="3.6"/>
      <v9 x="-44" y="0.85"/>
      <v10 x="-44" y="-2"/>
      <v11 x="-42.5" y="-5.15"/>
      <v12 x="-39.45" y="-8"/>
      <v13 x="39.4" y="-8"/>
    </p0>
  </body_20>
  <body_21 x="1141.2" y="-351.6" rot="0" type="0" den="0" frc="0.4" rst="0" sens="false" geom="2" image="balk90" z="32" dx="0.5" dy="0.5">
    <p0>
      <v0 x="42.55" y="-5.15"/>
      <v1 x="44.05" y="-2"/>
      <v2 x="44.05" y="0.85"/>
      <v3 x="43.35" y="3.6"/>
      <v4 x="42.05" y="5.75"/>
      <v5 x="39.35" y="8"/>
      <v6 x="-40" y="8"/>
      <v7 x="-42" y="5.75"/>
      <v8 x="-43.3" y="3.6"/>
      <v9 x="-44" y="0.85"/>
      <v10 x="-44" y="-2"/>
      <v11 x="-42.5" y="-5.15"/>
      <v12 x="-39.45" y="-8"/>
      <v13 x="39.4" y="-8"/>
    </p0>
  </body_21>
  <body_22 x="1058.7" y="-351.55" rot="0" type="0" den="0" frc="0.4" rst="0" sens="false" geom="2" image="balk90" z="33" dx="0.5" dy="0.5">
    <p0>
      <v0 x="42.55" y="-5.15"/>
      <v1 x="44.05" y="-2"/>
      <v2 x="44.05" y="0.85"/>
      <v3 x="43.35" y="3.6"/>
      <v4 x="42.05" y="5.75"/>
      <v5 x="39.35" y="8"/>
      <v6 x="-40" y="8"/>
      <v7 x="-42" y="5.75"/>
      <v8 x="-43.3" y="3.6"/>
      <v9 x="-44" y="0.85"/>
      <v10 x="-44" y="-2"/>
      <v11 x="-42.5" y="-5.15"/>
      <v12 x="-39.45" y="-8"/>
      <v13 x="39.4" y="-8"/>
    </p0>
  </body_22>
  <body_23 x="1187.35" y="-388.75" rot="-89.9948" type="0" den="0" frc="0.4" rst="0" sens="false" geom="2" image="balk90_51" z="34" dx="0.5" dy="0.5">
    <p0>
      <v0 x="42.55" y="-5.15"/>
      <v1 x="44.05" y="-2"/>
      <v2 x="44.05" y="0.85"/>
      <v3 x="43.35" y="3.6"/>
      <v4 x="42.05" y="5.75"/>
      <v5 x="39.35" y="8"/>
      <v6 x="-40" y="8"/>
      <v7 x="-42" y="5.75"/>
      <v8 x="-43.3" y="3.6"/>
      <v9 x="-44" y="0.85"/>
      <v10 x="-44" y="-2"/>
      <v11 x="-42.5" y="-5.15"/>
      <v12 x="-39.45" y="-8"/>
      <v13 x="39.4" y="-8"/>
    </p0>
  </body_23>
  <body_24 x="1187.35" y="-475.4" rot="-89.9948" type="0" den="0" frc="0.4" rst="0" sens="false" geom="2" image="balk90_6" z="35" dx="0.5" dy="0.5">
    <p0>
      <v0 x="42.55" y="-5.15"/>
      <v1 x="44.05" y="-2"/>
      <v2 x="44.05" y="0.85"/>
      <v3 x="43.35" y="3.6"/>
      <v4 x="42.05" y="5.75"/>
      <v5 x="39.35" y="8"/>
      <v6 x="-40" y="8"/>
      <v7 x="-42" y="5.75"/>
      <v8 x="-43.3" y="3.6"/>
      <v9 x="-44" y="0.85"/>
      <v10 x="-44" y="-2"/>
      <v11 x="-42.5" y="-5.15"/>
      <v12 x="-39.45" y="-8"/>
      <v13 x="39.4" y="-8"/>
    </p0>
  </body_24>
  <body_25 x="530.2" y="-351.55" rot="0" type="0" den="0" frc="0.4" rst="0" sens="false" geom="2" image="balk110" z="37" dx="0.5" dy="0.5">
    <p0>
      <v0 x="52.55" y="-5.15"/>
      <v1 x="54.05" y="-2"/>
      <v2 x="54.05" y="0.85"/>
      <v3 x="53.35" y="3.6"/>
      <v4 x="52.05" y="5.75"/>
      <v5 x="49.35" y="8"/>
      <v6 x="-50" y="8"/>
      <v7 x="-52" y="5.75"/>
      <v8 x="-53.3" y="3.6"/>
      <v9 x="-54" y="0.85"/>
      <v10 x="-54" y="-2"/>
      <v11 x="-52.5" y="-5.15"/>
      <v12 x="-49.45" y="-8"/>
      <v13 x="49.4" y="-8"/>
    </p0>
  </body_25>
  <body_26 x="622.7" y="-351.55" rot="0" type="0" den="0" frc="0.4" rst="0" sens="false" geom="2" image="balk90" z="38" dx="0.5" dy="0.5">
    <p0>
      <v0 x="42.55" y="-5.15"/>
      <v1 x="44.05" y="-2"/>
      <v2 x="44.05" y="0.85"/>
      <v3 x="43.35" y="3.6"/>
      <v4 x="42.05" y="5.75"/>
      <v5 x="39.35" y="8"/>
      <v6 x="-40" y="8"/>
      <v7 x="-42" y="5.75"/>
      <v8 x="-43.3" y="3.6"/>
      <v9 x="-44" y="0.85"/>
      <v10 x="-44" y="-2"/>
      <v11 x="-42.5" y="-5.15"/>
      <v12 x="-39.45" y="-8"/>
      <v13 x="39.4" y="-8"/>
    </p0>
  </body_26>
  <body_27 x="710.7" y="-351.55" rot="0" type="0" den="0" frc="0.4" rst="0" sens="false" geom="2" image="balk90" z="39" dx="0.5" dy="0.5">
    <p0>
      <v0 x="42.55" y="-5.15"/>
      <v1 x="44.05" y="-2"/>
      <v2 x="44.05" y="0.85"/>
      <v3 x="43.35" y="3.6"/>
      <v4 x="42.05" y="5.75"/>
      <v5 x="39.35" y="8"/>
      <v6 x="-40" y="8"/>
      <v7 x="-42" y="5.75"/>
      <v8 x="-43.3" y="3.6"/>
      <v9 x="-44" y="0.85"/>
      <v10 x="-44" y="-2"/>
      <v11 x="-42.5" y="-5.15"/>
      <v12 x="-39.45" y="-8"/>
      <v13 x="39.4" y="-8"/>
    </p0>
  </body_27>
  <body_28 x="797.7" y="-351.55" rot="0" type="0" den="0" frc="0.4" rst="0" sens="false" geom="2" image="balk90" z="40" dx="0.5" dy="0.5">
    <p0>
      <v0 x="42.55" y="-5.15"/>
      <v1 x="44.05" y="-2"/>
      <v2 x="44.05" y="0.85"/>
      <v3 x="43.35" y="3.6"/>
      <v4 x="42.05" y="5.75"/>
      <v5 x="39.35" y="8"/>
      <v6 x="-40" y="8"/>
      <v7 x="-42" y="5.75"/>
      <v8 x="-43.3" y="3.6"/>
      <v9 x="-44" y="0.85"/>
      <v10 x="-44" y="-2"/>
      <v11 x="-42.5" y="-5.15"/>
      <v12 x="-39.45" y="-8"/>
      <v13 x="39.4" y="-8"/>
    </p0>
  </body_28>
  <body_29 x="128.5" y="-476.35" rot="-89.9948" type="0" den="0" frc="0.4" rst="0" sens="false" geom="2" image="balk90_6" z="41" dx="0.5" dy="0.5">
    <p0>
      <v0 x="42.55" y="-5.15"/>
      <v1 x="44.05" y="-2"/>
      <v2 x="44.05" y="0.85"/>
      <v3 x="43.35" y="3.6"/>
      <v4 x="42.05" y="5.75"/>
      <v5 x="39.35" y="8"/>
      <v6 x="-40" y="8"/>
      <v7 x="-42" y="5.75"/>
      <v8 x="-43.3" y="3.6"/>
      <v9 x="-44" y="0.85"/>
      <v10 x="-44" y="-2"/>
      <v11 x="-42.5" y="-5.15"/>
      <v12 x="-39.45" y="-8"/>
      <v13 x="39.4" y="-8"/>
    </p0>
  </body_29>
  <body_30 x="164.65" y="-431.85" rot="0" type="0" den="0" frc="0.4" rst="0" sens="false" geom="2" image="balk90_52" z="42" dx="0.5" dy="0.5">
    <p0>
      <v0 x="42.55" y="-5.15"/>
      <v1 x="44.05" y="-2"/>
      <v2 x="44.05" y="0.85"/>
      <v3 x="43.35" y="3.6"/>
      <v4 x="42.05" y="5.75"/>
      <v5 x="39.35" y="8"/>
      <v6 x="-40" y="8"/>
      <v7 x="-42" y="5.75"/>
      <v8 x="-43.3" y="3.6"/>
      <v9 x="-44" y="0.85"/>
      <v10 x="-44" y="-2"/>
      <v11 x="-42.5" y="-5.15"/>
      <v12 x="-39.45" y="-8"/>
      <v13 x="39.4" y="-8"/>
    </p0>
  </body_30>
  <body_31 x="312.6" y="-511.6" rot="0" type="0" den="0" frc="0.4" rst="0" sens="false" geom="2" image="balk90_1" z="43" dx="0.5" dy="0.5">
    <p0>
      <v0 x="42.55" y="-5.15"/>
      <v1 x="44.05" y="-2"/>
      <v2 x="44.05" y="0.85"/>
      <v3 x="43.35" y="3.6"/>
      <v4 x="42.05" y="5.75"/>
      <v5 x="39.35" y="8"/>
      <v6 x="-40" y="8"/>
      <v7 x="-42" y="5.75"/>
      <v8 x="-43.3" y="3.6"/>
      <v9 x="-44" y="0.85"/>
      <v10 x="-44" y="-2"/>
      <v11 x="-42.5" y="-5.15"/>
      <v12 x="-39.45" y="-8"/>
      <v13 x="39.4" y="-8"/>
    </p0>
  </body_31>
  <body_32 x="381.1" y="-511.6" rot="0" type="0" den="0" frc="0.4" rst="0" sens="false" geom="2" image="balk90" z="44" dx="0.5" dy="0.5">
    <p0>
      <v0 x="42.55" y="-5.15"/>
      <v1 x="44.05" y="-2"/>
      <v2 x="44.05" y="0.85"/>
      <v3 x="43.35" y="3.6"/>
      <v4 x="42.05" y="5.75"/>
      <v5 x="39.35" y="8"/>
      <v6 x="-40" y="8"/>
      <v7 x="-42" y="5.75"/>
      <v8 x="-43.3" y="3.6"/>
      <v9 x="-44" y="0.85"/>
      <v10 x="-44" y="-2"/>
      <v11 x="-42.5" y="-5.15"/>
      <v12 x="-39.45" y="-8"/>
      <v13 x="39.4" y="-8"/>
    </p0>
  </body_32>
  <body_33 x="478.75" y="-271.4" rot="0" type="0" den="0" frc="0.4" rst="0" sens="false" geom="2" image="balk90" z="45" dx="0.5" dy="0.5">
    <p0>
      <v0 x="42.55" y="-5.15"/>
      <v1 x="44.05" y="-2"/>
      <v2 x="44.05" y="0.85"/>
      <v3 x="43.35" y="3.6"/>
      <v4 x="42.05" y="5.75"/>
      <v5 x="39.35" y="8"/>
      <v6 x="-40" y="8"/>
      <v7 x="-42" y="5.75"/>
      <v8 x="-43.3" y="3.6"/>
      <v9 x="-44" y="0.85"/>
      <v10 x="-44" y="-2"/>
      <v11 x="-42.5" y="-5.15"/>
      <v12 x="-39.45" y="-8"/>
      <v13 x="39.4" y="-8"/>
    </p0>
  </body_33>
  <body_34 x="567.3" y="-271.4" rot="0" type="0" den="0" frc="0.4" rst="0" sens="false" geom="2" image="balk90" z="46" dx="0.5" dy="0.5">
    <p0>
      <v0 x="42.55" y="-5.15"/>
      <v1 x="44.05" y="-2"/>
      <v2 x="44.05" y="0.85"/>
      <v3 x="43.35" y="3.6"/>
      <v4 x="42.05" y="5.75"/>
      <v5 x="39.35" y="8"/>
      <v6 x="-40" y="8"/>
      <v7 x="-42" y="5.75"/>
      <v8 x="-43.3" y="3.6"/>
      <v9 x="-44" y="0.85"/>
      <v10 x="-44" y="-2"/>
      <v11 x="-42.5" y="-5.15"/>
      <v12 x="-39.45" y="-8"/>
      <v13 x="39.4" y="-8"/>
    </p0>
  </body_34>
  <body_35 x="655.85" y="-271.4" rot="0" type="0" den="0" frc="0.4" rst="0" sens="false" geom="2" image="balk90" z="47" dx="0.5" dy="0.5">
    <p0>
      <v0 x="42.55" y="-5.15"/>
      <v1 x="44.05" y="-2"/>
      <v2 x="44.05" y="0.85"/>
      <v3 x="43.35" y="3.6"/>
      <v4 x="42.05" y="5.75"/>
      <v5 x="39.35" y="8"/>
      <v6 x="-40" y="8"/>
      <v7 x="-42" y="5.75"/>
      <v8 x="-43.3" y="3.6"/>
      <v9 x="-44" y="0.85"/>
      <v10 x="-44" y="-2"/>
      <v11 x="-42.5" y="-5.15"/>
      <v12 x="-39.45" y="-8"/>
      <v13 x="39.4" y="-8"/>
    </p0>
  </body_35>
  <body_36 x="744.4" y="-271.4" rot="0" type="0" den="0" frc="0.4" rst="0" sens="false" geom="2" image="balk90" z="48" dx="0.5" dy="0.5">
    <p0>
      <v0 x="42.55" y="-5.15"/>
      <v1 x="44.05" y="-2"/>
      <v2 x="44.05" y="0.85"/>
      <v3 x="43.35" y="3.6"/>
      <v4 x="42.05" y="5.75"/>
      <v5 x="39.35" y="8"/>
      <v6 x="-40" y="8"/>
      <v7 x="-42" y="5.75"/>
      <v8 x="-43.3" y="3.6"/>
      <v9 x="-44" y="0.85"/>
      <v10 x="-44" y="-2"/>
      <v11 x="-42.5" y="-5.15"/>
      <v12 x="-39.45" y="-8"/>
      <v13 x="39.4" y="-8"/>
    </p0>
  </body_36>
  <body_37 x="832.95" y="-271.4" rot="0" type="0" den="0" frc="0.4" rst="0" sens="false" geom="2" image="balk90" z="49" dx="0.5" dy="0.5">
    <p0>
      <v0 x="42.55" y="-5.15"/>
      <v1 x="44.05" y="-2"/>
      <v2 x="44.05" y="0.85"/>
      <v3 x="43.35" y="3.6"/>
      <v4 x="42.05" y="5.75"/>
      <v5 x="39.35" y="8"/>
      <v6 x="-40" y="8"/>
      <v7 x="-42" y="5.75"/>
      <v8 x="-43.3" y="3.6"/>
      <v9 x="-44" y="0.85"/>
      <v10 x="-44" y="-2"/>
      <v11 x="-42.5" y="-5.15"/>
      <v12 x="-39.45" y="-8"/>
      <v13 x="39.4" y="-8"/>
    </p0>
  </body_37>
  <body_38 x="1010.05" y="-271.4" rot="0" type="0" den="0" frc="0.4" rst="0" sens="false" geom="2" image="balk90" z="50" dx="0.5" dy="0.5">
    <p0>
      <v0 x="42.55" y="-5.15"/>
      <v1 x="44.05" y="-2"/>
      <v2 x="44.05" y="0.85"/>
      <v3 x="43.35" y="3.6"/>
      <v4 x="42.05" y="5.75"/>
      <v5 x="39.35" y="8"/>
      <v6 x="-40" y="8"/>
      <v7 x="-42" y="5.75"/>
      <v8 x="-43.3" y="3.6"/>
      <v9 x="-44" y="0.85"/>
      <v10 x="-44" y="-2"/>
      <v11 x="-42.5" y="-5.15"/>
      <v12 x="-39.45" y="-8"/>
      <v13 x="39.4" y="-8"/>
    </p0>
  </body_38>
  <body_39 x="921.5" y="-271.4" rot="0" type="0" den="0" frc="0.4" rst="0" sens="false" geom="2" image="balk90" z="51" dx="0.5" dy="0.5">
    <p0>
      <v0 x="42.55" y="-5.15"/>
      <v1 x="44.05" y="-2"/>
      <v2 x="44.05" y="0.85"/>
      <v3 x="43.35" y="3.6"/>
      <v4 x="42.05" y="5.75"/>
      <v5 x="39.35" y="8"/>
      <v6 x="-40" y="8"/>
      <v7 x="-42" y="5.75"/>
      <v8 x="-43.3" y="3.6"/>
      <v9 x="-44" y="0.85"/>
      <v10 x="-44" y="-2"/>
      <v11 x="-42.5" y="-5.15"/>
      <v12 x="-39.45" y="-8"/>
      <v13 x="39.4" y="-8"/>
    </p0>
  </body_39>
  <body_40 x="1098.6" y="-271.4" rot="0" type="0" den="0" frc="0.4" rst="0" sens="false" geom="2" image="balk90" z="52" dx="0.5" dy="0.5">
    <p0>
      <v0 x="42.55" y="-5.15"/>
      <v1 x="44.05" y="-2"/>
      <v2 x="44.05" y="0.85"/>
      <v3 x="43.35" y="3.6"/>
      <v4 x="42.05" y="5.75"/>
      <v5 x="39.35" y="8"/>
      <v6 x="-40" y="8"/>
      <v7 x="-42" y="5.75"/>
      <v8 x="-43.3" y="3.6"/>
      <v9 x="-44" y="0.85"/>
      <v10 x="-44" y="-2"/>
      <v11 x="-42.5" y="-5.15"/>
      <v12 x="-39.45" y="-8"/>
      <v13 x="39.4" y="-8"/>
    </p0>
  </body_40>
  <body_41 x="1267.65" y="-356.15" rot="-89.9948" type="0" den="0" frc="0.4" rst="0" sens="false" geom="2" image="balk90" z="53" dx="0.5" dy="0.5">
    <p0>
      <v0 x="42.55" y="-5.15"/>
      <v1 x="44.05" y="-2"/>
      <v2 x="44.05" y="0.85"/>
      <v3 x="43.35" y="3.6"/>
      <v4 x="42.05" y="5.75"/>
      <v5 x="39.35" y="8"/>
      <v6 x="-40" y="8"/>
      <v7 x="-42" y="5.75"/>
      <v8 x="-43.3" y="3.6"/>
      <v9 x="-44" y="0.85"/>
      <v10 x="-44" y="-2"/>
      <v11 x="-42.5" y="-5.15"/>
      <v12 x="-39.45" y="-8"/>
      <v13 x="39.4" y="-8"/>
    </p0>
  </body_41>
  <body_42 x="1187" y="-271.4" rot="0" type="0" den="0" frc="0.4" rst="0" sens="false" geom="2" image="balk90" z="54" dx="0.5" dy="0.5">
    <p0>
      <v0 x="42.55" y="-5.15"/>
      <v1 x="44.05" y="-2"/>
      <v2 x="44.05" y="0.85"/>
      <v3 x="43.35" y="3.6"/>
      <v4 x="42.05" y="5.75"/>
      <v5 x="39.35" y="8"/>
      <v6 x="-40" y="8"/>
      <v7 x="-42" y="5.75"/>
      <v8 x="-43.3" y="3.6"/>
      <v9 x="-44" y="0.85"/>
      <v10 x="-44" y="-2"/>
      <v11 x="-42.5" y="-5.15"/>
      <v12 x="-39.45" y="-8"/>
      <v13 x="39.4" y="-8"/>
    </p0>
  </body_42>
  <body_43 x="1247.95" y="-292.95" rot="-47.2258" type="0" den="0" frc="0.4" rst="0" sens="false" geom="2" image="balk65" z="55" dx="0.5" dy="0.5">
    <p0>
      <v0 x="30.05" y="-5.15"/>
      <v1 x="29.55" y="NaN"/>
      <v2 x="31.55" y="0.85"/>
      <v3 x="30.85" y="3.6"/>
      <v4 x="29.55" y="5.75"/>
      <v5 x="26.85" y="8"/>
      <v6 x="-27.5" y="8"/>
      <v7 x="-29.5" y="5.75"/>
      <v8 x="-30.8" y="3.6"/>
      <v9 x="-31.5" y="0.85"/>
      <v10 x="-31.5" y="-2"/>
      <v11 x="-30" y="-5.15"/>
      <v12 x="-26.95" y="-8"/>
      <v13 x="26.9" y="-8"/>
    </p0>
  </body_43>
  <body_44 x="1267.65" y="-437" rot="-89.9948" type="0" den="0" frc="0.4" rst="0" sens="false" geom="2" image="balk90" z="56" dx="0.5" dy="0.5">
    <p0>
      <v0 x="42.55" y="-5.15"/>
      <v1 x="44.05" y="-2"/>
      <v2 x="44.05" y="0.85"/>
      <v3 x="43.35" y="3.6"/>
      <v4 x="42.05" y="5.75"/>
      <v5 x="39.35" y="8"/>
      <v6 x="-40" y="8"/>
      <v7 x="-42" y="5.75"/>
      <v8 x="-43.3" y="3.6"/>
      <v9 x="-44" y="0.85"/>
      <v10 x="-44" y="-2"/>
      <v11 x="-42.5" y="-5.15"/>
      <v12 x="-39.45" y="-8"/>
      <v13 x="39.4" y="-8"/>
    </p0>
  </body_44>
  <body_45 x="1267.65" y="-522" rot="-89.9948" type="0" den="0" frc="0.4" rst="0" sens="false" geom="2" image="balk90" z="57" dx="0.5" dy="0.5">
    <p0>
      <v0 x="42.55" y="-5.15"/>
      <v1 x="44.05" y="-2"/>
      <v2 x="44.05" y="0.85"/>
      <v3 x="43.35" y="3.6"/>
      <v4 x="42.05" y="5.75"/>
      <v5 x="39.35" y="8"/>
      <v6 x="-40" y="8"/>
      <v7 x="-42" y="5.75"/>
      <v8 x="-43.3" y="3.6"/>
      <v9 x="-44" y="0.85"/>
      <v10 x="-44" y="-2"/>
      <v11 x="-42.5" y="-5.15"/>
      <v12 x="-39.45" y="-8"/>
      <v13 x="39.4" y="-8"/>
    </p0>
  </body_45>
  <body_46 x="1267.65" y="-609" rot="-89.9948" type="0" den="0" frc="0.4" rst="0" sens="false" geom="2" image="balk90" z="58" dx="0.5" dy="0.5">
    <p0>
      <v0 x="42.55" y="-5.15"/>
      <v1 x="44.05" y="-2"/>
      <v2 x="44.05" y="0.85"/>
      <v3 x="43.35" y="3.6"/>
      <v4 x="42.05" y="5.75"/>
      <v5 x="39.35" y="8"/>
      <v6 x="-40" y="8"/>
      <v7 x="-42" y="5.75"/>
      <v8 x="-43.3" y="3.6"/>
      <v9 x="-44" y="0.85"/>
      <v10 x="-44" y="-2"/>
      <v11 x="-42.5" y="-5.15"/>
      <v12 x="-39.45" y="-8"/>
      <v13 x="39.4" y="-8"/>
    </p0>
  </body_46>
  <body_47 x="1238.3" y="-679.45" rot="-135" type="0" den="0" frc="0.4" rst="0" sens="false" geom="2" image="balk90_6" z="59" dx="0.5" dy="0.5">
    <p0>
      <v0 x="42.55" y="-5.15"/>
      <v1 x="44.05" y="-2"/>
      <v2 x="44.05" y="0.85"/>
      <v3 x="43.35" y="3.6"/>
      <v4 x="42.05" y="5.75"/>
      <v5 x="39.35" y="8"/>
      <v6 x="-40" y="8"/>
      <v7 x="-42" y="5.75"/>
      <v8 x="-43.3" y="3.6"/>
      <v9 x="-44" y="0.85"/>
      <v10 x="-44" y="-2"/>
      <v11 x="-42.5" y="-5.15"/>
      <v12 x="-39.45" y="-8"/>
      <v13 x="39.4" y="-8"/>
    </p0>
  </body_47>
  <body_48 x="-201.8" y="-616.3" rot="45" type="0" den="0" frc="0.4" rst="0" sens="false" geom="2" image="balk110" z="60" dx="0.5" dy="0.5">
    <p0>
      <v0 x="52.55" y="-5.15"/>
      <v1 x="54.05" y="-2"/>
      <v2 x="54.05" y="0.85"/>
      <v3 x="53.35" y="3.6"/>
      <v4 x="52.05" y="5.75"/>
      <v5 x="49.35" y="8"/>
      <v6 x="-50" y="8"/>
      <v7 x="-52" y="5.75"/>
      <v8 x="-53.3" y="3.6"/>
      <v9 x="-54" y="0.85"/>
      <v10 x="-54" y="-2"/>
      <v11 x="-52.5" y="-5.15"/>
      <v12 x="-49.45" y="-8"/>
      <v13 x="49.4" y="-8"/>
    </p0>
  </body_48>
  <body_49 x="-168" y="-540" rot="89.9948" type="0" den="0" frc="0.4" rst="0" sens="false" geom="2" image="balk90_6" z="61" dx="0.5" dy="0.5">
    <p0>
      <v0 x="42.55" y="-5.15"/>
      <v1 x="44.05" y="-2"/>
      <v2 x="44.05" y="0.85"/>
      <v3 x="43.35" y="3.6"/>
      <v4 x="42.05" y="5.75"/>
      <v5 x="39.35" y="8"/>
      <v6 x="-40" y="8"/>
      <v7 x="-42" y="5.75"/>
      <v8 x="-43.3" y="3.6"/>
      <v9 x="-44" y="0.85"/>
      <v10 x="-44" y="-2"/>
      <v11 x="-42.5" y="-5.15"/>
      <v12 x="-39.45" y="-8"/>
      <v13 x="39.4" y="-8"/>
    </p0>
  </body_49>
  <body_50 x="-38.9" y="-617.2" rot="-45" type="0" den="0" frc="0.4" rst="0" sens="false" geom="2" image="balk110" z="62" dx="0.5" dy="0.5">
    <p0>
      <v0 x="52.55" y="-5.15"/>
      <v1 x="54.05" y="-2"/>
      <v2 x="54.05" y="0.85"/>
      <v3 x="53.35" y="3.6"/>
      <v4 x="52.05" y="5.75"/>
      <v5 x="49.35" y="8"/>
      <v6 x="-50" y="8"/>
      <v7 x="-52" y="5.75"/>
      <v8 x="-53.3" y="3.6"/>
      <v9 x="-54" y="0.85"/>
      <v10 x="-54" y="-2"/>
      <v11 x="-52.5" y="-5.15"/>
      <v12 x="-49.45" y="-8"/>
      <v13 x="49.4" y="-8"/>
    </p0>
  </body_50>
  <body_51 x="-73" y="-540" rot="-89.9948" type="0" den="0" frc="0.4" rst="0" sens="false" geom="2" image="balk90_1" z="63" dx="0.5" dy="0.5">
    <p0>
      <v0 x="42.55" y="-5.15"/>
      <v1 x="44.05" y="-2"/>
      <v2 x="44.05" y="0.85"/>
      <v3 x="43.35" y="3.6"/>
      <v4 x="42.05" y="5.75"/>
      <v5 x="39.35" y="8"/>
      <v6 x="-40" y="8"/>
      <v7 x="-42" y="5.75"/>
      <v8 x="-43.3" y="3.6"/>
      <v9 x="-44" y="0.85"/>
      <v10 x="-44" y="-2"/>
      <v11 x="-42.5" y="-5.15"/>
      <v12 x="-39.45" y="-8"/>
      <v13 x="39.4" y="-8"/>
    </p0>
  </body_51>
  <body_52 x="228.65" y="-351.9" rot="0" type="0" den="0" frc="0.4" rst="0" sens="false" geom="2" image="balk90" z="64" dx="0.5" dy="0.5">
    <p0>
      <v0 x="42.55" y="-5.15"/>
      <v1 x="44.05" y="-2"/>
      <v2 x="44.05" y="0.85"/>
      <v3 x="43.35" y="3.6"/>
      <v4 x="42.05" y="5.75"/>
      <v5 x="39.35" y="8"/>
      <v6 x="-40" y="8"/>
      <v7 x="-42" y="5.75"/>
      <v8 x="-43.3" y="3.6"/>
      <v9 x="-44" y="0.85"/>
      <v10 x="-44" y="-2"/>
      <v11 x="-42.5" y="-5.15"/>
      <v12 x="-39.45" y="-8"/>
      <v13 x="39.4" y="-8"/>
    </p0>
  </body_52>
  <body_53 x="310.65" y="-351.9" rot="0" type="0" den="0" frc="0.4" rst="0" sens="false" geom="2" image="balk90" z="65" dx="0.5" dy="0.5">
    <p0>
      <v0 x="42.55" y="-5.15"/>
      <v1 x="44.05" y="-2"/>
      <v2 x="44.05" y="0.85"/>
      <v3 x="43.35" y="3.6"/>
      <v4 x="42.05" y="5.75"/>
      <v5 x="39.35" y="8"/>
      <v6 x="-40" y="8"/>
      <v7 x="-42" y="5.75"/>
      <v8 x="-43.3" y="3.6"/>
      <v9 x="-44" y="0.85"/>
      <v10 x="-44" y="-2"/>
      <v11 x="-42.5" y="-5.15"/>
      <v12 x="-39.45" y="-8"/>
      <v13 x="39.4" y="-8"/>
    </p0>
  </body_53>
  <body_54 x="353.9" y="-315.9" rot="-89.9948" type="0" den="0" frc="0.4" rst="0" sens="false" geom="2" image="balk90" z="66" dx="0.5" dy="0.5">
    <p0>
      <v0 x="42.55" y="-5.15"/>
      <v1 x="44.05" y="-2"/>
      <v2 x="44.05" y="0.85"/>
      <v3 x="43.35" y="3.6"/>
      <v4 x="42.05" y="5.75"/>
      <v5 x="39.35" y="8"/>
      <v6 x="-40" y="8"/>
      <v7 x="-42" y="5.75"/>
      <v8 x="-43.3" y="3.6"/>
      <v9 x="-44" y="0.85"/>
      <v10 x="-44" y="-2"/>
      <v11 x="-42.5" y="-5.15"/>
      <v12 x="-39.45" y="-8"/>
      <v13 x="39.4" y="-8"/>
    </p0>
  </body_54>
  <body_55 x="391.2" y="-271.4" rot="0" type="0" den="0" frc="0.4" rst="0" sens="false" geom="2" image="balk90_5" z="67" dx="0.5" dy="0.5">
    <p0>
      <v0 x="42.55" y="-5.15"/>
      <v1 x="44.05" y="-2"/>
      <v2 x="44.05" y="0.85"/>
      <v3 x="43.35" y="3.6"/>
      <v4 x="42.05" y="5.75"/>
      <v5 x="39.35" y="8"/>
      <v6 x="-40" y="8"/>
      <v7 x="-42" y="5.75"/>
      <v8 x="-43.3" y="3.6"/>
      <v9 x="-44" y="0.85"/>
      <v10 x="-44" y="-2"/>
      <v11 x="-42.5" y="-5.15"/>
      <v12 x="-39.45" y="-8"/>
      <v13 x="39.4" y="-8"/>
    </p0>
  </body_55>
  <body_56 x="353.85" y="-388.15" rot="-89.9948" type="0" den="0" frc="0.4" rst="0" sens="false" geom="2" image="balk90" z="68" dx="0.5" dy="0.5">
    <p0>
      <v0 x="42.55" y="-5.15"/>
      <v1 x="44.05" y="-2"/>
      <v2 x="44.05" y="0.85"/>
      <v3 x="43.35" y="3.6"/>
      <v4 x="42.05" y="5.75"/>
      <v5 x="39.35" y="8"/>
      <v6 x="-40" y="8"/>
      <v7 x="-42" y="5.75"/>
      <v8 x="-43.3" y="3.6"/>
      <v9 x="-44" y="0.85"/>
      <v10 x="-44" y="-2"/>
      <v11 x="-42.5" y="-5.15"/>
      <v12 x="-39.45" y="-8"/>
      <v13 x="39.4" y="-8"/>
    </p0>
  </body_56>
  <decor_1 x="390.4" y="-241.3" rot="0" z="69" dx="0.5487" dy="0.4659" image="decor_5"/>
  <decor_2 x="-1314.85" y="-274.9" rot="0" z="70" dx="0.5131" dy="0.4127" image="decor_3"/>
  <decor_3 x="-1238.8" y="-293.45" rot="0" z="71" dx="0.5" dy="0.5" image="decor_2"/>
  <decor_4 x="-119.75" y="-316.75" rot="0" z="72" dx="0.5131" dy="0.4127" image="decor_3"/>
  <decor_5 x="-757.95" y="-201.65" rot="0" z="73" dx="0.5487" dy="0.4659" image="decor_5"/>
  <decor_6 x="-1106.5" y="-293.1" rot="0" z="74" dx="0.5" dy="0.5" image="decor_2"/>
  <decor_7 x="-184.85" y="-547.95" rot="90" z="75" dx="0.5" dy="0.5" image="decor_2"/>
  <decor_8 x="322.1" y="-314.5" rot="90" z="76" dx="0.4975" dy="0.5511" image="decor_4"/>
  <decor_9 x="604.9" y="-234.8" rot="0" z="77" dx="0.5131" dy="0.4127" image="decor_3"/>
  <decor_10 x="847.5" y="-253" rot="0" z="78" dx="0.5" dy="0.5" image="decor_2"/>
  <decor_11 x="1067.3" y="-252.9" rot="0" z="79" dx="0.5" dy="0.5" image="decor_2"/>
  <decor_12 x="-55.35" y="-547.95" rot="-89.9948" z="80" dx="0.5" dy="0.5" image="decor_2"/>
  <playerBall x="-1240.75" y="-459.65" rot="0" type="2" den="1" frc="0.15" rst="0" sens="false" geom="0" z="16" dx="0.4824" dy="0.3283" category="100" mask="65533">
    <radius>40</radius>
  </playerBall>
  <beginTeleport x="-1239.7" y="-458.8" rot="0" z="14" dx="0.5" dy="0.5"/>
  <star1 x="-120.15" y="-380.6" rot="0" type="0" den="0" frc="0" rst="0" sens="true" geom="0" z="50" dx="0.494" dy="0.5008">
    <radius>20</radius>
  </star1>
  <star2 x="278.4" y="-433.25" rot="0" type="0" den="0" frc="0" rst="0" sens="true" geom="0" z="50" dx="0.494" dy="0.5008">
    <radius>20</radius>
  </star2>
  <star3 x="198.4" y="-513.35" rot="0" type="0" den="0" frc="0" rst="0" sens="true" geom="0" z="50" dx="0.494" dy="0.5008">
    <radius>20</radius>
  </star3>
  <star4 x="628.2" y="-311.05" rot="0" type="0" den="0" frc="0" rst="0" sens="true" geom="0" z="50" dx="0.494" dy="0.5008">
    <radius>20</radius>
  </star4>
  <star5 x="1013" y="-311.15" rot="0" type="0" den="0" frc="0" rst="0" sens="true" geom="0" z="50" dx="0.494" dy="0.5008">
    <radius>20</radius>
  </star5>
  <star6 x="819.35" y="-312.05" rot="0" type="0" den="0" frc="0" rst="0" sens="true" geom="0" z="50" dx="0.494" dy="0.5008">
    <radius>20</radius>
  </star6>
  <winTeleport x="-121" y="-538.8" rot="-90" type="0" den="0" frc="0" rst="0" sens="true" geom="0" z="1" dx="0.5" dy="0.5">
    <radius>50</radius>
  </winTeleport>
  <triangle1 x="-920" y="-439.1" rot="0" type="0" den="0" frc="0" rst="0" sens="true" geom="0" z="2" dx="0.5153" dy="0.5036" fullDelay="1.75">
    <radius>30</radius>
  </triangle1>
  <laser_1 body="body_66">
    <splash1/>
    <splash2/>
  </laser_1>
  <splash1 x="-812.8" y="-255.9" rot="0" z="21" dx="0.5" dy="0.5"/>
  <splash2 x="-706.85" y="-255.9" rot="0" z="22" dx="0.5" dy="0.5"/>
  <body_66 x="0" y="0" rot="0" type="0" den="0" frc="0" rst="0" sens="true" geom="1">
    <v0 x="-812.8" y="-255.9"/>
    <v1 x="-706.85" y="-255.9"/>
  </body_66>
  <triangle2 x="-579" y="-359.35" rot="0" type="0" den="0" frc="0" rst="0" sens="true" geom="0" z="3" dx="0.5153" dy="0.5036" fullDelay="1.75">
    <radius>30</radius>
  </triangle2>
  <laser_2 body="body_68">
    <splash3/>
    <splash4/>
  </laser_2>
  <splash3 x="-452.8" y="-297.1" rot="0" z="24" dx="0.5" dy="0.5"/>
  <splash4 x="-346.85" y="-297.1" rot="0" z="25" dx="0.5" dy="0.5"/>
  <body_68 x="0" y="0" rot="0" type="0" den="0" frc="0" rst="0" sens="true" geom="1">
    <v0 x="-452.8" y="-297.1"/>
    <v1 x="-346.85" y="-297.1"/>
  </body_68>
  <alien1 x="160.35" y="-377" rot="0" type="2" den="1" frc="0.5" rst="0" sens="false" geom="2" z="28" dx="0.5" dy="0.5" x1="120" x2="180" phase="1">
    <p0>
      <v0 x="12.25" y="-17.75"/>
      <v1 x="16.95" y="-16.95"/>
      <v2 x="17.75" y="-11.95"/>
      <v3 x="17.75" y="11.95"/>
      <v4 x="17" y="17.1"/>
      <v5 x="12.25" y="17.75"/>
      <v6 x="-12" y="17.75"/>
      <v7 x="-16.9" y="16.85"/>
      <v8 x="-17.75" y="12.4"/>
      <v9 x="-17.75" y="-12"/>
      <v10 x="-17.1" y="-17"/>
      <v11 x="-12.75" y="-17.75"/>
    </p0>
  </alien1>
  <triangle3 x="1154" y="-492.1" rot="0" type="0" den="0" frc="0" rst="0" sens="true" geom="0" z="11" dx="0.5153" dy="0.5036" fullDelay="0">
    <radius>30</radius>
  </triangle3>
  <laser_3 body="body_71">
    <emitter1/>
    <emitter2/>
  </laser_3>
  <emitter1 x="488.95" y="-484.05" rot="89.9948" z="13" dx="0.793" dy="0.5"/>
  <emitter2 x="489.05" y="-379.45" rot="-89.9948" z="12" dx="0.793" dy="0.5"/>
  <body_71 x="0" y="0" rot="0" type="0" den="0" frc="0" rst="0" sens="true" geom="1">
    <v0 x="488.95" y="-484.05"/>
    <v1 x="489.05" y="-379.45"/>
  </body_71>
  <alien2 x="880.15" y="-377.5" rot="0" type="2" den="1" frc="0.5" rst="0" sens="false" geom="2" z="37" dx="0.5" dy="0.5" x1="660" x2="1215" phase="1">
    <p0>
      <v0 x="12.25" y="-17.75"/>
      <v1 x="16.95" y="-16.95"/>
      <v2 x="17.75" y="-11.95"/>
      <v3 x="17.75" y="11.95"/>
      <v4 x="17" y="17.1"/>
      <v5 x="12.25" y="17.75"/>
      <v6 x="-12" y="17.75"/>
      <v7 x="-16.9" y="16.85"/>
      <v8 x="-17.75" y="12.4"/>
      <v9 x="-17.75" y="-12"/>
      <v10 x="-17.1" y="-17"/>
      <v11 x="-12.75" y="-17.75"/>
    </p0>
  </alien2>
  <precipice1 x="0" y="0" rot="0" type="0" den="0" frc="0" rst="0" sens="true" geom="2">
    <p0>
      <v0 x="1298.9" y="-480"/>
      <v1 x="1440" y="-480"/>
      <v2 x="1440" y="-40"/>
      <v3 x="1298.9" y="-200"/>
    </p0>
    <p1>
      <v0 x="240" y="-320"/>
      <v1 x="360" y="-200"/>
      <v2 x="-320" y="-240"/>
      <v3 x="-160" y="-320"/>
    </p1>
    <p2>
      <v0 x="-320" y="-240"/>
      <v1 x="360" y="-200"/>
      <v2 x="-680" y="-200"/>
      <v3 x="-440" y="-240"/>
    </p2>
    <p4>
      <v0 x="-1080" y="-240"/>
      <v1 x="-840" y="-200"/>
      <v2 x="-1520" y="-40"/>
      <v3 x="-1520" y="-240"/>
    </p4>
    <p5>
      <v0 x="-840" y="-200"/>
      <v1 x="1298.9" y="-200"/>
      <v2 x="1440" y="-40"/>
      <v3 x="-1520" y="-40"/>
    </p5>
  </precipice1>
</level_52>