<level_49>
  <checkPoints>
    <p0 x="-1293" y="-1730.6"/>
    <p1 x="-160" y="-1656"/>
    <p2 x="1040" y="-1856"/>
  </checkPoints>
  <viewPoints>
    <p0 x="-1440.25" f="0.5" h="-1494"/>
    <p1 x="-432" f="0.5" h="-1494"/>
    <p2 x="-160" f="0.5" h="-1735"/>
    <p3 x="700" f="0.5" h="-1735"/>
    <p4 x="965" f="0.3" h="-1635"/>
    <p5 x="1760.15" f="0.3" h="-1635"/>
  </viewPoints>
  <joints>
    <j1 type="2" bA="move1" bB="ground" col="false">
      <anchor x="39.9969" y="-1630.798"/>
      <axis x="1" y="0"/>
      <force>100</force>
      <speed>-4</speed>
      <isMotor>true</isMotor>
      <isLimit>true</isLimit>
      <limitA>0</limitA>
      <limitB>13.3333</limitB>
    </j1>
    <j2 type="2" bA="move2" bB="ground" col="false">
      <anchor x="639.9969" y="-1730.498"/>
      <axis x="1" y="0"/>
      <force>100</force>
      <speed>4</speed>
      <isMotor>true</isMotor>
      <isLimit>true</isLimit>
      <limitA>-13.3333</limitA>
      <limitB>0</limitB>
    </j2>
    <j3 type="2" bA="move3" bB="ground" col="false">
      <anchor x="439.9969" y="-1831.148"/>
      <axis x="1" y="0"/>
      <force>100</force>
      <speed>-4</speed>
      <isMotor>true</isMotor>
      <isLimit>true</isLimit>
      <limitA>0</limitA>
      <limitB>13.3333</limitB>
    </j3>
  </joints>
  <frame x="-1440.25" y="-2080.1" w="3200.4" h="841.25"/>
  <frameLeft x="0" y="0" rot="0" type="0" den="0" frc="0" rst="0" sens="false" geom="1" category="65535" mask="65535">
    <v0 x="-1440.25" y="-2080.1"/>
    <v1 x="-1440.25" y="-1238.85"/>
  </frameLeft>
  <frameRight x="0" y="0" rot="0" type="0" den="0" frc="0" rst="0" sens="false" geom="1" category="65535" mask="65239">
    <v0 x="1760.15" y="-1238.85"/>
    <v1 x="1760.15" y="-2080.1"/>
  </frameRight>
  <body_3 x="-1291.4" y="-1551.8" rot="0" type="0" den="0" frc="0.4" rst="0" sens="false" geom="2" image="balk90" z="8" dx="0.5" dy="0.5">
    <p0>
      <v0 x="42.55" y="-5.15"/>
      <v1 x="44.05" y="-2"/>
      <v2 x="44.05" y="0.85"/>
      <v3 x="43.35" y="3.6"/>
      <v4 x="42.05" y="5.75"/>
      <v5 x="39.35" y="8"/>
      <v6 x="-40" y="8"/>
      <v7 x="-42" y="5.75"/>
      <v8 x="-43.3" y="3.6"/>
      <v9 x="-44" y="0.85"/>
      <v10 x="-44" y="-2"/>
      <v11 x="-42.5" y="-5.15"/>
      <v12 x="-39.45" y="-8"/>
      <v13 x="39.4" y="-8"/>
    </p0>
  </body_3>
  <body_4 x="-966.15" y="-1391.2" rot="0" type="0" den="0" frc="0.4" rst="0" sens="false" geom="2" image="balk90" z="10" dx="0.5" dy="0.5">
    <p0>
      <v0 x="42.55" y="-5.15"/>
      <v1 x="44.05" y="-2"/>
      <v2 x="44.05" y="0.85"/>
      <v3 x="43.35" y="3.6"/>
      <v4 x="42.05" y="5.75"/>
      <v5 x="39.35" y="8"/>
      <v6 x="-40" y="8"/>
      <v7 x="-42" y="5.75"/>
      <v8 x="-43.3" y="3.6"/>
      <v9 x="-44" y="0.85"/>
      <v10 x="-44" y="-2"/>
      <v11 x="-42.5" y="-5.15"/>
      <v12 x="-39.45" y="-8"/>
      <v13 x="39.4" y="-8"/>
    </p0>
  </body_4>
  <body_5 x="-1052.05" y="-1391.2" rot="0" type="0" den="0" frc="0.4" rst="0" sens="false" geom="2" image="balk90" z="11" dx="0.5" dy="0.5">
    <p0>
      <v0 x="42.55" y="-5.15"/>
      <v1 x="44.05" y="-2"/>
      <v2 x="44.05" y="0.85"/>
      <v3 x="43.35" y="3.6"/>
      <v4 x="42.05" y="5.75"/>
      <v5 x="39.35" y="8"/>
      <v6 x="-40" y="8"/>
      <v7 x="-42" y="5.75"/>
      <v8 x="-43.3" y="3.6"/>
      <v9 x="-44" y="0.85"/>
      <v10 x="-44" y="-2"/>
      <v11 x="-42.5" y="-5.15"/>
      <v12 x="-39.45" y="-8"/>
      <v13 x="39.4" y="-8"/>
    </p0>
  </body_5>
  <body_6 x="-802.3" y="-1391.2" rot="0" type="0" den="0" frc="0.4" rst="0" sens="false" geom="2" image="balk90" z="12" dx="0.5" dy="0.5">
    <p0>
      <v0 x="42.55" y="-5.15"/>
      <v1 x="44.05" y="-2"/>
      <v2 x="44.05" y="0.85"/>
      <v3 x="43.35" y="3.6"/>
      <v4 x="42.05" y="5.75"/>
      <v5 x="39.35" y="8"/>
      <v6 x="-40" y="8"/>
      <v7 x="-42" y="5.75"/>
      <v8 x="-43.3" y="3.6"/>
      <v9 x="-44" y="0.85"/>
      <v10 x="-44" y="-2"/>
      <v11 x="-42.5" y="-5.15"/>
      <v12 x="-39.45" y="-8"/>
      <v13 x="39.4" y="-8"/>
    </p0>
  </body_6>
  <body_7 x="-880.2" y="-1391.2" rot="0" type="0" den="0" frc="0.4" rst="0" sens="false" geom="2" image="balk90" z="13" dx="0.5" dy="0.5">
    <p0>
      <v0 x="42.55" y="-5.15"/>
      <v1 x="44.05" y="-2"/>
      <v2 x="44.05" y="0.85"/>
      <v3 x="43.35" y="3.6"/>
      <v4 x="42.05" y="5.75"/>
      <v5 x="39.35" y="8"/>
      <v6 x="-40" y="8"/>
      <v7 x="-42" y="5.75"/>
      <v8 x="-43.3" y="3.6"/>
      <v9 x="-44" y="0.85"/>
      <v10 x="-44" y="-2"/>
      <v11 x="-42.5" y="-5.15"/>
      <v12 x="-39.45" y="-8"/>
      <v13 x="39.4" y="-8"/>
    </p0>
  </body_7>
  <body_8 x="-631" y="-1391.2" rot="0" type="0" den="0" frc="0.4" rst="0" sens="false" geom="2" image="balk90" z="14" dx="0.5" dy="0.5">
    <p0>
      <v0 x="42.55" y="-5.15"/>
      <v1 x="44.05" y="-2"/>
      <v2 x="44.05" y="0.85"/>
      <v3 x="43.35" y="3.6"/>
      <v4 x="42.05" y="5.75"/>
      <v5 x="39.35" y="8"/>
      <v6 x="-40" y="8"/>
      <v7 x="-42" y="5.75"/>
      <v8 x="-43.3" y="3.6"/>
      <v9 x="-44" y="0.85"/>
      <v10 x="-44" y="-2"/>
      <v11 x="-42.5" y="-5.15"/>
      <v12 x="-39.45" y="-8"/>
      <v13 x="39.4" y="-8"/>
    </p0>
  </body_8>
  <body_9 x="-716.9" y="-1391.2" rot="0" type="0" den="0" frc="0.4" rst="0" sens="false" geom="2" image="balk90" z="15" dx="0.5" dy="0.5">
    <p0>
      <v0 x="42.55" y="-5.15"/>
      <v1 x="44.05" y="-2"/>
      <v2 x="44.05" y="0.85"/>
      <v3 x="43.35" y="3.6"/>
      <v4 x="42.05" y="5.75"/>
      <v5 x="39.35" y="8"/>
      <v6 x="-40" y="8"/>
      <v7 x="-42" y="5.75"/>
      <v8 x="-43.3" y="3.6"/>
      <v9 x="-44" y="0.85"/>
      <v10 x="-44" y="-2"/>
      <v11 x="-42.5" y="-5.15"/>
      <v12 x="-39.45" y="-8"/>
      <v13 x="39.4" y="-8"/>
    </p0>
  </body_9>
  <body_10 x="-432.9" y="-1433.4" rot="-89.9948" type="0" den="0" frc="0.4" rst="0" sens="false" geom="2" image="balk90_cut1" z="16" dx="0.5" dy="0.5">
    <p0>
      <v0 x="42.55" y="-5.15"/>
      <v1 x="44.05" y="-2"/>
      <v2 x="44.05" y="0.85"/>
      <v3 x="43.35" y="3.6"/>
      <v4 x="42.05" y="5.75"/>
      <v5 x="39.35" y="8"/>
      <v6 x="-40" y="8"/>
      <v7 x="-42" y="5.75"/>
      <v8 x="-43.3" y="3.6"/>
      <v9 x="-44" y="0.85"/>
      <v10 x="-44" y="-2"/>
      <v11 x="-42.5" y="-5.15"/>
      <v12 x="-39.45" y="-8"/>
      <v13 x="39.4" y="-8"/>
    </p0>
  </body_10>
  <body_11 x="-468.8" y="-1391.2" rot="0" type="0" den="0" frc="0.4" rst="0" sens="false" geom="2" image="balk90_3" z="17" dx="0.5" dy="0.5">
    <p0>
      <v0 x="42.55" y="-5.15"/>
      <v1 x="44.05" y="-2"/>
      <v2 x="44.05" y="0.85"/>
      <v3 x="43.35" y="3.6"/>
      <v4 x="42.05" y="5.75"/>
      <v5 x="39.35" y="8"/>
      <v6 x="-40" y="8"/>
      <v7 x="-42" y="5.75"/>
      <v8 x="-43.3" y="3.6"/>
      <v9 x="-44" y="0.85"/>
      <v10 x="-44" y="-2"/>
      <v11 x="-42.5" y="-5.15"/>
      <v12 x="-39.45" y="-8"/>
      <v13 x="39.4" y="-8"/>
    </p0>
  </body_11>
  <body_12 x="-555.45" y="-1391.2" rot="0" type="0" den="0" frc="0.4" rst="0" sens="false" geom="2" image="balk90" z="18" dx="0.5" dy="0.5">
    <p0>
      <v0 x="42.55" y="-5.15"/>
      <v1 x="44.05" y="-2"/>
      <v2 x="44.05" y="0.85"/>
      <v3 x="43.35" y="3.6"/>
      <v4 x="42.05" y="5.75"/>
      <v5 x="39.35" y="8"/>
      <v6 x="-40" y="8"/>
      <v7 x="-42" y="5.75"/>
      <v8 x="-43.3" y="3.6"/>
      <v9 x="-44" y="0.85"/>
      <v10 x="-44" y="-2"/>
      <v11 x="-42.5" y="-5.15"/>
      <v12 x="-39.45" y="-8"/>
      <v13 x="39.4" y="-8"/>
    </p0>
  </body_12>
  <body_13 x="-1335.95" y="-1758.6" rot="89.9948" type="0" den="0" frc="0.4" rst="0" sens="false" geom="2" image="balk90_1" z="19" dx="0.5" dy="0.5">
    <p0>
      <v0 x="42.55" y="-5.15"/>
      <v1 x="44.05" y="-2"/>
      <v2 x="44.05" y="0.85"/>
      <v3 x="43.35" y="3.6"/>
      <v4 x="42.05" y="5.75"/>
      <v5 x="39.35" y="8"/>
      <v6 x="-40" y="8"/>
      <v7 x="-42" y="5.75"/>
      <v8 x="-43.3" y="3.6"/>
      <v9 x="-44" y="0.85"/>
      <v10 x="-44" y="-2"/>
      <v11 x="-42.5" y="-5.15"/>
      <v12 x="-39.45" y="-8"/>
      <v13 x="39.4" y="-8"/>
    </p0>
  </body_13>
  <body_14 x="-1335.95" y="-1672.05" rot="89.9948" type="0" den="0" frc="0.4" rst="0" sens="false" geom="2" image="balk90" z="20" dx="0.5" dy="0.5">
    <p0>
      <v0 x="42.55" y="-5.15"/>
      <v1 x="44.05" y="-2"/>
      <v2 x="44.05" y="0.85"/>
      <v3 x="43.35" y="3.6"/>
      <v4 x="42.05" y="5.75"/>
      <v5 x="39.35" y="8"/>
      <v6 x="-40" y="8"/>
      <v7 x="-42" y="5.75"/>
      <v8 x="-43.3" y="3.6"/>
      <v9 x="-44" y="0.85"/>
      <v10 x="-44" y="-2"/>
      <v11 x="-42.5" y="-5.15"/>
      <v12 x="-39.45" y="-8"/>
      <v13 x="39.4" y="-8"/>
    </p0>
  </body_14>
  <body_15 x="-1335.95" y="-1587.5" rot="89.9948" type="0" den="0" frc="0.4" rst="0" sens="false" geom="2" image="balk90_3" z="21" dx="0.5" dy="0.5">
    <p0>
      <v0 x="42.55" y="-5.15"/>
      <v1 x="44.05" y="-2"/>
      <v2 x="44.05" y="0.85"/>
      <v3 x="43.35" y="3.6"/>
      <v4 x="42.05" y="5.75"/>
      <v5 x="39.35" y="8"/>
      <v6 x="-40" y="8"/>
      <v7 x="-42" y="5.75"/>
      <v8 x="-43.3" y="3.6"/>
      <v9 x="-44" y="0.85"/>
      <v10 x="-44" y="-2"/>
      <v11 x="-42.5" y="-5.15"/>
      <v12 x="-39.45" y="-8"/>
      <v13 x="39.4" y="-8"/>
    </p0>
  </body_15>
  <body_16 x="-1248.3" y="-1514.95" rot="-90.0052" type="0" den="0" frc="0.4" rst="0" sens="false" geom="2" image="balk90_31" z="22" dx="0.5" dy="0.5">
    <p0>
      <v0 x="42.55" y="-5.15"/>
      <v1 x="44.05" y="-2"/>
      <v2 x="44.05" y="0.85"/>
      <v3 x="43.35" y="3.6"/>
      <v4 x="42.05" y="5.75"/>
      <v5 x="39.35" y="8"/>
      <v6 x="-40" y="8"/>
      <v7 x="-42" y="5.75"/>
      <v8 x="-43.3" y="3.6"/>
      <v9 x="-44" y="0.85"/>
      <v10 x="-44" y="-2"/>
      <v11 x="-42.5" y="-5.15"/>
      <v12 x="-39.45" y="-8"/>
      <v13 x="39.4" y="-8"/>
    </p0>
  </body_16>
  <body_17 x="-1211.3" y="-1471.35" rot="0" type="0" den="0" frc="0.4" rst="0" sens="false" geom="2" image="balk90_5" z="23" dx="0.5" dy="0.5">
    <p0>
      <v0 x="42.55" y="-5.15"/>
      <v1 x="44.05" y="-2"/>
      <v2 x="44.05" y="0.85"/>
      <v3 x="43.35" y="3.6"/>
      <v4 x="42.05" y="5.75"/>
      <v5 x="39.35" y="8"/>
      <v6 x="-40" y="8"/>
      <v7 x="-42" y="5.75"/>
      <v8 x="-43.3" y="3.6"/>
      <v9 x="-44" y="0.85"/>
      <v10 x="-44" y="-2"/>
      <v11 x="-42.5" y="-5.15"/>
      <v12 x="-39.45" y="-8"/>
      <v13 x="39.4" y="-8"/>
    </p0>
  </body_17>
  <body_18 x="-1167.15" y="-1434.35" rot="-90.0052" type="0" den="0" frc="0.4" rst="0" sens="false" geom="2" image="balk90_31" z="24" dx="0.5" dy="0.5">
    <p0>
      <v0 x="42.55" y="-5.15"/>
      <v1 x="44.05" y="-2"/>
      <v2 x="44.05" y="0.85"/>
      <v3 x="43.35" y="3.6"/>
      <v4 x="42.05" y="5.75"/>
      <v5 x="39.35" y="8"/>
      <v6 x="-40" y="8"/>
      <v7 x="-42" y="5.75"/>
      <v8 x="-43.3" y="3.6"/>
      <v9 x="-44" y="0.85"/>
      <v10 x="-44" y="-2"/>
      <v11 x="-42.5" y="-5.15"/>
      <v12 x="-39.45" y="-8"/>
      <v13 x="39.4" y="-8"/>
    </p0>
  </body_18>
  <body_19 x="-1129.95" y="-1391.2" rot="0" type="0" den="0" frc="0.4" rst="0" sens="false" geom="2" image="balk90_5" z="25" dx="0.5" dy="0.5">
    <p0>
      <v0 x="42.55" y="-5.15"/>
      <v1 x="44.05" y="-2"/>
      <v2 x="44.05" y="0.85"/>
      <v3 x="43.35" y="3.6"/>
      <v4 x="42.05" y="5.75"/>
      <v5 x="39.35" y="8"/>
      <v6 x="-40" y="8"/>
      <v7 x="-42" y="5.75"/>
      <v8 x="-43.3" y="3.6"/>
      <v9 x="-44" y="0.85"/>
      <v10 x="-44" y="-2"/>
      <v11 x="-42.5" y="-5.15"/>
      <v12 x="-39.45" y="-8"/>
      <v13 x="39.4" y="-8"/>
    </p0>
  </body_19>
  <body_20 x="-395.9" y="-1471.35" rot="0" type="0" den="0" frc="0.4" rst="0" sens="false" geom="2" image="balk90_2" z="35" dx="0.5" dy="0.5">
    <p0>
      <v0 x="42.55" y="-5.15"/>
      <v1 x="44.05" y="-2"/>
      <v2 x="44.05" y="0.85"/>
      <v3 x="43.35" y="3.6"/>
      <v4 x="42.05" y="5.75"/>
      <v5 x="39.35" y="8"/>
      <v6 x="-40" y="8"/>
      <v7 x="-42" y="5.75"/>
      <v8 x="-43.3" y="3.6"/>
      <v9 x="-44" y="0.85"/>
      <v10 x="-44" y="-2"/>
      <v11 x="-42.5" y="-5.15"/>
      <v12 x="-39.45" y="-8"/>
      <v13 x="39.4" y="-8"/>
    </p0>
  </body_20>
  <body_21 x="-352.5" y="-1508.3" rot="-89.9948" type="0" den="0" frc="0.4" rst="0" sens="false" geom="2" image="balk90_51" z="37" dx="0.5" dy="0.5">
    <p0>
      <v0 x="42.55" y="-5.15"/>
      <v1 x="44.05" y="-2"/>
      <v2 x="44.05" y="0.85"/>
      <v3 x="43.35" y="3.6"/>
      <v4 x="42.05" y="5.75"/>
      <v5 x="39.35" y="8"/>
      <v6 x="-40" y="8"/>
      <v7 x="-42" y="5.75"/>
      <v8 x="-43.3" y="3.6"/>
      <v9 x="-44" y="0.85"/>
      <v10 x="-44" y="-2"/>
      <v11 x="-42.5" y="-5.15"/>
      <v12 x="-39.45" y="-8"/>
      <v13 x="39.4" y="-8"/>
    </p0>
  </body_21>
  <body_22 x="-315.55" y="-1551.35" rot="0" type="0" den="0" frc="0.4" rst="0" sens="false" geom="2" image="balk90_2" z="38" dx="0.5" dy="0.5">
    <p0>
      <v0 x="42.55" y="-5.15"/>
      <v1 x="44.05" y="-2"/>
      <v2 x="44.05" y="0.85"/>
      <v3 x="43.35" y="3.6"/>
      <v4 x="42.05" y="5.75"/>
      <v5 x="39.35" y="8"/>
      <v6 x="-40" y="8"/>
      <v7 x="-42" y="5.75"/>
      <v8 x="-43.3" y="3.6"/>
      <v9 x="-44" y="0.85"/>
      <v10 x="-44" y="-2"/>
      <v11 x="-42.5" y="-5.15"/>
      <v12 x="-39.45" y="-8"/>
      <v13 x="39.4" y="-8"/>
    </p0>
  </body_22>
  <body_23 x="-148.3" y="-1631.55" rot="0" type="0" den="0" frc="0.4" rst="0" sens="false" geom="2" image="balk90" z="39" dx="0.5" dy="0.5">
    <p0>
      <v0 x="42.55" y="-5.15"/>
      <v1 x="44.05" y="-2"/>
      <v2 x="44.05" y="0.85"/>
      <v3 x="43.35" y="3.6"/>
      <v4 x="42.05" y="5.75"/>
      <v5 x="39.35" y="8"/>
      <v6 x="-40" y="8"/>
      <v7 x="-42" y="5.75"/>
      <v8 x="-43.3" y="3.6"/>
      <v9 x="-44" y="0.85"/>
      <v10 x="-44" y="-2"/>
      <v11 x="-42.5" y="-5.15"/>
      <v12 x="-39.45" y="-8"/>
      <v13 x="39.4" y="-8"/>
    </p0>
  </body_23>
  <body_24 x="-271.2" y="-1588.35" rot="-89.9948" type="0" den="0" frc="0.4" rst="0" sens="false" geom="2" image="balk90_51" z="40" dx="0.5" dy="0.5">
    <p0>
      <v0 x="42.55" y="-5.15"/>
      <v1 x="44.05" y="-2"/>
      <v2 x="44.05" y="0.85"/>
      <v3 x="43.35" y="3.6"/>
      <v4 x="42.05" y="5.75"/>
      <v5 x="39.35" y="8"/>
      <v6 x="-40" y="8"/>
      <v7 x="-42" y="5.75"/>
      <v8 x="-43.3" y="3.6"/>
      <v9 x="-44" y="0.85"/>
      <v10 x="-44" y="-2"/>
      <v11 x="-42.5" y="-5.15"/>
      <v12 x="-39.45" y="-8"/>
      <v13 x="39.4" y="-8"/>
    </p0>
  </body_24>
  <body_25 x="-234.7" y="-1631.55" rot="0" type="0" den="0" frc="0.4" rst="0" sens="false" geom="2" image="balk90" z="41" dx="0.5" dy="0.5">
    <p0>
      <v0 x="42.55" y="-5.15"/>
      <v1 x="44.05" y="-2"/>
      <v2 x="44.05" y="0.85"/>
      <v3 x="43.35" y="3.6"/>
      <v4 x="42.05" y="5.75"/>
      <v5 x="39.35" y="8"/>
      <v6 x="-40" y="8"/>
      <v7 x="-42" y="5.75"/>
      <v8 x="-43.3" y="3.6"/>
      <v9 x="-44" y="0.85"/>
      <v10 x="-44" y="-2"/>
      <v11 x="-42.5" y="-5.15"/>
      <v12 x="-39.45" y="-8"/>
      <v13 x="39.4" y="-8"/>
    </p0>
  </body_25>
  <body_26 x="-78.95" y="-1631.55" rot="0" type="0" den="0" frc="0.4" rst="0" sens="false" geom="2" image="balk90_6" z="43" dx="0.5" dy="0.5">
    <p0>
      <v0 x="42.55" y="-5.15"/>
      <v1 x="44.05" y="-2"/>
      <v2 x="44.05" y="0.85"/>
      <v3 x="43.35" y="3.6"/>
      <v4 x="42.05" y="5.75"/>
      <v5 x="39.35" y="8"/>
      <v6 x="-40" y="8"/>
      <v7 x="-42" y="5.75"/>
      <v8 x="-43.3" y="3.6"/>
      <v9 x="-44" y="0.85"/>
      <v10 x="-44" y="-2"/>
      <v11 x="-42.5" y="-5.15"/>
      <v12 x="-39.45" y="-8"/>
      <v13 x="39.4" y="-8"/>
    </p0>
  </body_26>
  <body_27 x="1044.95" y="-1831.15" rot="0" type="0" den="0" frc="0.4" rst="0" sens="false" geom="2" image="balk90" z="54" dx="0.5" dy="0.5">
    <p0>
      <v0 x="42.55" y="-5.15"/>
      <v1 x="44.05" y="-2"/>
      <v2 x="44.05" y="0.85"/>
      <v3 x="43.35" y="3.6"/>
      <v4 x="42.05" y="5.75"/>
      <v5 x="39.35" y="8"/>
      <v6 x="-40" y="8"/>
      <v7 x="-42" y="5.75"/>
      <v8 x="-43.3" y="3.6"/>
      <v9 x="-44" y="0.85"/>
      <v10 x="-44" y="-2"/>
      <v11 x="-42.5" y="-5.15"/>
      <v12 x="-39.45" y="-8"/>
      <v13 x="39.4" y="-8"/>
    </p0>
  </body_27>
  <body_28 x="962.55" y="-1831.15" rot="0" type="0" den="0" frc="0.4" rst="0" sens="false" geom="2" image="balk90_1" z="55" dx="0.5" dy="0.5">
    <p0>
      <v0 x="42.55" y="-5.15"/>
      <v1 x="44.05" y="-2"/>
      <v2 x="44.05" y="0.85"/>
      <v3 x="43.35" y="3.6"/>
      <v4 x="42.05" y="5.75"/>
      <v5 x="39.35" y="8"/>
      <v6 x="-40" y="8"/>
      <v7 x="-42" y="5.75"/>
      <v8 x="-43.3" y="3.6"/>
      <v9 x="-44" y="0.85"/>
      <v10 x="-44" y="-2"/>
      <v11 x="-42.5" y="-5.15"/>
      <v12 x="-39.45" y="-8"/>
      <v13 x="39.4" y="-8"/>
    </p0>
  </body_28>
  <body_29 x="1131.3" y="-1831.15" rot="0" type="0" den="0" frc="0.4" rst="0" sens="false" geom="2" image="balk90_6" z="56" dx="0.5" dy="0.5">
    <p0>
      <v0 x="42.55" y="-5.15"/>
      <v1 x="44.05" y="-2"/>
      <v2 x="44.05" y="0.85"/>
      <v3 x="43.35" y="3.6"/>
      <v4 x="42.05" y="5.75"/>
      <v5 x="39.35" y="8"/>
      <v6 x="-40" y="8"/>
      <v7 x="-42" y="5.75"/>
      <v8 x="-43.3" y="3.6"/>
      <v9 x="-44" y="0.85"/>
      <v10 x="-44" y="-2"/>
      <v11 x="-42.5" y="-5.15"/>
      <v12 x="-39.45" y="-8"/>
      <v13 x="39.4" y="-8"/>
    </p0>
  </body_29>
  <body_30 x="1301" y="-1731.45" rot="0" type="0" den="0" frc="0.4" rst="0" sens="false" geom="2" image="balk110" z="57" dx="0.5" dy="0.5">
    <p0>
      <v0 x="52.55" y="-5.15"/>
      <v1 x="54.05" y="-2"/>
      <v2 x="54.05" y="0.85"/>
      <v3 x="53.35" y="3.6"/>
      <v4 x="52.05" y="5.75"/>
      <v5 x="49.35" y="8"/>
      <v6 x="-50" y="8"/>
      <v7 x="-52" y="5.75"/>
      <v8 x="-53.3" y="3.6"/>
      <v9 x="-54" y="0.85"/>
      <v10 x="-54" y="-2"/>
      <v11 x="-52.5" y="-5.15"/>
      <v12 x="-49.45" y="-8"/>
      <v13 x="49.4" y="-8"/>
    </p0>
  </body_30>
  <body_31 x="1581" y="-1831.15" rot="0" type="0" den="0" frc="0.4" rst="0" sens="false" geom="2" image="balk110" z="59" dx="0.5" dy="0.5">
    <p0>
      <v0 x="52.55" y="-5.15"/>
      <v1 x="54.05" y="-2"/>
      <v2 x="54.05" y="0.85"/>
      <v3 x="53.35" y="3.6"/>
      <v4 x="52.05" y="5.75"/>
      <v5 x="49.35" y="8"/>
      <v6 x="-50" y="8"/>
      <v7 x="-52" y="5.75"/>
      <v8 x="-53.3" y="3.6"/>
      <v9 x="-54" y="0.85"/>
      <v10 x="-54" y="-2"/>
      <v11 x="-52.5" y="-5.15"/>
      <v12 x="-49.45" y="-8"/>
      <v13 x="49.4" y="-8"/>
    </p0>
  </body_31>
  <body_32 x="1301" y="-1531.55" rot="0" type="0" den="0" frc="0.4" rst="0" sens="false" geom="2" image="balk110" z="61" dx="0.5" dy="0.5">
    <p0>
      <v0 x="52.55" y="-5.15"/>
      <v1 x="54.05" y="-2"/>
      <v2 x="54.05" y="0.85"/>
      <v3 x="53.35" y="3.6"/>
      <v4 x="52.05" y="5.75"/>
      <v5 x="49.35" y="8"/>
      <v6 x="-50" y="8"/>
      <v7 x="-52" y="5.75"/>
      <v8 x="-53.3" y="3.6"/>
      <v9 x="-54" y="0.85"/>
      <v10 x="-54" y="-2"/>
      <v11 x="-52.5" y="-5.15"/>
      <v12 x="-49.45" y="-8"/>
      <v13 x="49.4" y="-8"/>
    </p0>
  </body_32>
  <body_33 x="1581" y="-1631.25" rot="0" type="0" den="0" frc="0.4" rst="0" sens="false" geom="2" image="balk110" z="62" dx="0.5" dy="0.5">
    <p0>
      <v0 x="52.55" y="-5.15"/>
      <v1 x="54.05" y="-2"/>
      <v2 x="54.05" y="0.85"/>
      <v3 x="53.35" y="3.6"/>
      <v4 x="52.05" y="5.75"/>
      <v5 x="49.35" y="8"/>
      <v6 x="-50" y="8"/>
      <v7 x="-52" y="5.75"/>
      <v8 x="-53.3" y="3.6"/>
      <v9 x="-54" y="0.85"/>
      <v10 x="-54" y="-2"/>
      <v11 x="-52.5" y="-5.15"/>
      <v12 x="-49.45" y="-8"/>
      <v13 x="49.4" y="-8"/>
    </p0>
  </body_33>
  <decor_1 x="-724.9" y="-1361.65" rot="0" z="71" dx="0.5487" dy="0.4659" image="decor_5"/>
  <decor_2 x="-917.35" y="-1372.3" rot="0" z="72" dx="0.5" dy="0.5" image="decor_2"/>
  <decor_3 x="-334.2" y="-1525.35" rot="0" z="73" dx="0.4682" dy="0.6394" image="decor_1"/>
  <decor_4 x="-1111.35" y="-1354.4" rot="0" z="74" dx="0.5131" dy="0.4127" image="decor_3"/>
  <decor_5 x="-234.1" y="-1601.25" rot="0" z="75" dx="0.4975" dy="0.5511" image="decor_4"/>
  <decor_6 x="-395.95" y="-1440.3" rot="0" z="76" dx="0.4975" dy="0.5511" image="decor_4"/>
  <decor_7 x="972.55" y="-1802.2" rot="0" z="77" dx="0.5487" dy="0.4659" image="decor_5"/>
  <decor_8 x="1090.25" y="-1794.15" rot="0" z="78" dx="0.5131" dy="0.4127" image="decor_3"/>
  <decor_9 x="1599.5" y="-1594.65" rot="0" z="79" dx="0.5131" dy="0.4127" image="decor_3"/>
  <decor_10 x="-1198.95" y="-1433" rot="90" z="80" dx="0.4975" dy="0.5511" image="decor_4"/>
  <decor_11 x="-1280" y="-1514.6" rot="90" z="81" dx="0.4975" dy="0.5511" image="decor_4"/>
  <decor_12 x="-542.55" y="-1372.45" rot="0" z="82" dx="0.5" dy="0.5" image="decor_2"/>
  <decor_13 x="1280" y="-1494.85" rot="0" z="83" dx="0.5131" dy="0.4127" image="decor_3"/>
  <playerBall x="-1293" y="-1730.6" rot="0" type="2" den="1" frc="0.15" rst="0" sens="false" geom="0" z="9" dx="0.4824" dy="0.3283" category="100" mask="65533">
    <radius>40</radius>
  </playerBall>
  <beginTeleport x="-1293" y="-1730.6" rot="0" z="5" dx="0.5" dy="0.5"/>
  <star1 x="-800.15" y="-1518.4" rot="0" type="0" den="0" frc="0" rst="0" sens="true" geom="0" z="50" dx="0.494" dy="0.5008">
    <radius>20</radius>
  </star1>
  <star2 x="439.8" y="-1658.9" rot="0" type="0" den="0" frc="0" rst="0" sens="true" geom="0" z="50" dx="0.494" dy="0.5008">
    <radius>20</radius>
  </star2>
  <star3 x="239.85" y="-1658.9" rot="0" type="0" den="0" frc="0" rst="0" sens="true" geom="0" z="50" dx="0.494" dy="0.5008">
    <radius>20</radius>
  </star3>
  <star4 x="439.8" y="-1758.75" rot="0" type="0" den="0" frc="0" rst="0" sens="true" geom="0" z="50" dx="0.494" dy="0.5008">
    <radius>20</radius>
  </star4>
  <star5 x="639.8" y="-1758.75" rot="0" type="0" den="0" frc="0" rst="0" sens="true" geom="0" z="50" dx="0.494" dy="0.5008">
    <radius>20</radius>
  </star5>
  <star6 x="639.75" y="-1859.15" rot="0" type="0" den="0" frc="0" rst="0" sens="true" geom="0" z="50" dx="0.494" dy="0.5008">
    <radius>20</radius>
  </star6>
  <star7 x="839.75" y="-1859.15" rot="0" type="0" den="0" frc="0" rst="0" sens="true" geom="0" z="50" dx="0.494" dy="0.5008">
    <radius>20</radius>
  </star7>
  <star8 x="1575.7" y="-1658.9" rot="0" type="0" den="0" frc="0" rst="0" sens="true" geom="0" z="50" dx="0.494" dy="0.5008">
    <radius>20</radius>
  </star8>
  <star9 x="-470.15" y="-1588.75" rot="0" type="0" den="0" frc="0" rst="0" sens="true" geom="0" z="50" dx="0.494" dy="0.5008">
    <radius>20</radius>
  </star9>
  <star10 x="-1130.15" y="-1588.75" rot="0" type="0" den="0" frc="0" rst="0" sens="true" geom="0" z="50" dx="0.494" dy="0.5008">
    <radius>20</radius>
  </star10>
  <star11 x="-1210.15" y="-1671.1" rot="0" type="0" den="0" frc="0" rst="0" sens="true" geom="0" z="50" dx="0.494" dy="0.5008">
    <radius>20</radius>
  </star11>
  <star12 x="-1050.15" y="-1508.4" rot="0" type="0" den="0" frc="0" rst="0" sens="true" geom="0" z="50" dx="0.494" dy="0.5008">
    <radius>20</radius>
  </star12>
  <star13 x="-550.15" y="-1508.4" rot="0" type="0" den="0" frc="0" rst="0" sens="true" geom="0" z="50" dx="0.494" dy="0.5008">
    <radius>20</radius>
  </star13>
  <winTeleport x="1581" y="-1879.75" rot="0" type="0" den="0" frc="0" rst="0" sens="true" geom="0" z="4" dx="0.5" dy="0.5">
    <radius>50</radius>
  </winTeleport>
  <triangle1 x="-316.2" y="-1589" rot="0" type="0" den="0" frc="0" rst="0" sens="true" geom="0" z="44" dx="0.5153" dy="0.5036" fullDelay="0">
    <radius>30</radius>
  </triangle1>
  <laser_1 body="body_50">
    <emitter1/>
    <splash1/>
    <splash2/>
    <splash3/>
    <splash4/>
    <splash5/>
    <splash6/>
    <splash7/>
  </laser_1>
  <emitter1 x="-1308.5" y="-1779.65" rot="0" z="11" dx="0.793" dy="0.5"/>
  <splash1 x="-1250.8" y="-1779.65" rot="0" z="28" dx="0.5" dy="0.5"/>
  <splash2 x="-1250.8" y="-1629.95" rot="0" z="29" dx="0.5" dy="0.5"/>
  <splash3 x="-1170.9" y="-1629.95" rot="0" z="30" dx="0.5" dy="0.5"/>
  <splash4 x="-1170.9" y="-1549.95" rot="0" z="31" dx="0.5" dy="0.5"/>
  <splash5 x="-1090.05" y="-1549.95" rot="0" z="32" dx="0.5" dy="0.5"/>
  <splash6 x="-1090.05" y="-1470.2" rot="0" z="33" dx="0.5" dy="0.5"/>
  <splash7 x="-880.3" y="-1470.2" rot="0" z="34" dx="0.5" dy="0.5"/>
  <body_50 x="0" y="0" rot="0" type="0" den="0" frc="0" rst="0" sens="true" geom="1">
    <v0 x="-1308.5" y="-1779.65"/>
    <v1 x="-1250.8" y="-1779.65"/>
    <v2 x="-1250.8" y="-1629.95"/>
    <v3 x="-1170.9" y="-1629.95"/>
    <v4 x="-1170.9" y="-1549.95"/>
    <v5 x="-1090.05" y="-1549.95"/>
    <v6 x="-1090.05" y="-1470.2"/>
    <v7 x="-880.3" y="-1470.2"/>
  </body_50>
  <laser_2 body="body_51">
    <splash8/>
    <splash9/>
    <splash10/>
    <splash11/>
    <splash12/>
    <emitter2/>
  </laser_2>
  <splash8 x="-719.25" y="-1470.2" rot="0" z="38" dx="0.5" dy="0.5"/>
  <splash9 x="-509.45" y="-1470.2" rot="0" z="46" dx="0.5" dy="0.5"/>
  <splash10 x="-509.45" y="-1549.95" rot="0" z="47" dx="0.5" dy="0.5"/>
  <splash11 x="-429.4" y="-1549.95" rot="0" z="48" dx="0.5" dy="0.5"/>
  <splash12 x="-429.4" y="-1632.2" rot="0" z="49" dx="0.5" dy="0.5"/>
  <emitter2 x="-300.1" y="-1632.2" rot="0.0" z="6" dx="0.207" dy="0.5"/>
  <body_51 x="0" y="0" rot="0" type="0" den="0" frc="0" rst="0" sens="true" geom="1">
    <v0 x="-719.25" y="-1470.2"/>
    <v1 x="-509.45" y="-1470.2"/>
    <v2 x="-509.45" y="-1549.95"/>
    <v3 x="-429.4" y="-1549.95"/>
    <v4 x="-429.4" y="-1632.2"/>
    <v5 x="-300.1" y="-1632.2"/>
  </body_51>
  <roll1 x="-719.25" y="-1416.4" rot="0" type="2" den="1" frc="0.5" rst="0" sens="false" geom="2" z="35" dx="0.4824" dy="0.4473" x1="-1000" x2="-600" phase="-1">
    <p0>
      <v0 x="12.25" y="-17.75"/>
      <v1 x="16.95" y="-16.95"/>
      <v2 x="17.75" y="-11.95"/>
      <v3 x="17.75" y="11.95"/>
      <v4 x="17" y="17.1"/>
      <v5 x="12.25" y="17.75"/>
      <v6 x="-12" y="17.75"/>
      <v7 x="-16.9" y="16.85"/>
      <v8 x="-17.75" y="12.4"/>
      <v9 x="-17.75" y="-12"/>
      <v10 x="-17.1" y="-17"/>
      <v11 x="-12.75" y="-17.75"/>
    </p0>
  </roll1>
  <move1 x="40" y="-1630.8" rot="0" type="2" den="1" frc="0.4" rst="0" sens="false" geom="2" z="1" dx="0.5007" dy="0.5061" orient="0" limitA="40" limitB="440" graph="balk140">
    <p0>
      <v0 x="67.55" y="-5.15"/>
      <v1 x="69.05" y="-2"/>
      <v2 x="69.05" y="0.85"/>
      <v3 x="68.35" y="3.6"/>
      <v4 x="67.05" y="5.75"/>
      <v5 x="64.35" y="8"/>
      <v6 x="-65" y="8"/>
      <v7 x="-67" y="5.75"/>
      <v8 x="-68.3" y="3.6"/>
      <v9 x="-69" y="0.85"/>
      <v10 x="-69" y="-2"/>
      <v11 x="-67.5" y="-5.15"/>
      <v12 x="-64.45" y="-8"/>
      <v13 x="64.4" y="-8"/>
    </p0>
  </move1>
  <move2 x="640" y="-1730.5" rot="0" type="2" den="1" frc="0.4" rst="0" sens="false" geom="2" z="2" dx="0.5007" dy="0.5061" orient="0" limitA="240" limitB="640" graph="balk140">
    <p0>
      <v0 x="67.55" y="-5.15"/>
      <v1 x="69.05" y="-2"/>
      <v2 x="69.05" y="0.85"/>
      <v3 x="68.35" y="3.6"/>
      <v4 x="67.05" y="5.75"/>
      <v5 x="64.35" y="8"/>
      <v6 x="-65" y="8"/>
      <v7 x="-67" y="5.75"/>
      <v8 x="-68.3" y="3.6"/>
      <v9 x="-69" y="0.85"/>
      <v10 x="-69" y="-2"/>
      <v11 x="-67.5" y="-5.15"/>
      <v12 x="-64.45" y="-8"/>
      <v13 x="64.4" y="-8"/>
    </p0>
  </move2>
  <move3 x="440" y="-1831.15" rot="0" type="2" den="1" frc="0.4" rst="0" sens="false" geom="2" z="3" dx="0.5007" dy="0.5061" orient="0" limitA="440" limitB="840" graph="balk140">
    <p0>
      <v0 x="67.55" y="-5.15"/>
      <v1 x="69.05" y="-2"/>
      <v2 x="69.05" y="0.85"/>
      <v3 x="68.35" y="3.6"/>
      <v4 x="67.05" y="5.75"/>
      <v5 x="64.35" y="8"/>
      <v6 x="-65" y="8"/>
      <v7 x="-67" y="5.75"/>
      <v8 x="-68.3" y="3.6"/>
      <v9 x="-69" y="0.85"/>
      <v10 x="-69" y="-2"/>
      <v11 x="-67.5" y="-5.15"/>
      <v12 x="-64.45" y="-8"/>
      <v13 x="64.4" y="-8"/>
    </p0>
  </move3>
  <static1 x="1300.75" y="-1757.15" rot="0" type="2" den="1" frc="0.5" rst="0" sens="false" geom="2" z="60" dx="0.4824" dy="0.4473">
    <p0>
      <v0 x="12.25" y="-17.75"/>
      <v1 x="16.95" y="-16.95"/>
      <v2 x="17.75" y="-11.95"/>
      <v3 x="17.75" y="11.95"/>
      <v4 x="17" y="17.1"/>
      <v5 x="12.25" y="17.75"/>
      <v6 x="-12" y="17.75"/>
      <v7 x="-16.9" y="16.85"/>
      <v8 x="-17.75" y="12.4"/>
      <v9 x="-17.75" y="-12"/>
      <v10 x="-17.1" y="-17"/>
      <v11 x="-12.75" y="-17.75"/>
    </p0>
  </static1>
  <triangle2 x="1300" y="-1569.75" rot="0" type="0" den="0" frc="0" rst="0" sens="true" geom="0" z="62" dx="0.5153" dy="0.5036" fullDelay="0">
    <radius>30</radius>
  </triangle2>
  <laser_3 body="body_58">
    <splash22/>
    <splash23/>
  </laser_3>
  <splash22 x="1440" y="-1560.95" rot="0" z="67" dx="0.5" dy="0.5"/>
  <splash23 x="1440" y="-1959.95" rot="0" z="66" dx="0.5" dy="0.5"/>
  <body_58 x="0" y="0" rot="0" type="0" den="0" frc="0" rst="0" sens="true" geom="1">
    <v0 x="1440" y="-1560.95"/>
    <v1 x="1440" y="-1959.95"/>
  </body_58>
  <precipice1 x="0" y="0" rot="0" type="0" den="0" frc="0" rst="0" sens="true" geom="2">
    <p0>
      <v0 x="1920" y="-1457"/>
      <v1 x="1920" y="-1200"/>
      <v2 x="1240" y="-1457"/>
    </p0>
    <p1>
      <v0 x="1080" y="-1560"/>
      <v1 x="1240" y="-1457"/>
      <v2 x="-80" y="-1579"/>
    </p1>
    <p2>
      <v0 x="1240" y="-1457"/>
      <v1 x="1920" y="-1200"/>
      <v2 x="-80" y="-1200"/>
      <v3 x="-80" y="-1579"/>
    </p2>
  </precipice1>
</level_49>