<level_74>
  <checkPoints>
    <p0 x="1785" y="-435.35"/>
    <p1 x="2040" y="-170"/>
  </checkPoints>
  <viewPoints>
    <p0 x="1117.25" f="0.5" h="-194"/>
    <p1 x="3188.25" f="0.5" h="-194"/>
  </viewPoints>
  <joints/>
  <frame x="1117.25" y="-480.75" w="2071" h="1020.9"/>
  <frameLeft x="0" y="0" rot="0" type="0" den="0" frc="0" rst="0" sens="false" geom="1" category="65535" mask="65535">
    <v0 x="1117.25" y="-480.75"/>
    <v1 x="1117.25" y="540.15"/>
  </frameLeft>
  <frameRight x="0" y="0" rot="0" type="0" den="0" frc="0" rst="0" sens="false" geom="1" category="65535" mask="65239">
    <v0 x="3188.25" y="540.15"/>
    <v1 x="3188.25" y="-480.75"/>
  </frameRight>
  <decor_1 x="1277.65" y="423.7" rot="0" z="17" dx="0.5" dy="0.499" sx="1.2767" sy="1.2767" image="backStones"/>
  <decor_2 x="1916.65" y="-169.9" rot="0" z="18" dx="0.5" dy="0.499" sx="0.8943" sy="0.8943" image="backStones"/>
  <decor_3 x="1564.75" y="-169.5" rot="0" z="19" dx="0.5" dy="0.4991" sx="0.9973" sy="0.9973" image="backStones"/>
  <decor_4 x="2047.4" y="-173.6" rot="0" z="20" dx="0.5" dy="0.499" sx="0.8943" sy="0.8943" image="backStones"/>
  <decor_5 x="1409.45" y="434.7" rot="0" z="21" dx="0.5" dy="0.499" sx="0.8943" sy="0.8943" image="backStones"/>
  <decor_6 x="1628.9" y="-164.15" rot="0" z="22" dx="0.5" dy="0.4988" sx="0.7191" sy="0.7191" image="backStones"/>
  <decor_7 x="2170.55" y="-180.9" rot="0" z="23" dx="0.5" dy="0.499" sx="1.2767" sy="1.2767" image="backStones"/>
  <decor_8 x="2397.15" y="-91.25" rot="0" z="24" dx="0.5" dy="0.4991" sx="0.9973" sy="0.9973" image="backStones"/>
  <decor_9 x="2602.35" y="-85.25" rot="0" z="25" dx="0.5" dy="0.4988" sx="0.7191" sy="0.7191" image="backStones"/>
  <decor_10 x="1846.15" y="-207.1" rot="0" z="26" dx="0.5" dy="0.5" sx="1" sy="0.5621" image="backWood"/>
  <decor_11 x="1783.05" y="-344.25" rot="135.9187" z="27" dx="0.5" dy="0.5" sx="1" sy="0.6722" image="backWood"/>
  <decor_12 x="1783.05" y="-453.15" rot="135.9187" z="28" dx="0.5" dy="0.5" sx="1" sy="0.6722" image="backWood"/>
  <decor_13 x="1783.05" y="-453.15" rot="45.9187" z="29" dx="0.5" dy="0.5" sx="1" sy="0.6722" image="backWood"/>
  <decor_14 x="1783.5" y="-342.95" rot="45.9187" z="30" dx="0.5" dy="0.5" sx="1" sy="0.6722" image="backWood"/>
  <decor_15 x="1780.5" y="-397.35" rot="90" z="31" dx="0.5" dy="0.5" sx="1" sy="0.5645" image="backWood"/>
  <decor_16 x="1730.55" y="-207.6" rot="0" z="32" dx="0.5" dy="0.5" sx="1" sy="0.5514" image="backWood"/>
  <decor_17 x="1781.45" y="-280.1" rot="90" z="33" dx="0.5" dy="0.5" sx="1" sy="0.5477" image="backWood"/>
  <decor_18 x="1784.25" y="-80.95" rot="135.9187" z="34" dx="0.5" dy="0.5" sx="1" sy="0.6722" image="backWood"/>
  <decor_19 x="1784.7" y="-79.65" rot="45.9187" z="35" dx="0.5" dy="0.5" sx="1" sy="0.6722" image="backWood"/>
  <decor_20 x="1781.7" y="-134.05" rot="90" z="36" dx="0.5" dy="0.5" sx="1" sy="0.5645" image="backWood"/>
  <decor_21 x="1784.25" y="47.75" rot="135.9187" z="37" dx="0.5" dy="0.5" sx="1" sy="0.6722" image="backWood"/>
  <decor_22 x="1784.7" y="49.05" rot="45.9187" z="38" dx="0.5" dy="0.5" sx="1" sy="0.6722" image="backWood"/>
  <decor_23 x="1781.7" y="-16.9" rot="90" z="39" dx="0.5" dy="0.5" sx="1" sy="0.5645" image="backWood"/>
  <decor_24 x="1437.35" y="-209.55" rot="135.9187" z="40" dx="0.5" dy="0.5" sx="1" sy="0.7674" image="backWood"/>
  <decor_25 x="1440.1" y="-206.15" rot="42.5183" z="41" dx="0.5" dy="0.5" sx="1" sy="0.7525" image="backWood"/>
  <decor_26 x="1515.45" y="-208.45" rot="0" z="42" dx="0.5" dy="0.5" sx="1" sy="0.5753" image="backWood"/>
  <decor_27 x="2352.75" y="-168.4" rot="-47.0942" z="43" dx="0.5" dy="0.5" sx="1" sy="1.3045" image="backWood"/>
  <decor_28 x="2171.95" y="-317.4" rot="48.7246" z="44" dx="0.5" dy="0.5" sx="1" sy="0.557" image="backWood"/>
  <decor_29 x="2171.1" y="-319.25" rot="130.7868" z="45" dx="0.5" dy="0.5" sx="1" sy="0.557" image="backWood"/>
  <decor_30 x="2119.35" y="-207.65" rot="0" z="46" dx="0.5" dy="0.5" sx="1" sy="0.5849" image="backWood"/>
  <decor_31 x="2172.7" y="-280.9" rot="90" z="47" dx="0.5" dy="0.5" sx="1" sy="0.4414" image="backWood"/>
  <decor_32 x="2736.7" y="-203.15" rot="-55.8959" z="48" dx="0.5" dy="0.5" sx="0.9999" sy="1.0432" image="backWood"/>
  <decor_33 x="2764.3" y="-163.9" rot="52.3532" z="49" dx="0.5" dy="0.5" sx="0.9999" sy="1.4077" image="backWood"/>
  <decor_34 x="2374.4" y="-199.15" rot="49.1036" z="50" dx="0.5" dy="0.5" sx="1" sy="0.9243" image="backWood"/>
  <decor_35 x="2548.15" y="-167.3" rot="43.407" z="51" dx="0.5" dy="0.5" sx="1" sy="1.1249" image="backWood"/>
  <decor_36 x="2550.85" y="-167.7" rot="-42.6396" z="52" dx="0.5" dy="0.5" sx="1" sy="1.1249" image="backWood"/>
  <decor_37 x="2464" y="-165.65" rot="0" z="53" dx="0.5" dy="0.5" sx="1" sy="0.9249" image="backWood"/>
  <decor_38 x="1437.35" y="-80.55" rot="135.9187" z="54" dx="0.5" dy="0.5" sx="1" sy="0.7144" image="backWood"/>
  <decor_39 x="1440.1" y="-77.15" rot="42.5183" z="55" dx="0.5" dy="0.5" sx="1" sy="0.6951" image="backWood"/>
  <decor_40 x="1438.3" y="-134.05" rot="90" z="56" dx="0.5" dy="0.5" sx="1" sy="0.5645" image="backWood"/>
  <decor_41 x="1437.1" y="43.9" rot="135.9187" z="57" dx="0.5" dy="0.5" sx="1" sy="0.7182" image="backWood"/>
  <decor_42 x="1440.85" y="45.65" rot="42.7766" z="58" dx="0.5" dy="0.5" sx="1" sy="0.6975" image="backWood"/>
  <decor_43 x="1438.3" y="-16.9" rot="90" z="59" dx="0.5" dy="0.5" sx="1" sy="0.5645" image="backWood"/>
  <decor_44 x="1437.8" y="161.95" rot="135.9187" z="60" dx="0.5" dy="0.5" sx="1" sy="0.6978" image="backWood"/>
  <decor_45 x="1439.05" y="166.35" rot="45.9187" z="61" dx="0.5" dy="0.5" sx="1" sy="0.6993" image="backWood"/>
  <decor_46 x="1438.3" y="106.7" rot="90" z="62" dx="0.5" dy="0.5" sx="1" sy="0.5645" image="backWood"/>
  <decor_47 x="1435.6" y="283.25" rot="135.9187" z="63" dx="0.5" dy="0.5" sx="1" sy="0.7024" image="backWood"/>
  <decor_48 x="1439.55" y="286.95" rot="43.4673" z="64" dx="0.5" dy="0.5" sx="1" sy="0.7119" image="backWood"/>
  <decor_49 x="1438.3" y="223.85" rot="90" z="65" dx="0.5" dy="0.5" sx="1" sy="0.5645" image="backWood"/>
  <decor_50 x="1440.85" y="402.05" rot="135.9187" z="66" dx="0.5" dy="0.5" sx="1" sy="0.6722" image="backWood"/>
  <decor_51 x="1441.3" y="403.35" rot="45.9187" z="67" dx="0.5" dy="0.5" sx="1" sy="0.6722" image="backWood"/>
  <decor_52 x="1438.3" y="348.95" rot="90" z="68" dx="0.5" dy="0.5" sx="1" sy="0.5645" image="backWood"/>
  <decor_53 x="1369.6" y="406.15" rot="0" z="69" dx="0.5" dy="0.5" sx="1" sy="0.4168" image="backWood"/>
  <decor_54 x="1279.6" y="406.15" rot="0" z="70" dx="0.5" dy="0.5" sx="1" sy="0.4168" image="backWood"/>
  <decor_55 x="1984.35" y="-207.65" rot="0" z="71" dx="0.5" dy="0.5" sx="1" sy="0.5849" image="backWood"/>
  <decor_56 x="2234.55" y="-207.65" rot="0" z="72" dx="0.5" dy="0.5" sx="1" sy="0.5849" image="backWood"/>
  <decor_57 x="2638" y="-165.65" rot="0" z="73" dx="0.5" dy="0.5" sx="1" sy="0.9249" image="backWood"/>
  <decor_58 x="2899.35" y="-207.65" rot="0" z="74" dx="0.5" dy="0.5" sx="1" sy="0.5849" image="backWood"/>
  <decor_59 x="3014.55" y="-207.65" rot="0" z="75" dx="0.5" dy="0.5" sx="1" sy="0.5849" image="backWood"/>
  <decor_60 x="2949.65" y="-317.4" rot="48.7246" z="76" dx="0.5" dy="0.5" sx="1" sy="0.557" image="backWood"/>
  <decor_61 x="2948.8" y="-319.25" rot="130.7868" z="77" dx="0.5" dy="0.5" sx="1" sy="0.557" image="backWood"/>
  <decor_62 x="2950.4" y="-280.9" rot="90" z="78" dx="0.5" dy="0.5" sx="1" sy="0.4414" image="backWood"/>
  <decor_63 x="2696" y="-270.1" rot="0" z="79" dx="0.5054" dy="0.8987" sx="1" sy="1" image="chainA"/>
  <decor_64 x="2024.75" y="-269.7" rot="0" z="80" dx="0.5" dy="0.9569" sx="1" sy="1" image="bat_0004"/>
  <decor_65 x="2716.7" y="-286.3" rot="0" z="81" dx="0.5054" dy="0.8987" sx="1" sy="1" image="chainA"/>
  <decor_66 x="3105" y="-236.65" rot="0" z="82" dx="0.7338" dy="0.4919" sx="1" sy="1" image="spiderNetA"/>
  <decor_67 x="2856.15" y="-158.2" rot="0" z="83" dx="0.6288" dy="0.003" sx="1" sy="1" image="dangerPlate"/>
  <decor_68 x="2648" y="-229.85" rot="0" z="84" dx="0.5036" dy="0.0217" sx="1" sy="1" image="chainB"/>
  <decor_69 x="1249.35" y="390.8" rot="0" z="85" dx="0.6742" dy="0.5077" sx="1" sy="1" image="spiderNetB"/>
  <decor_70 x="2623.3" y="-225.35" rot="0" z="86" dx="0.5036" dy="0.0217" sx="1" sy="1" image="chainB"/>
  <decor_71 x="1438.55" y="-272.25" rot="0" z="88" dx="0.4907" dy="0.8132" sx="1" sy="1" image="lamp"/>
  <decor_72 x="2368.15" y="-272.25" rot="0" z="89" dx="0.4907" dy="0.8132" sx="1" sy="1" image="lamp"/>
  <decor_73 x="1786.1" y="-390.3" rot="0" z="90" dx="0.5009" dy="0.5" sx="4.302" sy="2.7544" image="backShadow"/>
  <decor_74 x="1786.05" y="-13.8" rot="180" z="91" dx="0.5009" dy="0.5" sx="4.4175" sy="3.1047" image="backShadow"/>
  <decor_75 x="2772.85" y="-64.1" rot="0" z="100" dx="0.5" dy="0.5" sx="1.1918" sy="1" image="groundLong"/>
  <decor_76 x="2831.5" y="-109.55" rot="90" z="101" dx="0.5009" dy="0.4994" sx="0.5397" sy="1" image="woodStandart"/>
  <decor_77 x="1784" y="125.6" rot="0" z="102" dx="0.5" dy="0.5" sx="1.1871" sy="1" image="groundLong"/>
  <decor_78 x="1727.3" y="19.35" rot="-90" z="103" dx="0.5009" dy="0.4994" sx="1.3407" sy="1" image="woodStandart"/>
  <decor_79 x="1842.45" y="-45.4" rot="90" z="104" dx="0.501" dy="0.4994" sx="1.4138" sy="1" image="woodStandart"/>
  <decor_80 x="1727.3" y="-51.4" rot="-90" z="105" dx="0.5009" dy="0.4994" sx="1.3407" sy="1" image="woodStandart"/>
  <decor_81 x="1727.3" y="-5.7" rot="-90" z="106" dx="0.5002" dy="0.5" sx="1.6742" sy="1" image="woodShadow"/>
  <decor_82 x="1842.45" y="-375.65" rot="90" z="107" dx="0.501" dy="0.4994" sx="1.4138" sy="1" image="woodStandart"/>
  <decor_83 x="1842.45" y="-438.25" rot="90" z="108" dx="0.5009" dy="0.4994" sx="1.3067" sy="1" image="woodStandart"/>
  <decor_84 x="1727.3" y="-427.35" rot="-90" z="109" dx="0.5009" dy="0.4994" sx="1.4538" sy="1" image="woodStandart"/>
  <decor_85 x="1784.95" y="-523.3" rot="0" z="110" dx="0.501" dy="0.4994" sx="0.9415" sy="1" image="woodStandart"/>
  <decor_86 x="1842.45" y="15.6" rot="90" z="111" dx="0.501" dy="0.4994" sx="1.4138" sy="1" image="woodStandart"/>
  <decor_87 x="1727.3" y="-367.8" rot="-90" z="112" dx="0.5009" dy="0.4994" sx="1.3205" sy="1" image="woodStandart"/>
  <decor_88 x="2180.2" y="-144.4" rot="0" z="113" dx="0.5" dy="0.5" sx="1.1788" sy="1" image="groundLong"/>
  <decor_89 x="1935.5" y="-282.7" rot="0" z="114" dx="0.501" dy="0.4994" sx="1.4138" sy="1" image="woodStandart"/>
  <decor_90 x="2024.8" y="-282.7" rot="0" z="115" dx="0.501" dy="0.4994" sx="1.4138" sy="1" image="woodStandart"/>
  <decor_91 x="2323.4" y="-282.7" rot="0" z="116" dx="0.501" dy="0.4994" sx="1.4138" sy="1" image="woodStandart"/>
  <decor_92 x="1636.6" y="-281.35" rot="0" z="117" dx="0.5009" dy="0.4994" sx="1.3889" sy="1" image="woodStandart"/>
  <decor_93 x="1445.65" y="-281.85" rot="0" z="118" dx="0.5009" dy="0.4994" sx="1.2175" sy="1" image="woodStandart"/>
  <decor_94 x="2353.65" y="-64.1" rot="0" z="119" dx="0.5" dy="0.5" sx="1.1918" sy="1" image="groundLong"/>
  <decor_95 x="1367.4" y="-208.75" rot="-90" z="120" dx="0.5008" dy="0.4994" sx="1.1417" sy="1" image="woodStandart"/>
  <decor_96 x="1491.4" y="453.75" rot="0" z="121" dx="0.5" dy="0.5" sx="1.1013" sy="1" image="groundShort"/>
  <decor_97 x="1383" y="453.75" rot="0" z="122" dx="0.5" dy="0.5" sx="1.3422" sy="1" image="groundLong"/>
  <decor_98 x="1240.15" y="453.75" rot="0" z="123" dx="0.5" dy="0.5" sx="1.1158" sy="1" image="groundLong"/>
  <decor_99 x="1613.15" y="-144.4" rot="0" z="124" dx="0.5" dy="0.5" sx="1.1077" sy="1" image="groundLong"/>
  <decor_100 x="1512.2" y="-63.95" rot="90" z="125" dx="0.5008" dy="0.4994" sx="1.1417" sy="1" image="woodStandart"/>
  <decor_101 x="1512.2" y="104.05" rot="90" z="126" dx="0.5008" dy="0.4994" sx="1.1417" sy="1" image="woodStandart"/>
  <decor_102 x="1512.2" y="272.05" rot="90" z="127" dx="0.5008" dy="0.4994" sx="1.1417" sy="1" image="woodStandart"/>
  <decor_103 x="1512.2" y="365.25" rot="90" z="128" dx="0.5008" dy="0.4994" sx="1.1417" sy="1" image="woodStandart"/>
  <decor_104 x="1512.2" y="150.15" rot="90" z="129" dx="0.5002" dy="0.5" sx="3.9912" sy="1" image="woodShadow"/>
  <decor_105 x="1554.3" y="-144.3" rot="0" z="130" dx="0.5" dy="0.5" sx="1" sy="1" image="groundLeft"/>
  <decor_106 x="1678.8" y="-144.4" rot="0" z="131" dx="0.5" dy="0.5" sx="1.0382" sy="1" image="groundRight"/>
  <decor_107 x="1842.45" y="-12.35" rot="90" z="132" dx="0.5001" dy="0.5" sx="1.7867" sy="1" image="woodShadow"/>
  <decor_108 x="1887.3" y="-144.3" rot="0" z="133" dx="0.5" dy="0.5" sx="1" sy="1" image="groundLeft"/>
  <decor_109 x="1912.5" y="-144.4" rot="0" z="134" dx="0.5" dy="0.5" sx="0.9111" sy="1" image="groundShort"/>
  <decor_110 x="1956.6" y="-144.4" rot="0" z="135" dx="0.5" dy="0.5" sx="0.9111" sy="1" image="groundShort"/>
  <decor_111 x="2296.3" y="-108" rot="-90" z="136" dx="0.5008" dy="0.4994" sx="0.5738" sy="1" image="woodStandart"/>
  <decor_112 x="2296.3" y="-108" rot="-90" z="137" dx="0.5" dy="0.5" sx="0.5738" sy="1" image="woodShadow"/>
  <decor_113 x="2249.55" y="-144.4" rot="0" z="138" dx="0.5" dy="0.5" sx="1.0382" sy="1" image="groundRight"/>
  <decor_114 x="2042.2" y="-144.4" rot="0" z="139" dx="0.5" dy="0.5" sx="1.1788" sy="1" image="groundLong"/>
  <decor_115 x="3075.3" y="-144.4" rot="0" z="140" dx="0.5" dy="0.5" sx="1.1565" sy="1" image="groundLong"/>
  <decor_116 x="2939.9" y="-144.4" rot="0" z="141" dx="0.5" dy="0.5" sx="1.1565" sy="1" image="groundLong"/>
  <decor_117 x="3132" y="-221.9" rot="90" z="142" dx="0.5009" dy="0.4994" sx="0.9693" sy="1" image="woodStandart"/>
  <decor_118 x="3011.5" y="-326.9" rot="90" z="143" dx="0.5008" dy="0.4994" sx="0.7656" sy="1" image="woodStandart"/>
  <decor_119 x="2547.6" y="-282.7" rot="0" z="144" dx="0.5009" dy="0.4994" sx="1.6229" sy="1" image="woodStandart"/>
  <decor_120 x="2788.1" y="-282.7" rot="0" z="145" dx="0.5009" dy="0.4994" sx="1.6229" sy="1" image="woodStandart"/>
  <decor_121 x="2898.25" y="-327.3" rot="-90" z="146" dx="0.5008" dy="0.4994" sx="0.7656" sy="1" image="woodStandart"/>
  <decor_122 x="2955" y="-371.7" rot="0" z="147" dx="0.5008" dy="0.4994" sx="0.9267" sy="1" image="woodStandart"/>
  <decor_123 x="3071.75" y="-282.7" rot="0" z="148" dx="0.5009" dy="0.4994" sx="0.9758" sy="1" image="woodStandart"/>
  <decor_124 x="1367.4" y="-40.35" rot="-90" z="149" dx="0.5008" dy="0.4994" sx="1.1417" sy="1" image="woodStandart"/>
  <decor_125 x="1367.4" y="129.25" rot="-90" z="150" dx="0.5008" dy="0.4994" sx="1.1417" sy="1" image="woodStandart"/>
  <decor_126 x="1367.4" y="274.85" rot="-90" z="151" dx="0.5008" dy="0.4994" sx="1.1417" sy="1" image="woodStandart"/>
  <decor_127 x="1277.25" y="347.5" rot="0" z="152" dx="0.5009" dy="0.4994" sx="1.3774" sy="1" image="woodStandart"/>
  <decor_128 x="1185.85" y="391.85" rot="-90" z="153" dx="0.501" dy="0.4994" sx="0.7646" sy="1" image="woodStandart"/>
  <decor_129 x="2492.9" y="-64.1" rot="0" z="154" dx="0.5" dy="0.5" sx="1.1918" sy="1" image="groundLong"/>
  <decor_130 x="2633.65" y="-64.1" rot="0" z="155" dx="0.5" dy="0.5" sx="1.1918" sy="1" image="groundLong"/>
  <decor_131 x="2831.5" y="-109.55" rot="90" z="156" dx="0.5003" dy="0.5" sx="0.5397" sy="1" image="woodShadow"/>
  <decor_132 x="2876.3" y="-144.3" rot="0" z="157" dx="0.5" dy="0.5" sx="1" sy="1" image="groundLeft"/>
  <decor_133 x="2173.8" y="-371.75" rot="0" z="158" dx="0.501" dy="0.4994" sx="0.9178" sy="1" image="woodStandart"/>
  <decor_134 x="2118" y="-326.75" rot="-90" z="159" dx="0.501" dy="0.4994" sx="0.7661" sy="1" image="woodStandart"/>
  <decor_135 x="2230.5" y="-327.15" rot="90" z="160" dx="0.501" dy="0.4994" sx="0.7661" sy="1" image="woodStandart"/>
  <decor_136 x="1842.45" y="-415.5" rot="90" z="161" dx="0.5001" dy="0.5" sx="1.6098" sy="1" image="woodShadow"/>
  <decor_137 x="1727.3" y="-413.35" rot="-90" z="162" dx="0.5002" dy="0.5" sx="1.64" sy="1" image="woodShadow"/>
  <decor_138 x="1784.95" y="-523.3" rot="0" z="163" dx="0.5002" dy="0.5" sx="0.9415" sy="1" image="woodShadow"/>
  <decor_139 x="1967.45" y="-282.7" rot="0" z="164" dx="0.5002" dy="0.5" sx="1.8405" sy="1" image="woodShadow"/>
  <decor_140 x="2563.45" y="-282.7" rot="0" z="165" dx="0.5002" dy="0.5" sx="4.2984" sy="1" image="woodShadow"/>
  <decor_141 x="1535.1" y="-281.85" rot="0" z="166" dx="0.5001" dy="0.5" sx="2.411" sy="1" image="woodShadow"/>
  <decor_142 x="3132" y="-221.9" rot="90" z="167" dx="0.5002" dy="0.5" sx="0.9693" sy="1" image="woodShadow"/>
  <decor_143 x="3011.5" y="-326.9" rot="90" z="168" dx="0.5002" dy="0.5" sx="0.7656" sy="1" image="woodShadow"/>
  <decor_144 x="2898.25" y="-327.3" rot="-90" z="169" dx="0.5002" dy="0.5" sx="0.7656" sy="1" image="woodShadow"/>
  <decor_145 x="2955" y="-371.7" rot="0" z="170" dx="0.5002" dy="0.5" sx="0.9267" sy="1" image="woodShadow"/>
  <decor_146 x="3071.75" y="-282.7" rot="0" z="171" dx="0.5002" dy="0.5" sx="0.9758" sy="1" image="woodShadow"/>
  <decor_147 x="1367.4" y="19.75" rot="-90" z="172" dx="0.5002" dy="0.5" sx="4.21" sy="1" image="woodShadow"/>
  <decor_148 x="1270.2" y="347.5" rot="0" z="173" dx="0.5001" dy="0.5" sx="1.3" sy="1" image="woodShadow"/>
  <decor_149 x="1185.85" y="391.85" rot="-90" z="174" dx="0.5002" dy="0.5" sx="0.7646" sy="1" image="woodShadow"/>
  <decor_150 x="2118" y="-326.75" rot="-90" z="175" dx="0.5" dy="0.5" sx="0.7661" sy="1" image="woodShadow"/>
  <decor_151 x="2230.5" y="-327.15" rot="90" z="176" dx="0.5" dy="0.5" sx="0.7661" sy="1" image="woodShadow"/>
  <decor_152 x="2173.8" y="-371.75" rot="0" z="177" dx="0.5002" dy="0.5" sx="0.9178" sy="1" image="woodShadow"/>
  <decor_153 x="1712.25" y="-269.85" rot="-90" z="178" dx="0.0239" dy="0.9761" sx="1" sy="1" image="steelOver"/>
  <decor_154 x="1829.6" y="-297.75" rot="0" z="179" dx="0.0239" dy="0.9761" sx="1" sy="1" image="steelOver"/>
  <decor_155 x="2102.9" y="-269.85" rot="-90" z="180" dx="0.0239" dy="0.9761" sx="1" sy="1" image="steelOver"/>
  <decor_156 x="2217.55" y="-297.75" rot="0" z="181" dx="0.0239" dy="0.9761" sx="1" sy="1" image="steelOver"/>
  <decor_157 x="2883.2" y="-269.85" rot="-90" z="182" dx="0.0239" dy="0.9761" sx="1" sy="1" image="steelOver"/>
  <decor_158 x="2998.75" y="-297.75" rot="0" z="183" dx="0.0239" dy="0.9761" sx="1" sy="1" image="steelOver"/>
  <decor_159 x="1181.3" y="456.85" rot="0" z="184" dx="0.5" dy="0.5" sx="1" sy="1" image="stonesOver"/>
  <decor_160 x="1852.3" y="127.3" rot="0" z="185" dx="0.5" dy="0.5" sx="1" sy="1" image="stonesOver2"/>
  <decor_161 x="1520.95" y="453.35" rot="0" z="186" dx="0.5" dy="0.5" sx="1" sy="1" image="stonesOver2"/>
  <decor_162 x="2289.05" y="-60.2" rot="0" z="187" dx="0.5" dy="0.5" sx="1" sy="1" image="stonesOver"/>
  <decor_163 x="2838.65" y="-64.55" rot="0" z="188" dx="0.5" dy="0.5" sx="1" sy="1" image="stonesOver2"/>
  <decor_164 x="1720" y="125.2" rot="0" z="189" dx="0.5" dy="0.5" sx="1" sy="1" image="stonesOver"/>
  <decor_165 x="3137" y="-143.4" rot="0" z="190" dx="0.5" dy="0.5" sx="1" sy="1" image="stonesOver2"/>
  <decor_166 x="1499.9" y="-123.05" rot="0" z="191" dx="0.4879" dy="0.4826" sx="1" sy="0.935" image="stairsA"/>
  <decor_167 x="1499.9" y="286" rot="0" z="192" dx="0.4879" dy="0.4826" sx="1" sy="0.935" image="stairsA"/>
  <decor_168 x="1499.9" y="327.3" rot="0" z="193" dx="0.4879" dy="0.4826" sx="1" sy="0.935" image="stairsA"/>
  <decor_169 x="1499.9" y="368.25" rot="0" z="194" dx="0.4879" dy="0.4826" sx="1" sy="0.935" image="stairsA"/>
  <decor_170 x="1499.9" y="409.55" rot="0" z="195" dx="0.4879" dy="0.4826" sx="1" sy="0.935" image="stairsA"/>
  <decor_171 x="1499.95" y="-144.85" rot="0" z="196" dx="0.483" dy="0.0652" sx="1" sy="1" image="stairsB"/>
  <decor_172 x="1500.3" y="432.1" rot="0" z="197" dx="0.5" dy="0.5056" sx="1" sy="1" image="stairsC"/>
  <decor_173 x="1499.9" y="241.3" rot="0" z="198" dx="0.4879" dy="0.4826" sx="1" sy="0.935" image="stairsA"/>
  <decor_174 x="1499.9" y="201.25" rot="0" z="199" dx="0.4879" dy="0.4826" sx="1" sy="0.935" image="stairsA"/>
  <decor_175 x="1499.9" y="37.15" rot="0" z="200" dx="0.4879" dy="0.4826" sx="1" sy="0.935" image="stairsA"/>
  <decor_176 x="1499.9" y="78.45" rot="0" z="201" dx="0.4879" dy="0.4826" sx="1" sy="0.935" image="stairsA"/>
  <decor_177 x="1499.9" y="119.4" rot="0" z="202" dx="0.4879" dy="0.4826" sx="1" sy="0.935" image="stairsA"/>
  <decor_178 x="1499.9" y="160.7" rot="0" z="203" dx="0.4879" dy="0.4826" sx="1" sy="0.935" image="stairsA"/>
  <decor_179 x="1499.9" y="-3.7" rot="0" z="204" dx="0.4879" dy="0.4826" sx="1" sy="0.935" image="stairsA"/>
  <decor_180 x="1499.9" y="-43.75" rot="0" z="205" dx="0.4879" dy="0.4826" sx="1" sy="0.935" image="stairsA"/>
  <decor_181 x="1499.9" y="-83.3" rot="0" z="206" dx="0.4879" dy="0.4826" sx="1" sy="0.935" image="stairsA"/>
  <decor_182 x="1379.85" y="-238.2" rot="0" z="207" dx="0.4879" dy="0.4826" sx="1" sy="0.935" image="stairsA"/>
  <decor_183 x="1379.85" y="212.85" rot="0" z="208" dx="0.4879" dy="0.4826" sx="1" sy="0.935" image="stairsA"/>
  <decor_184 x="1379.85" y="254.15" rot="0" z="209" dx="0.4879" dy="0.4826" sx="1" sy="0.935" image="stairsA"/>
  <decor_185 x="1379.85" y="295.1" rot="0" z="210" dx="0.4879" dy="0.4826" sx="1" sy="0.935" image="stairsA"/>
  <decor_186 x="1379.85" y="336.4" rot="0" z="211" dx="0.4879" dy="0.4826" sx="1" sy="0.935" image="stairsA"/>
  <decor_187 x="1379.9" y="-260" rot="0" z="212" dx="0.483" dy="0.0652" sx="1" sy="1" image="stairsB"/>
  <decor_188 x="1380.25" y="358.95" rot="0" z="213" dx="0.5" dy="0.5056" sx="1" sy="1" image="stairsC"/>
  <decor_189 x="1379.85" y="168.15" rot="0" z="214" dx="0.4879" dy="0.4826" sx="1" sy="0.935" image="stairsA"/>
  <decor_190 x="1379.85" y="128.1" rot="0" z="215" dx="0.4879" dy="0.4826" sx="1" sy="0.935" image="stairsA"/>
  <decor_191 x="1379.85" y="-36" rot="0" z="216" dx="0.4879" dy="0.4826" sx="1" sy="0.935" image="stairsA"/>
  <decor_192 x="1379.85" y="5.3" rot="0" z="217" dx="0.4879" dy="0.4826" sx="1" sy="0.935" image="stairsA"/>
  <decor_193 x="1379.85" y="46.25" rot="0" z="218" dx="0.4879" dy="0.4826" sx="1" sy="0.935" image="stairsA"/>
  <decor_194 x="1379.85" y="87.55" rot="0" z="219" dx="0.4879" dy="0.4826" sx="1" sy="0.935" image="stairsA"/>
  <decor_195 x="1379.85" y="-76.85" rot="0" z="220" dx="0.4879" dy="0.4826" sx="1" sy="0.935" image="stairsA"/>
  <decor_196 x="1379.85" y="-116.9" rot="0" z="221" dx="0.4879" dy="0.4826" sx="1" sy="0.935" image="stairsA"/>
  <decor_197 x="1379.85" y="-156.45" rot="0" z="222" dx="0.4879" dy="0.4826" sx="1" sy="0.935" image="stairsA"/>
  <decor_198 x="1379.85" y="-197.75" rot="0" z="223" dx="0.4879" dy="0.4826" sx="1" sy="0.935" image="stairsA"/>
  <decor_199 x="1141.15" y="478.3" rot="0" z="224" dx="0.5007" dy="0.4993" sx="1" sy="1" image="darkStoneA"/>
  <decor_200 x="1678.5" y="-46.5" rot="0" z="225" dx="0.5009" dy="0.4994" sx="1" sy="1" image="darkStoneB"/>
  <decor_201 x="1673.95" y="-94.35" rot="0" z="226" dx="0.5003" dy="0.5" sx="1" sy="1" image="darkStoneC"/>
  <decor_202 x="1331.45" y="-112.15" rot="0" z="227" dx="0.501" dy="0.5" sx="1" sy="1" image="darkStoneD"/>
  <decor_203 x="1315.6" y="327.95" rot="0" z="228" dx="0.5018" dy="0.4978" sx="1" sy="1" image="darkStoneE"/>
  <decor_204 x="1271.05" y="310.55" rot="0" z="229" dx="0.5003" dy="0.5" sx="1" sy="1" image="darkStoneC"/>
  <decor_205 x="1683.05" y="-403.4" rot="0" z="230" dx="0.5009" dy="0.4994" sx="1" sy="1" image="darkStoneB"/>
  <decor_206 x="2051.8" y="-82.3" rot="0" z="231" dx="0.5003" dy="0.5" sx="1" sy="1" image="darkStoneC"/>
  <decor_207 x="1324.25" y="178.75" rot="0" z="232" dx="0.5009" dy="0.4994" sx="1" sy="1" image="darkStoneB"/>
  <decor_208 x="1326.2" y="82.65" rot="0" z="233" dx="0.5007" dy="0.4993" sx="1" sy="1" image="darkStoneA"/>
  <decor_209 x="1154.25" y="376.75" rot="0" z="234" dx="0.501" dy="0.5" sx="1" sy="1" image="darkStoneD"/>
  <decor_210 x="1709.95" y="-40.95" rot="0" z="235" dx="0.5018" dy="0.4978" sx="1" sy="1" image="darkStoneE"/>
  <decor_211 x="1332.85" y="-68.45" rot="0" z="236" dx="0.5007" dy="0.4993" sx="1" sy="1" image="darkStoneA"/>
  <decor_212 x="1694.95" y="-316.25" rot="0" z="237" dx="0.5007" dy="0.4993" sx="1" sy="1" image="darkStoneA"/>
  <decor_213 x="1543.4" y="17.45" rot="0" z="238" dx="0.501" dy="0.5" sx="1" sy="1" image="darkStoneD"/>
  <decor_214 x="1729.7" y="140.25" rot="0" z="239" dx="0.5018" dy="0.4978" sx="1" sy="1" image="darkStoneE"/>
  <decor_215 x="1705.55" y="-12.2" rot="0" z="240" dx="0.5018" dy="0.4978" sx="1" sy="1" image="darkStoneE"/>
  <decor_216 x="1342.05" y="320.2" rot="0" z="241" dx="0.5018" dy="0.4978" sx="1" sy="1" image="darkStoneE"/>
  <decor_217 x="1569.55" y="-1.05" rot="0" z="242" dx="0.5018" dy="0.4978" sx="1" sy="1" image="darkStoneE"/>
  <decor_218 x="1541.15" y="-68.1" rot="0" z="243" dx="0.5018" dy="0.4978" sx="1" sy="1" image="darkStoneE"/>
  <decor_219 x="1541.15" y="-8.6" rot="0" z="244" dx="0.5018" dy="0.4978" sx="1" sy="1" image="darkStoneE"/>
  <decor_220 x="1222.05" y="317.6" rot="0" z="245" dx="0.5007" dy="0.4993" sx="1" sy="1" image="darkStoneA"/>
  <decor_221 x="1886.35" y="88.05" rot="0" z="246" dx="0.5018" dy="0.4978" sx="1" sy="1" image="darkStoneE"/>
  <decor_222 x="1694.75" y="11.55" rot="0" z="247" dx="0.501" dy="0.5" sx="1" sy="1" image="darkStoneD"/>
  <decor_223 x="2516.7" y="-326.8" rot="0" z="248" dx="0.5003" dy="0.5" sx="1" sy="1" image="darkStoneC"/>
  <decor_224 x="2374.25" y="-5.45" rot="0" z="249" dx="0.5003" dy="0.5" sx="1" sy="1" image="darkStoneC"/>
  <decor_225 x="2093.15" y="-390.8" rot="0" z="250" dx="0.5007" dy="0.4993" sx="1" sy="1" image="darkStoneA"/>
  <decor_226 x="2499.95" y="-9.8" rot="0" z="251" dx="0.5009" dy="0.4994" sx="1" sy="1" image="darkStoneB"/>
  <decor_227 x="2181.5" y="-85.9" rot="0" z="252" dx="0.5003" dy="0.5" sx="1" sy="1" image="darkStoneC"/>
  <decor_228 x="1326.2" y="126.1" rot="0" z="253" dx="0.5007" dy="0.4993" sx="1" sy="1" image="darkStoneA"/>
  <decor_229 x="1519.55" y="-105.05" rot="0" z="254" dx="0.5018" dy="0.4978" sx="1" sy="1" image="darkStoneE"/>
  <decor_230 x="2218.45" y="-69" rot="0" z="255" dx="0.501" dy="0.5" sx="1" sy="1" image="darkStoneD"/>
  <decor_231 x="2247.7" y="-399.2" rot="0" z="256" dx="0.5009" dy="0.4994" sx="1" sy="1" image="darkStoneB"/>
  <decor_232 x="2234.7" y="-106.05" rot="0" z="257" dx="0.5018" dy="0.4978" sx="1" sy="1" image="darkStoneE"/>
  <decor_233 x="2105.5" y="-421.65" rot="0" z="258" dx="0.5018" dy="0.4978" sx="1" sy="1" image="darkStoneE"/>
  <decor_234 x="1161.25" y="326.15" rot="0" z="259" dx="0.5003" dy="0.5" sx="1" sy="1" image="darkStoneC"/>
  <decor_235 x="1561.05" y="-38.35" rot="0" z="260" dx="0.5009" dy="0.4994" sx="1" sy="1" image="darkStoneB"/>
  <decor_236 x="1312.9" y="231.75" rot="0" z="261" dx="0.5003" dy="0.5" sx="1" sy="1" image="darkStoneC"/>
  <decor_237 x="1313.2" y="-130" rot="0" z="262" dx="0.5007" dy="0.4993" sx="1" sy="1" image="darkStoneA"/>
  <decor_238 x="1324.25" y="41.35" rot="0" z="263" dx="0.5009" dy="0.4994" sx="1" sy="1" image="darkStoneB"/>
  <decor_239 x="3039.6" y="-395.25" rot="0" z="264" dx="0.5003" dy="0.5" sx="1" sy="1" image="darkStoneC"/>
  <decor_240 x="2876.35" y="-389.7" rot="0" z="265" dx="0.5007" dy="0.4993" sx="1" sy="1" image="darkStoneA"/>
  <decor_241 x="2848.1" y="-97.95" rot="0" z="266" dx="0.5018" dy="0.4978" sx="1" sy="1" image="darkStoneE"/>
  <decor_242 x="2802.4" y="-309.5" rot="0" z="267" dx="0.501" dy="0.5" sx="1" sy="1" image="darkStoneD"/>
  <decor_243 x="2608.4" y="-4.95" rot="0" z="268" dx="0.5003" dy="0.5" sx="1" sy="1" image="darkStoneC"/>
  <decor_244 x="3147.15" y="-69.45" rot="0" z="269" dx="0.5009" dy="0.4994" sx="1" sy="1" image="darkStoneB"/>
  <decor_245 x="2724.85" y="-308.5" rot="0" z="270" dx="0.501" dy="0.5" sx="1" sy="1" image="darkStoneD"/>
  <decor_246 x="2926.9" y="-100.05" rot="0" z="271" dx="0.5018" dy="0.4978" sx="1" sy="1" image="darkStoneE"/>
  <decor_247 x="3176.9" y="-149.45" rot="0" z="272" dx="0.5018" dy="0.4978" sx="1" sy="1" image="darkStoneE"/>
  <decor_248 x="1875.75" y="-317.05" rot="0" z="273" dx="0.5007" dy="0.4993" sx="1" sy="1" image="darkStoneA"/>
  <decor_249 x="2758.95" y="-318.2" rot="0" z="274" dx="0.5003" dy="0.5" sx="1" sy="1" image="darkStoneC"/>
  <decor_250 x="2337.7" y="-321.8" rot="0" z="275" dx="0.5003" dy="0.5" sx="1" sy="1" image="darkStoneC"/>
  <decor_251 x="3151.3" y="-111.65" rot="0" z="276" dx="0.5009" dy="0.4994" sx="1" sy="1" image="darkStoneB"/>
  <decor_252 x="1869.3" y="-346.15" rot="0" z="277" dx="0.5018" dy="0.4978" sx="1" sy="1" image="darkStoneE"/>
  <decor_253 x="2851.75" y="-319.85" rot="0" z="278" dx="0.5009" dy="0.4994" sx="1" sy="1" image="darkStoneB"/>
  <decor_254 x="2975.25" y="-406.15" rot="0" z="279" dx="0.5007" dy="0.4993" sx="1" sy="1" image="darkStoneA"/>
  <decor_255 x="3105.15" y="-309" rot="0" z="280" dx="0.5018" dy="0.4978" sx="1" sy="1" image="darkStoneE"/>
  <decor_256 x="3074.45" y="-326.8" rot="0" z="281" dx="0.5003" dy="0.5" sx="1" sy="1" image="darkStoneC"/>
  <decor_257 x="3183.3" y="-200.7" rot="0" z="282" dx="0.5009" dy="0.4994" sx="1" sy="1" image="darkStoneB"/>
  <decor_258 x="3160.35" y="-304.85" rot="0" z="283" dx="0.5003" dy="0.5" sx="1" sy="1" image="darkStoneC"/>
  <decor_259 x="2668.65" y="-311.9" rot="0" z="284" dx="0.501" dy="0.5" sx="1" sy="1" image="darkStoneD"/>
  <decor_260 x="2245.7" y="-18.85" rot="0" z="285" dx="0.5003" dy="0.5" sx="1" sy="1" image="darkStoneC"/>
  <decor_261 x="3066" y="-92.8" rot="0" z="286" dx="0.5007" dy="0.4993" sx="1" sy="1" image="darkStoneA"/>
  <decor_262 x="3041.8" y="-313.5" rot="0" z="287" dx="0.501" dy="0.5" sx="1" sy="1" image="darkStoneD"/>
  <decor_263 x="2811.75" y="-11.9" rot="0" z="288" dx="0.5007" dy="0.4993" sx="1" sy="1" image="darkStoneA"/>
  <decor_264 x="2558.5" y="-2.65" rot="0" z="289" dx="0.501" dy="0.5" sx="1" sy="1" image="darkStoneD"/>
  <decor_265 x="2442.9" y="-7.05" rot="0" z="290" dx="0.5007" dy="0.4993" sx="1" sy="1" image="darkStoneA"/>
  <decor_266 x="2298.75" y="-305" rot="0" z="291" dx="0.5018" dy="0.4978" sx="1" sy="1" image="darkStoneE"/>
  <decor_267 x="3024.55" y="-95.6" rot="0" z="292" dx="0.501" dy="0.5" sx="1" sy="1" image="darkStoneD"/>
  <decor_268 x="2970" y="-91.55" rot="0" z="293" dx="0.5009" dy="0.4994" sx="1" sy="1" image="darkStoneB"/>
  <decor_269 x="2924.55" y="-409.95" rot="0" z="294" dx="0.5009" dy="0.4994" sx="1" sy="1" image="darkStoneB"/>
  <decor_270 x="1900" y="120.55" rot="0" z="295" dx="0.5003" dy="0.5" sx="1" sy="1" image="darkStoneC"/>
  <decor_271 x="2260.35" y="-309.5" rot="0" z="296" dx="0.501" dy="0.5" sx="1" sy="1" image="darkStoneD"/>
  <decor_272 x="1556.65" y="423.95" rot="0" z="297" dx="0.5009" dy="0.4994" sx="1" sy="1" image="darkStoneB"/>
  <decor_273 x="1890.45" y="-34.35" rot="0" z="298" dx="0.5018" dy="0.4978" sx="1" sy="1" image="darkStoneE"/>
  <decor_274 x="1693.75" y="160.4" rot="0" z="299" dx="0.501" dy="0.5" sx="1" sy="1" image="darkStoneD"/>
  <decor_275 x="2070.05" y="-320" rot="0" z="300" dx="0.5009" dy="0.4994" sx="1" sy="1" image="darkStoneB"/>
  <decor_276 x="1876.65" y="151.55" rot="0" z="301" dx="0.501" dy="0.5" sx="1" sy="1" image="darkStoneD"/>
  <decor_277 x="1705.55" y="33.1" rot="0" z="302" dx="0.5018" dy="0.4978" sx="1" sy="1" image="darkStoneE"/>
  <decor_278 x="1568.75" y="-92.05" rot="0" z="303" dx="0.5003" dy="0.5" sx="1" sy="1" image="darkStoneC"/>
  <decor_279 x="2317.95" y="-4.15" rot="0" z="304" dx="0.501" dy="0.5" sx="1" sy="1" image="darkStoneD"/>
  <decor_280 x="1312.75" y="-18.85" rot="0" z="305" dx="0.5003" dy="0.5" sx="1" sy="1" image="darkStoneC"/>
  <decor_281 x="1317.55" y="284.85" rot="0" z="306" dx="0.5003" dy="0.5" sx="1" sy="1" image="darkStoneC"/>
  <decor_282 x="1621.85" y="-88.2" rot="0" z="307" dx="0.5007" dy="0.4993" sx="1" sy="1" image="darkStoneA"/>
  <decor_283 x="1869.3" y="-68.1" rot="0" z="308" dx="0.5018" dy="0.4978" sx="1" sy="1" image="darkStoneE"/>
  <decor_284 x="2743" y="-9" rot="0" z="309" dx="0.5003" dy="0.5" sx="1" sy="1" image="darkStoneC"/>
  <decor_285 x="1676.35" y="110.1" rot="0" z="310" dx="0.5003" dy="0.5" sx="1" sy="1" image="darkStoneC"/>
  <decor_286 x="2582.9" y="-316.9" rot="0" z="311" dx="0.5009" dy="0.4994" sx="1" sy="1" image="darkStoneB"/>
  <decor_287 x="2298.75" y="-21.15" rot="0" z="312" dx="0.5018" dy="0.4978" sx="1" sy="1" image="darkStoneE"/>
  <decor_288 x="2283.15" y="5.6" rot="0" z="313" dx="0.5018" dy="0.4978" sx="1" sy="1" image="darkStoneE"/>
  <decor_289 x="2244.2" y="-68.1" rot="0" z="314" dx="0.5018" dy="0.4978" sx="1" sy="1" image="darkStoneE"/>
  <decor_290 x="2129.85" y="-400.15" rot="0" z="315" dx="0.5018" dy="0.4978" sx="1" sy="1" image="darkStoneE"/>
  <decor_291 x="3101.05" y="-97.55" rot="0" z="316" dx="0.5007" dy="0.4993" sx="1" sy="1" image="darkStoneA"/>
  <decor_292 x="2877.15" y="-88.4" rot="0" z="317" dx="0.5009" dy="0.4994" sx="1" sy="1" image="darkStoneB"/>
  <decor_293 x="3172.25" y="-246.6" rot="0" z="318" dx="0.5007" dy="0.4993" sx="1" sy="1" image="darkStoneA"/>
  <decor_294 x="1347.05" y="-317.1" rot="0" z="319" dx="0.5003" dy="0.5" sx="1" sy="1" image="darkStoneC"/>
  <decor_295 x="1489.65" y="-317.1" rot="0" z="320" dx="0.5003" dy="0.5" sx="1" sy="1" image="darkStoneC"/>
  <decor_296 x="1413.25" y="-314.3" rot="0" z="321" dx="0.5009" dy="0.4994" sx="1" sy="1" image="darkStoneB"/>
  <decor_297 x="1558.95" y="-313.5" rot="0" z="322" dx="0.5007" dy="0.4993" sx="1" sy="1" image="darkStoneA"/>
  <decor_298 x="1335" y="-270.75" rot="0" z="323" dx="0.5007" dy="0.4993" sx="1" sy="1" image="darkStoneA"/>
  <decor_299 x="1320.45" y="-225.85" rot="0" z="324" dx="0.5009" dy="0.4994" sx="1" sy="1" image="darkStoneB"/>
  <decor_300 x="1622.8" y="-319.7" rot="0" z="325" dx="0.5003" dy="0.5" sx="1" sy="1" image="darkStoneC"/>
  <decor_301 x="1312.9" y="-174.5" rot="0" z="326" dx="0.5003" dy="0.5" sx="1" sy="1" image="darkStoneC"/>
  <decor_302 x="1527.3" y="-301.05" rot="0" z="327" dx="0.5018" dy="0.4978" sx="1" sy="1" image="darkStoneE"/>
  <decor_303 x="1946.9" y="-109.1" rot="0" z="328" dx="0.5018" dy="0.4978" sx="1" sy="1" image="darkStoneE"/>
  <decor_304 x="1546.2" y="209.35" rot="0" z="329" dx="0.5018" dy="0.4978" sx="1" sy="1" image="darkStoneE"/>
  <decor_305 x="1870.75" y="-43.3" rot="0" z="330" dx="0.5018" dy="0.4978" sx="1" sy="1" image="darkStoneE"/>
  <decor_306 x="1871.25" y="72.4" rot="0" z="331" dx="0.501" dy="0.5" sx="1" sy="1" image="darkStoneD"/>
  <decor_307 x="2475.25" y="-313.5" rot="0" z="332" dx="0.5007" dy="0.4993" sx="1" sy="1" image="darkStoneA"/>
  <decor_308 x="2413.85" y="-318.45" rot="0" z="333" dx="0.5009" dy="0.4994" sx="1" sy="1" image="darkStoneB"/>
  <decor_309 x="2673.8" y="-11.9" rot="0" z="334" dx="0.5007" dy="0.4993" sx="1" sy="1" image="darkStoneA"/>
  <decor_310 x="2162.25" y="-407.95" rot="0" z="335" dx="0.5003" dy="0.5" sx="1" sy="1" image="darkStoneC"/>
  <decor_311 x="2638.85" y="-319.65" rot="0" z="336" dx="0.5007" dy="0.4993" sx="1" sy="1" image="darkStoneA"/>
  <decor_312 x="2689.7" y="-329.55" rot="0" z="337" dx="0.5009" dy="0.4994" sx="1" sy="1" image="darkStoneB"/>
  <decor_313 x="2857.85" y="-21.6" rot="0" z="338" dx="0.5009" dy="0.4994" sx="1" sy="1" image="darkStoneB"/>
  <decor_314 x="2274.3" y="-348.8" rot="0" z="339" dx="0.5007" dy="0.4993" sx="1" sy="1" image="darkStoneA"/>
  <decor_315 x="2547.4" y="-18.85" rot="0" z="340" dx="0.5018" dy="0.4978" sx="1" sy="1" image="darkStoneE"/>
  <decor_316 x="1676.35" y="-359.5" rot="0" z="341" dx="0.5003" dy="0.5" sx="1" sy="1" image="darkStoneC"/>
  <decor_317 x="1876.5" y="32" rot="0" z="342" dx="0.5007" dy="0.4993" sx="1" sy="1" image="darkStoneA"/>
  <decor_318 x="2119.25" y="-88.8" rot="0" z="343" dx="0.5007" dy="0.4993" sx="1" sy="1" image="darkStoneA"/>
  <decor_319 x="1675.35" y="-436.85" rot="0" z="344" dx="0.5018" dy="0.4978" sx="1" sy="1" image="darkStoneE"/>
  <decor_320 x="1661.5" y="-305" rot="0" z="345" dx="0.5018" dy="0.4978" sx="1" sy="1" image="darkStoneE"/>
  <decor_321 x="1596.5" y="-304.8" rot="0" z="346" dx="0.5018" dy="0.4978" sx="1" sy="1" image="darkStoneE"/>
  <decor_322 x="2263.4" y="-98.95" rot="0" z="347" dx="0.501" dy="0.5" sx="1" sy="1" image="darkStoneD"/>
  <decor_323 x="1900.2" y="59.25" rot="0" z="348" dx="0.5018" dy="0.4978" sx="1" sy="1" image="darkStoneE"/>
  <decor_324 x="1909.65" y="-2.65" rot="0" z="349" dx="0.501" dy="0.5" sx="1" sy="1" image="darkStoneD"/>
  <decor_325 x="1958.7" y="-98.95" rot="0" z="350" dx="0.501" dy="0.5" sx="1" sy="1" image="darkStoneD"/>
  <decor_326 x="1904.3" y="-305" rot="0" z="351" dx="0.5018" dy="0.4978" sx="1" sy="1" image="darkStoneE"/>
  <decor_327 x="2082.55" y="-348.6" rot="0" z="352" dx="0.5018" dy="0.4978" sx="1" sy="1" image="darkStoneE"/>
  <decor_328 x="2089.45" y="-105.6" rot="0" z="353" dx="0.5018" dy="0.4978" sx="1" sy="1" image="darkStoneE"/>
  <decor_329 x="1991" y="-96.65" rot="0" z="354" dx="0.5018" dy="0.4978" sx="1" sy="1" image="darkStoneE"/>
  <decor_330 x="1937.6" y="-78.35" rot="0" z="355" dx="0.5018" dy="0.4978" sx="1" sy="1" image="darkStoneE"/>
  <decor_331 x="3167" y="-173.7" rot="0" z="356" dx="0.501" dy="0.5" sx="1" sy="1" image="darkStoneD"/>
  <decor_332 x="1154.8" y="423.15" rot="0" z="357" dx="0.5007" dy="0.4993" sx="1" sy="1" image="darkStoneA"/>
  <decor_333 x="1200.9" y="504.65" rot="0" z="358" dx="0.5009" dy="0.4994" sx="1" sy="1" image="darkStoneB"/>
  <decor_334 x="1271.8" y="511.45" rot="0" z="359" dx="0.5003" dy="0.5" sx="1" sy="1" image="darkStoneC"/>
  <decor_335 x="1697.6" y="-448.9" rot="0" z="360" dx="0.5007" dy="0.4993" sx="1" sy="1" image="darkStoneA"/>
  <decor_336 x="1678.5" y="-495.9" rot="0" z="361" dx="0.5009" dy="0.4994" sx="1" sy="1" image="darkStoneB"/>
  <decor_337 x="1691" y="-546.4" rot="0" z="362" dx="0.5003" dy="0.5" sx="1" sy="1" image="darkStoneC"/>
  <decor_338 x="1870.35" y="-546.4" rot="0" z="363" dx="0.5003" dy="0.5" sx="1" sy="1" image="darkStoneC"/>
  <decor_339 x="1802.1" y="-556.8" rot="0" z="364" dx="0.5009" dy="0.4994" sx="1" sy="1" image="darkStoneB"/>
  <decor_340 x="1766.6" y="-571.8" rot="0" z="365" dx="0.5018" dy="0.4978" sx="1" sy="1" image="darkStoneE"/>
  <decor_341 x="1748.9" y="-550.8" rot="0" z="366" dx="0.501" dy="0.5" sx="1" sy="1" image="darkStoneD"/>
  <decor_342 x="1552.15" y="56.05" rot="0" z="367" dx="0.5009" dy="0.4994" sx="1" sy="1" image="darkStoneB"/>
  <decor_343 x="1622.8" y="2.25" rot="0" z="368" dx="0.5003" dy="0.5" sx="1" sy="1" image="darkStoneC"/>
  <decor_344 x="1556.75" y="188.7" rot="0" z="369" dx="0.5009" dy="0.4994" sx="1" sy="1" image="darkStoneB"/>
  <decor_345 x="1544.75" y="92.5" rot="0" z="370" dx="0.501" dy="0.5" sx="1" sy="1" image="darkStoneD"/>
  <decor_346 x="1545.7" y="141.4" rot="0" z="371" dx="0.5007" dy="0.4993" sx="1" sy="1" image="darkStoneA"/>
  <decor_347 x="1694.05" y="64.65" rot="0" z="372" dx="0.5007" dy="0.4993" sx="1" sy="1" image="darkStoneA"/>
  <decor_348 x="1874.65" y="-8.95" rot="0" z="373" dx="0.501" dy="0.5" sx="1" sy="1" image="darkStoneD"/>
  <decor_349 x="1893.05" y="-88.3" rot="0" z="374" dx="0.5003" dy="0.5" sx="1" sy="1" image="darkStoneC"/>
  <decor_350 x="1564.1" y="372.85" rot="0" z="375" dx="0.5003" dy="0.5" sx="1" sy="1" image="darkStoneC"/>
  <decor_351 x="1538.05" y="396.35" rot="0" z="376" dx="0.5018" dy="0.4978" sx="1" sy="1" image="darkStoneE"/>
  <decor_352 x="1545.6" y="245.65" rot="0" z="377" dx="0.5007" dy="0.4993" sx="1" sy="1" image="darkStoneA"/>
  <decor_353 x="1558.95" y="332.45" rot="0" z="378" dx="0.5007" dy="0.4993" sx="1" sy="1" image="darkStoneA"/>
  <decor_354 x="1555.05" y="287.65" rot="0" z="379" dx="0.5009" dy="0.4994" sx="1" sy="1" image="darkStoneB"/>
  <decor_355 x="1544.9" y="501.85" rot="0" z="380" dx="0.5003" dy="0.5" sx="1" sy="1" image="darkStoneC"/>
  <decor_356 x="1475.15" y="507.4" rot="0" z="381" dx="0.5007" dy="0.4993" sx="1" sy="1" image="darkStoneA"/>
  <decor_357 x="1331.45" y="498.15" rot="0" z="382" dx="0.501" dy="0.5" sx="1" sy="1" image="darkStoneD"/>
  <decor_358 x="1368.45" y="508.7" rot="0" z="383" dx="0.5009" dy="0.4994" sx="1" sy="1" image="darkStoneB"/>
  <decor_359 x="1425.45" y="498.15" rot="0" z="384" dx="0.501" dy="0.5" sx="1" sy="1" image="darkStoneD"/>
  <decor_360 x="1879.9" y="-493.15" rot="0" z="385" dx="0.5007" dy="0.4993" sx="1" sy="1" image="darkStoneA"/>
  <decor_361 x="1885.3" y="-444.55" rot="0" z="386" dx="0.5009" dy="0.4994" sx="1" sy="1" image="darkStoneB"/>
  <decor_362 x="1881.9" y="-384.45" rot="0" z="387" dx="0.5007" dy="0.4993" sx="1" sy="1" image="darkStoneA"/>
  <decor_363 x="1876.6" y="-414.2" rot="0" z="388" dx="0.5018" dy="0.4978" sx="1" sy="1" image="darkStoneE"/>
  <decor_364 x="1901.55" y="-349.1" rot="0" z="389" dx="0.501" dy="0.5" sx="1" sy="1" image="darkStoneD"/>
  <decor_365 x="2006.55" y="-321.8" rot="0" z="390" dx="0.5003" dy="0.5" sx="1" sy="1" image="darkStoneC"/>
  <decor_366 x="1939.45" y="-317.05" rot="0" z="391" dx="0.5007" dy="0.4993" sx="1" sy="1" image="darkStoneA"/>
  <decor_367 x="1969.95" y="-309" rot="0" z="392" dx="0.5018" dy="0.4978" sx="1" sy="1" image="darkStoneE"/>
  <playerBall x="1785" y="-435.35" rot="0" type="2" den="1" frc="0.15" rst="0" sens="false" geom="0" z="394" dx="0.4824" dy="0.43" category="100" mask="65533">
    <radius>40</radius>
  </playerBall>
  <door0 x="1785" y="-149.9" rot="0" type="0" den="0" frc="0.4" rst="0" sens="false" geom="2" z="92" dx="0.5014" dy="0.9181" check="10">
    <p0>
      <v0 x="45" y="0"/>
      <v1 x="45" y="20"/>
      <v2 x="-45" y="20"/>
      <v3 x="-45" y="0"/>
    </p0>
  </door0>
  <key0 x="3060.1" y="-209.95" rot="0" type="0" den="0" frc="0" rst="0" sens="true" geom="2" z="394" dx="0.5033" dy="0.4983">
    <p0>
      <v0 x="-18" y="18"/>
      <v1 x="-18" y="-18"/>
      <v2 x="18" y="-18"/>
      <v3 x="18" y="18"/>
    </p0>
  </key0>
  <star1 x="1410.15" y="-120" rot="0" type="0" den="0" frc="0" rst="0" sens="true" geom="0" z="50" dx="0.494" dy="0.5008">
    <radius>20</radius>
  </star1>
  <star2 x="1470.1" y="30" rot="0" type="0" den="0" frc="0" rst="0" sens="true" geom="0" z="50" dx="0.494" dy="0.5008">
    <radius>20</radius>
  </star2>
  <star3 x="1410.15" y="180" rot="0" type="0" den="0" frc="0" rst="0" sens="true" geom="0" z="50" dx="0.494" dy="0.5008">
    <radius>20</radius>
  </star3>
  <star4 x="1470.1" y="330" rot="0" type="0" den="0" frc="0" rst="0" sens="true" geom="0" z="50" dx="0.494" dy="0.5008">
    <radius>20</radius>
  </star4>
  <star5 x="2413.9" y="-100.5" rot="0" type="0" den="0" frc="0" rst="0" sens="true" geom="0" z="50" dx="0.494" dy="0.5008">
    <radius>20</radius>
  </star5>
  <star6 x="2714.85" y="-100.5" rot="0" type="0" den="0" frc="0" rst="0" sens="true" geom="0" z="50" dx="0.494" dy="0.5008">
    <radius>20</radius>
  </star6>
  <body_12 x="0" y="0" rot="0" type="0" den="0" frc="0.4" rst="0" sens="false" geom="1">
    <v0 x="2910" y="-269.65"/>
    <v1 x="2910" y="-360"/>
    <v2 x="3000" y="-360"/>
    <v3 x="3000" y="-269.6"/>
    <v4 x="3011.8" y="-269.6"/>
    <v5 x="3041.8" y="-269.65"/>
    <v6 x="3120" y="-269.85"/>
    <v7 x="3120" y="-149.6"/>
    <v8 x="2819.6" y="-149.6"/>
    <v9 x="2819.6" y="-69.6"/>
    <v10 x="2309.6" y="-69.6"/>
    <v11 x="2309.6" y="-149.6"/>
    <v12 x="1830" y="-149.85"/>
    <v13 x="1830" y="120"/>
    <v14 x="1740" y="120"/>
    <v15 x="1740" y="-149.9"/>
    <v16 x="1499.95" y="-150"/>
    <v17 x="1499.95" y="450"/>
    <v18 x="1199.95" y="450"/>
    <v19 x="1200" y="360"/>
    <v20 x="1379.95" y="360"/>
    <v21 x="1379.95" y="-270"/>
    <v22 x="1739.95" y="-270"/>
    <v23 x="1739.95" y="-510"/>
    <v24 x="1830" y="-510"/>
    <v25 x="1830" y="-270"/>
    <v26 x="1957.85" y="-270"/>
    <v27 x="2130" y="-269.95"/>
    <v28 x="2130" y="-360"/>
    <v29 x="2218.9" y="-360"/>
    <v30 x="2220" y="-270"/>
    <v31 x="2234.85" y="-269.95"/>
    <v32 x="2250.85" y="-269.9"/>
    <v33 x="2266.85" y="-269.9"/>
    <v34 x="2528.85" y="-269.8"/>
    <v35 x="2689.85" y="-269.7"/>
    <v36 x="2830.8" y="-269.65"/>
    <v37 x="2892.8" y="-269.65"/>
  </body_12>
  <stairs_0 x="0" y="0" rot="0" type="0" den="0" frc="0" rst="0" sens="true" geom="2">
    <p0>
      <v0 x="1379.95" y="-270"/>
      <v1 x="1410" y="-270"/>
      <v2 x="1410" y="360"/>
      <v3 x="1379.95" y="360"/>
    </p0>
  </stairs_0>
  <stairs_1 x="0" y="0" rot="0" type="0" den="0" frc="0" rst="0" sens="true" geom="2">
    <p0>
      <v0 x="1470" y="-150"/>
      <v1 x="1499.95" y="-150"/>
      <v2 x="1499.95" y="450"/>
      <v3 x="1470" y="450"/>
    </p0>
  </stairs_1>
  <emitter_0 x="1409.95" y="-255" rot="-89.9948" type="0" den="0" frc="0" rst="0" sens="true" geom="2" dx="0" dy="0.5" z="393" startDelay="0" to_0="0.5" to_1="0.5" to_2="4">
    <p0>
      <v0 x="60" y="-15"/>
      <v1 x="60" y="15"/>
      <v2 x="45" y="0"/>
    </p0>
  </emitter_0>
  <emitter_1 x="1469.9" y="-255" rot="-89.9948" type="0" den="0" frc="0" rst="0" sens="true" geom="2" dx="0" dy="0.5" z="393" startDelay="2.5" to_0="0.5" to_1="0.5" to_2="4">
    <p0>
      <v0 x="60" y="-15"/>
      <v1 x="60" y="15"/>
      <v2 x="45" y="0"/>
    </p0>
  </emitter_1>
  <emitter_2 x="2324.9" y="-134.6" rot="180" type="0" den="0" frc="0" rst="0" sens="true" geom="2" dx="0" dy="0.5" z="393" startDelay="0" to_0="2">
    <p0>
      <v0 x="60" y="-15"/>
      <v1 x="60" y="15"/>
      <v2 x="45" y="0"/>
    </p0>
  </emitter_2>
  <emitter_3 x="2804.75" y="-134.6" rot="0" type="0" den="0" frc="0" rst="0" sens="true" geom="2" dx="0" dy="0.5" z="393" startDelay="0" to_0="2">
    <p0>
      <v0 x="60" y="-15"/>
      <v1 x="60" y="15"/>
      <v2 x="45" y="0"/>
    </p0>
  </emitter_3>
  <boom71 x="2173.45" y="-300" rot="0" type="2" den="1" frc="0.5" rst="0" sens="false" geom="2" z="406" dx="0.5" dy="0.5" x1="0" x2="0" phase="2">
    <p0>
      <v0 x="12.25" y="-17.75"/>
      <v1 x="16.95" y="-16.95"/>
      <v2 x="17.75" y="-11.95"/>
      <v3 x="17.75" y="11.95"/>
      <v4 x="17" y="17.1"/>
      <v5 x="12.25" y="17.75"/>
      <v6 x="-12" y="17.75"/>
      <v7 x="-16.9" y="16.85"/>
      <v8 x="-17.75" y="12.4"/>
      <v9 x="-17.75" y="-12"/>
      <v10 x="-17.1" y="-17"/>
      <v11 x="-12.75" y="-17.75"/>
    </p0>
  </boom71>
  <boom73 x="2954.3" y="-300" rot="0" type="2" den="1" frc="0.5" rst="0" sens="false" geom="2" z="407" dx="0.5" dy="0.5" x1="0" x2="0" phase="2">
    <p0>
      <v0 x="12.25" y="-17.75"/>
      <v1 x="16.95" y="-16.95"/>
      <v2 x="17.75" y="-11.95"/>
      <v3 x="17.75" y="11.95"/>
      <v4 x="17" y="17.1"/>
      <v5 x="12.25" y="17.75"/>
      <v6 x="-12" y="17.75"/>
      <v7 x="-16.9" y="16.85"/>
      <v8 x="-17.75" y="12.4"/>
      <v9 x="-17.75" y="-12"/>
      <v10 x="-17.1" y="-17"/>
      <v11 x="-12.75" y="-17.75"/>
    </p0>
  </boom73>
  <door1 x="1919.65" y="-209.6" rot="0" type="0" den="0" frc="0.4" rst="0" sens="false" geom="2" z="93" dx="0.1297" dy="0.4983" check="1">
    <p0>
      <v0 x="0" y="-55"/>
      <v1 x="12" y="-55"/>
      <v2 x="12" y="55"/>
      <v3 x="0" y="55"/>
    </p0>
  </door1>
  <key1 x="1246.1" y="406.05" rot="0" type="0" den="0" frc="0" rst="0" sens="true" geom="2" z="396" dx="0.5033" dy="0.4983">
    <p0>
      <v0 x="-18" y="18"/>
      <v1 x="-18" y="-18"/>
      <v2 x="18" y="-18"/>
      <v3 x="18" y="18"/>
    </p0>
  </key1>
  <door22 x="2175.45" y="-284.65" rot="89.9948" type="0" den="0" frc="0.4" rst="0" sens="false" geom="2" z="95" dx="0.0137" dy="0.5009" check="2">
    <p0>
      <v0 x="0" y="-55"/>
      <v1 x="12" y="-55"/>
      <v2 x="12" y="55"/>
      <v3 x="0" y="55"/>
    </p0>
  </door22>
  <key21 x="2580.1" y="-229.65" rot="0" type="0" den="0" frc="0" rst="0" sens="true" geom="2" z="405" dx="0.5033" dy="0.4983">
    <p0>
      <v0 x="-18" y="18"/>
      <v1 x="-18" y="-18"/>
      <v2 x="18" y="-18"/>
      <v3 x="18" y="18"/>
    </p0>
  </key21>
  <key22 x="2580.1" y="-169.65" rot="0" type="0" den="0" frc="0" rst="0" sens="true" geom="2" z="404" dx="0.5033" dy="0.4983">
    <p0>
      <v0 x="-18" y="18"/>
      <v1 x="-18" y="-18"/>
      <v2 x="18" y="-18"/>
      <v3 x="18" y="18"/>
    </p0>
  </key22>
  <key23 x="2580.1" y="-109.65" rot="0" type="0" den="0" frc="0" rst="0" sens="true" geom="2" z="403" dx="0.5033" dy="0.4983">
    <p0>
      <v0 x="-18" y="18"/>
      <v1 x="-18" y="-18"/>
      <v2 x="18" y="-18"/>
      <v3 x="18" y="18"/>
    </p0>
  </key23>
  <door23 x="2953.05" y="-283.85" rot="89.9948" type="0" den="0" frc="0.4" rst="0" sens="false" geom="2" z="94" dx="0.0137" dy="0.5009" check="2">
    <p0>
      <v0 x="0" y="-55"/>
      <v1 x="12" y="-55"/>
      <v2 x="12" y="55"/>
      <v3 x="0" y="55"/>
    </p0>
  </door23>
  <bossLabel x="1759.2" y="-177.3" rot="0" z="87" dx="0.3285" dy="0.2599" sx="1" sy="1"/>
  <caveMask>
    <p0>
      <v0 x="1739.95" y="-270"/>
      <v1 x="1740" y="-149.9"/>
      <v2 x="1499.95" y="-150"/>
      <v3 x="1379.95" y="-270"/>
    </p0>
    <p1>
      <v0 x="1200" y="360"/>
      <v1 x="1379.95" y="360"/>
      <v2 x="1499.95" y="450"/>
      <v3 x="1199.95" y="450"/>
    </p1>
    <p2>
      <v0 x="1379.95" y="360"/>
      <v1 x="1379.95" y="-270"/>
      <v2 x="1499.95" y="-150"/>
      <v3 x="1499.95" y="450"/>
    </p2>
    <p3>
      <v0 x="1739.95" y="-510"/>
      <v1 x="1830" y="-510"/>
      <v2 x="1830" y="120"/>
      <v3 x="1740" y="120"/>
    </p3>
    <p6>
      <v0 x="2218.9" y="-360"/>
      <v1 x="2220" y="-270"/>
      <v2 x="2130" y="-269.95"/>
      <v3 x="2130" y="-360"/>
    </p6>
    <p10>
      <v0 x="2689.85" y="-269.7"/>
      <v1 x="2830.8" y="-269.65"/>
      <v2 x="1830" y="-149.85"/>
      <v3 x="1830" y="-270"/>
    </p10>
    <p11>
      <v0 x="2830.8" y="-269.65"/>
      <v1 x="2910" y="-269.65"/>
      <v2 x="2309.6" y="-149.6"/>
      <v3 x="1830" y="-149.85"/>
    </p11>
    <p12>
      <v0 x="2309.6" y="-149.6"/>
      <v1 x="2910" y="-269.65"/>
      <v2 x="2819.6" y="-149.6"/>
      <v3 x="2309.6" y="-69.6"/>
    </p12>
    <p13>
      <v0 x="2819.6" y="-69.6"/>
      <v1 x="2309.6" y="-69.6"/>
      <v2 x="2819.6" y="-149.6"/>
    </p13>
    <p14>
      <v0 x="2819.6" y="-149.6"/>
      <v1 x="2910" y="-269.65"/>
      <v2 x="3000" y="-269.6"/>
      <v3 x="3120" y="-149.6"/>
    </p14>
    <p15>
      <v0 x="3120" y="-269.85"/>
      <v1 x="3120" y="-149.6"/>
      <v2 x="3041.8" y="-269.65"/>
    </p15>
    <p16>
      <v0 x="3041.8" y="-269.65"/>
      <v1 x="3120" y="-149.6"/>
      <v2 x="3011.8" y="-269.6"/>
    </p16>
    <p17>
      <v0 x="3011.8" y="-269.6"/>
      <v1 x="3120" y="-149.6"/>
      <v2 x="3000" y="-269.6"/>
    </p17>
    <p18>
      <v0 x="3000" y="-269.6"/>
      <v1 x="2910" y="-269.65"/>
      <v2 x="2910" y="-360"/>
      <v3 x="3000" y="-360"/>
    </p18>
  </caveMask>
</level_74>
