<level_68>
  <checkPoints>
    <p0 x="3043.15" y="-1380"/>
    <p1 x="3218" y="-1040"/>
    <p2 x="3760" y="-885"/>
  </checkPoints>
  <viewPoints>
    <p0 x="2189.95" f="0.5" h="-810"/>
    <p1 x="4140.15" f="0.5" h="-810"/>
  </viewPoints>
  <joints/>
  <frame x="2189.95" y="-1470.1" w="1950.2" h="719.4"/>
  <frameLeft x="0" y="0" rot="0" type="0" den="0" frc="0" rst="0" sens="false" geom="1" category="65535" mask="65535">
    <v0 x="2189.95" y="-1470.1"/>
    <v1 x="2189.95" y="-750.7"/>
  </frameLeft>
  <frameRight x="0" y="0" rot="0" type="0" den="0" frc="0" rst="0" sens="false" geom="1" category="65535" mask="65239">
    <v0 x="4140.15" y="-750.7"/>
    <v1 x="4140.15" y="-1470.1"/>
  </frameRight>
  <thorn0 x="3958.55" y="-1023.9" rot="89.9843" type="0" den="0" frc="0.4" rst="0" sens="true" geom="2" z="203" dx="0.5078" dy="0.1717">
    <p0>
      <v0 x="-5.5" y="0"/>
      <v1 x="0.7" y="-14.8"/>
      <v2 x="5.5" y="0"/>
    </p0>
  </thorn0>
  <thorn1 x="3958.55" y="-1035.3" rot="89.9843" type="0" den="0" frc="0.4" rst="0" sens="true" geom="2" z="204" dx="0.5078" dy="0.1717">
    <p0>
      <v0 x="-5.5" y="0"/>
      <v1 x="0.7" y="-14.8"/>
      <v2 x="5.5" y="0"/>
    </p0>
  </thorn1>
  <thorn2 x="3958.5" y="-1068.65" rot="89.9843" type="0" den="0" frc="0.4" rst="0" sens="true" geom="2" z="205" dx="0.5078" dy="0.1717">
    <p0>
      <v0 x="-5.5" y="0"/>
      <v1 x="0.7" y="-14.8"/>
      <v2 x="5.5" y="0"/>
    </p0>
  </thorn2>
  <thorn3 x="3958.5" y="-1057.9" rot="89.9843" type="0" den="0" frc="0.4" rst="0" sens="true" geom="2" z="206" dx="0.5078" dy="0.1717">
    <p0>
      <v0 x="-5.5" y="0"/>
      <v1 x="0.7" y="-14.8"/>
      <v2 x="5.5" y="0"/>
    </p0>
  </thorn3>
  <thorn4 x="3958.55" y="-1046.4" rot="89.9843" type="0" den="0" frc="0.4" rst="0" sens="true" geom="2" z="207" dx="0.5078" dy="0.1717">
    <p0>
      <v0 x="-5.5" y="0"/>
      <v1 x="0.7" y="-14.8"/>
      <v2 x="5.5" y="0"/>
    </p0>
  </thorn4>
  <thorn5 x="3958.55" y="-1079.4" rot="89.9843" type="0" den="0" frc="0.4" rst="0" sens="true" geom="2" z="208" dx="0.5078" dy="0.1717">
    <p0>
      <v0 x="-5.5" y="0"/>
      <v1 x="0.7" y="-14.8"/>
      <v2 x="5.5" y="0"/>
    </p0>
  </thorn5>
  <thorn6 x="3958.55" y="-1090.8" rot="89.9843" type="0" den="0" frc="0.4" rst="0" sens="true" geom="2" z="209" dx="0.5078" dy="0.1717">
    <p0>
      <v0 x="-5.5" y="0"/>
      <v1 x="0.7" y="-14.8"/>
      <v2 x="5.5" y="0"/>
    </p0>
  </thorn6>
  <thorn7 x="3958.5" y="-1124.15" rot="89.9843" type="0" den="0" frc="0.4" rst="0" sens="true" geom="2" z="210" dx="0.5078" dy="0.1717">
    <p0>
      <v0 x="-5.5" y="0"/>
      <v1 x="0.7" y="-14.8"/>
      <v2 x="5.5" y="0"/>
    </p0>
  </thorn7>
  <thorn8 x="3958.5" y="-1113.4" rot="89.9843" type="0" den="0" frc="0.4" rst="0" sens="true" geom="2" z="211" dx="0.5078" dy="0.1717">
    <p0>
      <v0 x="-5.5" y="0"/>
      <v1 x="0.7" y="-14.8"/>
      <v2 x="5.5" y="0"/>
    </p0>
  </thorn8>
  <thorn9 x="3958.55" y="-1101.9" rot="89.9843" type="0" den="0" frc="0.4" rst="0" sens="true" geom="2" z="212" dx="0.5078" dy="0.1717">
    <p0>
      <v0 x="-5.5" y="0"/>
      <v1 x="0.7" y="-14.8"/>
      <v2 x="5.5" y="0"/>
    </p0>
  </thorn9>
  <thorn10 x="3958.55" y="-1135.4" rot="89.9843" type="0" den="0" frc="0.4" rst="0" sens="true" geom="2" z="213" dx="0.5078" dy="0.1717">
    <p0>
      <v0 x="-5.5" y="0"/>
      <v1 x="0.7" y="-14.8"/>
      <v2 x="5.5" y="0"/>
    </p0>
  </thorn10>
  <thorn11 x="3958.55" y="-1146.8" rot="89.9843" type="0" den="0" frc="0.4" rst="0" sens="true" geom="2" z="214" dx="0.5078" dy="0.1717">
    <p0>
      <v0 x="-5.5" y="0"/>
      <v1 x="0.7" y="-14.8"/>
      <v2 x="5.5" y="0"/>
    </p0>
  </thorn11>
  <thorn12 x="3958.5" y="-1180.15" rot="89.9843" type="0" den="0" frc="0.4" rst="0" sens="true" geom="2" z="215" dx="0.5078" dy="0.1717">
    <p0>
      <v0 x="-5.5" y="0"/>
      <v1 x="0.7" y="-14.8"/>
      <v2 x="5.5" y="0"/>
    </p0>
  </thorn12>
  <thorn13 x="3958.5" y="-1169.4" rot="89.9843" type="0" den="0" frc="0.4" rst="0" sens="true" geom="2" z="216" dx="0.5078" dy="0.1717">
    <p0>
      <v0 x="-5.5" y="0"/>
      <v1 x="0.7" y="-14.8"/>
      <v2 x="5.5" y="0"/>
    </p0>
  </thorn13>
  <thorn14 x="3958.55" y="-1157.9" rot="89.9843" type="0" den="0" frc="0.4" rst="0" sens="true" geom="2" z="217" dx="0.5078" dy="0.1717">
    <p0>
      <v0 x="-5.5" y="0"/>
      <v1 x="0.7" y="-14.8"/>
      <v2 x="5.5" y="0"/>
    </p0>
  </thorn14>
  <thorn15 x="3958.55" y="-1190.9" rot="89.9843" type="0" den="0" frc="0.4" rst="0" sens="true" geom="2" z="218" dx="0.5078" dy="0.1717">
    <p0>
      <v0 x="-5.5" y="0"/>
      <v1 x="0.7" y="-14.8"/>
      <v2 x="5.5" y="0"/>
    </p0>
  </thorn15>
  <thorn16 x="3958.55" y="-1202.3" rot="89.9843" type="0" den="0" frc="0.4" rst="0" sens="true" geom="2" z="219" dx="0.5078" dy="0.1717">
    <p0>
      <v0 x="-5.5" y="0"/>
      <v1 x="0.7" y="-14.8"/>
      <v2 x="5.5" y="0"/>
    </p0>
  </thorn16>
  <thorn17 x="3958.5" y="-1235.65" rot="89.9843" type="0" den="0" frc="0.4" rst="0" sens="true" geom="2" z="220" dx="0.5078" dy="0.1717">
    <p0>
      <v0 x="-5.5" y="0"/>
      <v1 x="0.7" y="-14.8"/>
      <v2 x="5.5" y="0"/>
    </p0>
  </thorn17>
  <thorn18 x="3958.5" y="-1224.9" rot="89.9843" type="0" den="0" frc="0.4" rst="0" sens="true" geom="2" z="221" dx="0.5078" dy="0.1717">
    <p0>
      <v0 x="-5.5" y="0"/>
      <v1 x="0.7" y="-14.8"/>
      <v2 x="5.5" y="0"/>
    </p0>
  </thorn18>
  <thorn19 x="3958.55" y="-1213.4" rot="89.9843" type="0" den="0" frc="0.4" rst="0" sens="true" geom="2" z="222" dx="0.5078" dy="0.1717">
    <p0>
      <v0 x="-5.5" y="0"/>
      <v1 x="0.7" y="-14.8"/>
      <v2 x="5.5" y="0"/>
    </p0>
  </thorn19>
  <thorn20 x="3958.55" y="-1246.8" rot="89.9843" type="0" den="0" frc="0.4" rst="0" sens="true" geom="2" z="223" dx="0.5078" dy="0.1717">
    <p0>
      <v0 x="-5.5" y="0"/>
      <v1 x="0.7" y="-14.8"/>
      <v2 x="5.5" y="0"/>
    </p0>
  </thorn20>
  <thorn21 x="3958.5" y="-1280.15" rot="89.9843" type="0" den="0" frc="0.4" rst="0" sens="true" geom="2" z="224" dx="0.5078" dy="0.1717">
    <p0>
      <v0 x="-5.5" y="0"/>
      <v1 x="0.7" y="-14.8"/>
      <v2 x="5.5" y="0"/>
    </p0>
  </thorn21>
  <thorn22 x="3958.5" y="-1269.4" rot="89.9843" type="0" den="0" frc="0.4" rst="0" sens="true" geom="2" z="225" dx="0.5078" dy="0.1717">
    <p0>
      <v0 x="-5.5" y="0"/>
      <v1 x="0.7" y="-14.8"/>
      <v2 x="5.5" y="0"/>
    </p0>
  </thorn22>
  <thorn23 x="3958.55" y="-1257.9" rot="89.9843" type="0" den="0" frc="0.4" rst="0" sens="true" geom="2" z="226" dx="0.5078" dy="0.1717">
    <p0>
      <v0 x="-5.5" y="0"/>
      <v1 x="0.7" y="-14.8"/>
      <v2 x="5.5" y="0"/>
    </p0>
  </thorn23>
  <thorn24 x="3958.5" y="-1312.65" rot="89.9843" type="0" den="0" frc="0.4" rst="0" sens="true" geom="2" z="227" dx="0.5078" dy="0.1717">
    <p0>
      <v0 x="-5.5" y="0"/>
      <v1 x="0.7" y="-14.8"/>
      <v2 x="5.5" y="0"/>
    </p0>
  </thorn24>
  <thorn25 x="3958.5" y="-1301.9" rot="89.9843" type="0" den="0" frc="0.4" rst="0" sens="true" geom="2" z="228" dx="0.5078" dy="0.1717">
    <p0>
      <v0 x="-5.5" y="0"/>
      <v1 x="0.7" y="-14.8"/>
      <v2 x="5.5" y="0"/>
    </p0>
  </thorn25>
  <thorn26 x="3958.55" y="-1290.4" rot="89.9843" type="0" den="0" frc="0.4" rst="0" sens="true" geom="2" z="229" dx="0.5078" dy="0.1717">
    <p0>
      <v0 x="-5.5" y="0"/>
      <v1 x="0.7" y="-14.8"/>
      <v2 x="5.5" y="0"/>
    </p0>
  </thorn26>
  <thorn27 x="3958.55" y="-967.9" rot="89.9843" type="0" den="0" frc="0.4" rst="0" sens="true" geom="2" z="230" dx="0.5078" dy="0.1717">
    <p0>
      <v0 x="-5.5" y="0"/>
      <v1 x="0.7" y="-14.8"/>
      <v2 x="5.5" y="0"/>
    </p0>
  </thorn27>
  <thorn28 x="3958.55" y="-979.3" rot="89.9843" type="0" den="0" frc="0.4" rst="0" sens="true" geom="2" z="231" dx="0.5078" dy="0.1717">
    <p0>
      <v0 x="-5.5" y="0"/>
      <v1 x="0.7" y="-14.8"/>
      <v2 x="5.5" y="0"/>
    </p0>
  </thorn28>
  <thorn29 x="3958.5" y="-1012.65" rot="89.9843" type="0" den="0" frc="0.4" rst="0" sens="true" geom="2" z="232" dx="0.5078" dy="0.1717">
    <p0>
      <v0 x="-5.5" y="0"/>
      <v1 x="0.7" y="-14.8"/>
      <v2 x="5.5" y="0"/>
    </p0>
  </thorn29>
  <thorn30 x="3958.5" y="-1001.9" rot="89.9843" type="0" den="0" frc="0.4" rst="0" sens="true" geom="2" z="233" dx="0.5078" dy="0.1717">
    <p0>
      <v0 x="-5.5" y="0"/>
      <v1 x="0.7" y="-14.8"/>
      <v2 x="5.5" y="0"/>
    </p0>
  </thorn30>
  <thorn31 x="3958.55" y="-990.4" rot="89.9843" type="0" den="0" frc="0.4" rst="0" sens="true" geom="2" z="234" dx="0.5078" dy="0.1717">
    <p0>
      <v0 x="-5.5" y="0"/>
      <v1 x="0.7" y="-14.8"/>
      <v2 x="5.5" y="0"/>
    </p0>
  </thorn31>
  <thorn32 x="2784.2" y="-899.3" rot="-0.0105" type="0" den="0" frc="0.4" rst="0" sens="true" geom="2" z="235" dx="0.5078" dy="0.1717">
    <p0>
      <v0 x="-5.5" y="0"/>
      <v1 x="0.7" y="-14.8"/>
      <v2 x="5.5" y="0"/>
    </p0>
  </thorn32>
  <thorn33 x="2772.8" y="-899.3" rot="-0.0105" type="0" den="0" frc="0.4" rst="0" sens="true" geom="2" z="236" dx="0.5078" dy="0.1717">
    <p0>
      <v0 x="-5.5" y="0"/>
      <v1 x="0.7" y="-14.8"/>
      <v2 x="5.5" y="0"/>
    </p0>
  </thorn33>
  <thorn34 x="2739.45" y="-899.25" rot="-0.0105" type="0" den="0" frc="0.4" rst="0" sens="true" geom="2" z="237" dx="0.5078" dy="0.1717">
    <p0>
      <v0 x="-5.5" y="0"/>
      <v1 x="0.7" y="-14.8"/>
      <v2 x="5.5" y="0"/>
    </p0>
  </thorn34>
  <thorn35 x="2750.2" y="-899.25" rot="-0.0105" type="0" den="0" frc="0.4" rst="0" sens="true" geom="2" z="238" dx="0.5078" dy="0.1717">
    <p0>
      <v0 x="-5.5" y="0"/>
      <v1 x="0.7" y="-14.8"/>
      <v2 x="5.5" y="0"/>
    </p0>
  </thorn35>
  <thorn36 x="2761.7" y="-899.3" rot="-0.0105" type="0" den="0" frc="0.4" rst="0" sens="true" geom="2" z="239" dx="0.5078" dy="0.1717">
    <p0>
      <v0 x="-5.5" y="0"/>
      <v1 x="0.7" y="-14.8"/>
      <v2 x="5.5" y="0"/>
    </p0>
  </thorn36>
  <thorn37 x="2728.7" y="-899.3" rot="-0.0105" type="0" den="0" frc="0.4" rst="0" sens="true" geom="2" z="240" dx="0.5078" dy="0.1717">
    <p0>
      <v0 x="-5.5" y="0"/>
      <v1 x="0.7" y="-14.8"/>
      <v2 x="5.5" y="0"/>
    </p0>
  </thorn37>
  <thorn38 x="2717.3" y="-899.3" rot="-0.0105" type="0" den="0" frc="0.4" rst="0" sens="true" geom="2" z="241" dx="0.5078" dy="0.1717">
    <p0>
      <v0 x="-5.5" y="0"/>
      <v1 x="0.7" y="-14.8"/>
      <v2 x="5.5" y="0"/>
    </p0>
  </thorn38>
  <thorn39 x="2683.95" y="-899.25" rot="-0.0105" type="0" den="0" frc="0.4" rst="0" sens="true" geom="2" z="242" dx="0.5078" dy="0.1717">
    <p0>
      <v0 x="-5.5" y="0"/>
      <v1 x="0.7" y="-14.8"/>
      <v2 x="5.5" y="0"/>
    </p0>
  </thorn39>
  <thorn40 x="2694.7" y="-899.25" rot="-0.0105" type="0" den="0" frc="0.4" rst="0" sens="true" geom="2" z="243" dx="0.5078" dy="0.1717">
    <p0>
      <v0 x="-5.5" y="0"/>
      <v1 x="0.7" y="-14.8"/>
      <v2 x="5.5" y="0"/>
    </p0>
  </thorn40>
  <thorn41 x="2706.2" y="-899.3" rot="-0.0105" type="0" den="0" frc="0.4" rst="0" sens="true" geom="2" z="244" dx="0.5078" dy="0.1717">
    <p0>
      <v0 x="-5.5" y="0"/>
      <v1 x="0.7" y="-14.8"/>
      <v2 x="5.5" y="0"/>
    </p0>
  </thorn41>
  <thorn42 x="2672.7" y="-899.3" rot="-0.0105" type="0" den="0" frc="0.4" rst="0" sens="true" geom="2" z="245" dx="0.5078" dy="0.1717">
    <p0>
      <v0 x="-5.5" y="0"/>
      <v1 x="0.7" y="-14.8"/>
      <v2 x="5.5" y="0"/>
    </p0>
  </thorn42>
  <thorn43 x="2661.3" y="-899.3" rot="-0.0105" type="0" den="0" frc="0.4" rst="0" sens="true" geom="2" z="246" dx="0.5078" dy="0.1717">
    <p0>
      <v0 x="-5.5" y="0"/>
      <v1 x="0.7" y="-14.8"/>
      <v2 x="5.5" y="0"/>
    </p0>
  </thorn43>
  <thorn44 x="2627.95" y="-899.3" rot="-0.0105" type="0" den="0" frc="0.4" rst="0" sens="true" geom="2" z="247" dx="0.5078" dy="0.1717">
    <p0>
      <v0 x="-5.5" y="0"/>
      <v1 x="0.7" y="-14.8"/>
      <v2 x="5.5" y="0"/>
    </p0>
  </thorn44>
  <thorn45 x="2638.7" y="-899.3" rot="-0.0105" type="0" den="0" frc="0.4" rst="0" sens="true" geom="2" z="248" dx="0.5078" dy="0.1717">
    <p0>
      <v0 x="-5.5" y="0"/>
      <v1 x="0.7" y="-14.8"/>
      <v2 x="5.5" y="0"/>
    </p0>
  </thorn45>
  <thorn46 x="2650.2" y="-899.3" rot="-0.0105" type="0" den="0" frc="0.4" rst="0" sens="true" geom="2" z="249" dx="0.5078" dy="0.1717">
    <p0>
      <v0 x="-5.5" y="0"/>
      <v1 x="0.7" y="-14.8"/>
      <v2 x="5.5" y="0"/>
    </p0>
  </thorn46>
  <thorn47 x="2617.2" y="-899.35" rot="-0.0105" type="0" den="0" frc="0.4" rst="0" sens="true" geom="2" z="250" dx="0.5078" dy="0.1717">
    <p0>
      <v0 x="-5.5" y="0"/>
      <v1 x="0.7" y="-14.8"/>
      <v2 x="5.5" y="0"/>
    </p0>
  </thorn47>
  <thorn48 x="2605.8" y="-899.35" rot="-0.0105" type="0" den="0" frc="0.4" rst="0" sens="true" geom="2" z="251" dx="0.5078" dy="0.1717">
    <p0>
      <v0 x="-5.5" y="0"/>
      <v1 x="0.7" y="-14.8"/>
      <v2 x="5.5" y="0"/>
    </p0>
  </thorn48>
  <thorn49 x="2572.45" y="-899.3" rot="-0.0105" type="0" den="0" frc="0.4" rst="0" sens="true" geom="2" z="252" dx="0.5078" dy="0.1717">
    <p0>
      <v0 x="-5.5" y="0"/>
      <v1 x="0.7" y="-14.8"/>
      <v2 x="5.5" y="0"/>
    </p0>
  </thorn49>
  <thorn50 x="2583.2" y="-899.3" rot="-0.0105" type="0" den="0" frc="0.4" rst="0" sens="true" geom="2" z="253" dx="0.5078" dy="0.1717">
    <p0>
      <v0 x="-5.5" y="0"/>
      <v1 x="0.7" y="-14.8"/>
      <v2 x="5.5" y="0"/>
    </p0>
  </thorn50>
  <thorn51 x="2594.7" y="-899.35" rot="-0.0105" type="0" den="0" frc="0.4" rst="0" sens="true" geom="2" z="254" dx="0.5078" dy="0.1717">
    <p0>
      <v0 x="-5.5" y="0"/>
      <v1 x="0.7" y="-14.8"/>
      <v2 x="5.5" y="0"/>
    </p0>
  </thorn51>
  <thorn52 x="2561.3" y="-899.35" rot="-0.0105" type="0" den="0" frc="0.4" rst="0" sens="true" geom="2" z="255" dx="0.5078" dy="0.1717">
    <p0>
      <v0 x="-5.5" y="0"/>
      <v1 x="0.7" y="-14.8"/>
      <v2 x="5.5" y="0"/>
    </p0>
  </thorn52>
  <thorn53 x="2527.95" y="-899.3" rot="-0.0105" type="0" den="0" frc="0.4" rst="0" sens="true" geom="2" z="256" dx="0.5078" dy="0.1717">
    <p0>
      <v0 x="-5.5" y="0"/>
      <v1 x="0.7" y="-14.8"/>
      <v2 x="5.5" y="0"/>
    </p0>
  </thorn53>
  <thorn54 x="2538.7" y="-899.3" rot="-0.0105" type="0" den="0" frc="0.4" rst="0" sens="true" geom="2" z="257" dx="0.5078" dy="0.1717">
    <p0>
      <v0 x="-5.5" y="0"/>
      <v1 x="0.7" y="-14.8"/>
      <v2 x="5.5" y="0"/>
    </p0>
  </thorn54>
  <thorn55 x="2550.2" y="-899.35" rot="-0.0105" type="0" den="0" frc="0.4" rst="0" sens="true" geom="2" z="258" dx="0.5078" dy="0.1717">
    <p0>
      <v0 x="-5.5" y="0"/>
      <v1 x="0.7" y="-14.8"/>
      <v2 x="5.5" y="0"/>
    </p0>
  </thorn55>
  <thorn56 x="2495.45" y="-899.3" rot="-0.0105" type="0" den="0" frc="0.4" rst="0" sens="true" geom="2" z="259" dx="0.5078" dy="0.1717">
    <p0>
      <v0 x="-5.5" y="0"/>
      <v1 x="0.7" y="-14.8"/>
      <v2 x="5.5" y="0"/>
    </p0>
  </thorn56>
  <thorn57 x="2506.2" y="-899.3" rot="-0.0105" type="0" den="0" frc="0.4" rst="0" sens="true" geom="2" z="260" dx="0.5078" dy="0.1717">
    <p0>
      <v0 x="-5.5" y="0"/>
      <v1 x="0.7" y="-14.8"/>
      <v2 x="5.5" y="0"/>
    </p0>
  </thorn57>
  <thorn58 x="2517.7" y="-899.35" rot="-0.0105" type="0" den="0" frc="0.4" rst="0" sens="true" geom="2" z="261" dx="0.5078" dy="0.1717">
    <p0>
      <v0 x="-5.5" y="0"/>
      <v1 x="0.7" y="-14.8"/>
      <v2 x="5.5" y="0"/>
    </p0>
  </thorn58>
  <thorn59 x="2862.2" y="-899.3" rot="-0.0105" type="0" den="0" frc="0.4" rst="0" sens="true" geom="2" z="262" dx="0.5078" dy="0.1717">
    <p0>
      <v0 x="-5.5" y="0"/>
      <v1 x="0.7" y="-14.8"/>
      <v2 x="5.5" y="0"/>
    </p0>
  </thorn59>
  <thorn60 x="2850.8" y="-899.3" rot="-0.0105" type="0" den="0" frc="0.4" rst="0" sens="true" geom="2" z="263" dx="0.5078" dy="0.1717">
    <p0>
      <v0 x="-5.5" y="0"/>
      <v1 x="0.7" y="-14.8"/>
      <v2 x="5.5" y="0"/>
    </p0>
  </thorn60>
  <thorn61 x="2817.45" y="-899.25" rot="-0.0105" type="0" den="0" frc="0.4" rst="0" sens="true" geom="2" z="264" dx="0.5078" dy="0.1717">
    <p0>
      <v0 x="-5.5" y="0"/>
      <v1 x="0.7" y="-14.8"/>
      <v2 x="5.5" y="0"/>
    </p0>
  </thorn61>
  <thorn62 x="2828.2" y="-899.25" rot="-0.0105" type="0" den="0" frc="0.4" rst="0" sens="true" geom="2" z="265" dx="0.5078" dy="0.1717">
    <p0>
      <v0 x="-5.5" y="0"/>
      <v1 x="0.7" y="-14.8"/>
      <v2 x="5.5" y="0"/>
    </p0>
  </thorn62>
  <thorn63 x="2839.7" y="-899.3" rot="-0.0105" type="0" den="0" frc="0.4" rst="0" sens="true" geom="2" z="266" dx="0.5078" dy="0.1717">
    <p0>
      <v0 x="-5.5" y="0"/>
      <v1 x="0.7" y="-14.8"/>
      <v2 x="5.5" y="0"/>
    </p0>
  </thorn63>
  <thorn64 x="2806.7" y="-899.3" rot="-0.0105" type="0" den="0" frc="0.4" rst="0" sens="true" geom="2" z="267" dx="0.5078" dy="0.1717">
    <p0>
      <v0 x="-5.5" y="0"/>
      <v1 x="0.7" y="-14.8"/>
      <v2 x="5.5" y="0"/>
    </p0>
  </thorn64>
  <thorn65 x="2795.3" y="-899.3" rot="-0.0105" type="0" den="0" frc="0.4" rst="0" sens="true" geom="2" z="268" dx="0.5078" dy="0.1717">
    <p0>
      <v0 x="-5.5" y="0"/>
      <v1 x="0.7" y="-14.8"/>
      <v2 x="5.5" y="0"/>
    </p0>
  </thorn65>
  <thorn66 x="2872.8" y="-899.65" rot="-0.0105" type="0" den="0" frc="0.4" rst="0" sens="true" geom="2" z="269" dx="0.5078" dy="0.1717">
    <p0>
      <v0 x="-5.5" y="0"/>
      <v1 x="0.7" y="-14.8"/>
      <v2 x="5.5" y="0"/>
    </p0>
  </thorn66>
  <decor_1 x="2564.6" y="-936.15" rot="0" z="26" dx="0.5" dy="0.499" sx="1.2767" sy="1.2767" image="backStones"/>
  <decor_2 x="2325.7" y="-1052.6" rot="0" z="27" dx="0.5" dy="0.499" sx="1.2767" sy="1.2767" image="backStones"/>
  <decor_3 x="3433.8" y="-904.85" rot="0" z="28" dx="0.5" dy="0.499" sx="1.2767" sy="1.2767" image="backStones"/>
  <decor_4 x="3876.25" y="-1345.7" rot="0" z="29" dx="0.5" dy="0.499" sx="0.8943" sy="0.8943" image="backStones"/>
  <decor_5 x="2743.3" y="-921" rot="0" z="30" dx="0.5" dy="0.4988" sx="0.7501" sy="0.7501" image="backStones"/>
  <decor_6 x="2828.2" y="-925.15" rot="180" z="31" dx="0.5" dy="0.501" sx="0.8943" sy="0.8943" image="backStones"/>
  <decor_7 x="3653.85" y="-1040.75" rot="0" z="32" dx="0.5" dy="0.499" sx="0.8272" sy="0.8272" image="backStones"/>
  <decor_8 x="3783.35" y="-1042.5" rot="0" z="33" dx="0.5" dy="0.4986" sx="0.636" sy="0.636" image="backStones"/>
  <decor_9 x="3797.15" y="-896.8" rot="0" z="34" dx="0.5" dy="0.4991" sx="0.9973" sy="0.9973" image="backStones"/>
  <decor_10 x="3573.2" y="-1039.2" rot="0" z="35" dx="0.5" dy="0.4986" sx="0.636" sy="0.636" image="backStones"/>
  <decor_11 x="3686.4" y="-1193.8" rot="0" z="36" dx="0.5" dy="0.499" sx="0.8272" sy="0.8272" image="backStones"/>
  <decor_12 x="3109.85" y="-1046.6" rot="0" z="37" dx="0.5" dy="0.499" sx="0.8943" sy="0.8943" image="backStones"/>
  <decor_13 x="2584.5" y="-1002.65" rot="0" z="38" dx="0.5" dy="0.5" sx="1" sy="0.9793" image="backWood"/>
  <decor_14 x="2332.6" y="-1062.25" rot="0" z="39" dx="0.5" dy="0.5" sx="1" sy="0.4545" image="backWood"/>
  <decor_15 x="3044.1" y="-1185.4" rot="135.9187" z="40" dx="0.5" dy="0.5" sx="1" sy="0.6722" image="backWood"/>
  <decor_16 x="3044.1" y="-1306.9" rot="135.9187" z="41" dx="0.5" dy="0.5" sx="1" sy="0.6722" image="backWood"/>
  <decor_17 x="3044.1" y="-1306.9" rot="45.9187" z="42" dx="0.5" dy="0.5" sx="1" sy="0.6722" image="backWood"/>
  <decor_18 x="3042.25" y="-1435.8" rot="135.9187" z="43" dx="0.5" dy="0.5" sx="1" sy="0.6722" image="backWood"/>
  <decor_19 x="3046.45" y="-1430.65" rot="45.9187" z="44" dx="0.5" dy="0.5" sx="1" sy="0.6722" image="backWood"/>
  <decor_20 x="3044.55" y="-1184.1" rot="45.9187" z="45" dx="0.5" dy="0.5" sx="1" sy="0.6722" image="backWood"/>
  <decor_21 x="3042.5" y="-1121.25" rot="90" z="46" dx="0.5" dy="0.5" sx="1" sy="0.5477" image="backWood"/>
  <decor_22 x="3041.55" y="-1243" rot="90" z="47" dx="0.5" dy="0.5" sx="1" sy="0.5645" image="backWood"/>
  <decor_23 x="3041.55" y="-1369" rot="90" z="48" dx="0.5" dy="0.5" sx="1" sy="0.5645" image="backWood"/>
  <decor_24 x="3999.3" y="-798" rot="140.4563" z="49" dx="0.5" dy="0.5" sx="1" sy="0.6958" image="backWood"/>
  <decor_25 x="4005.8" y="-793.15" rot="36.8055" z="50" dx="0.5" dy="0.5" sx="1" sy="0.6958" image="backWood"/>
  <decor_26 x="4005.75" y="-730.2" rot="90" z="51" dx="0.5" dy="0.5" sx="1" sy="0.5465" image="backWood"/>
  <decor_27 x="3041.55" y="-1485.55" rot="90" z="52" dx="0.5" dy="0.5" sx="1" sy="0.5645" image="backWood"/>
  <decor_28 x="2449.6" y="-1062.25" rot="0" z="53" dx="0.5" dy="0.5" sx="1" sy="0.4545" image="backWood"/>
  <decor_29 x="2805" y="-1002.65" rot="0" z="54" dx="0.5" dy="0.5" sx="1" sy="0.9793" image="backWood"/>
  <decor_30 x="3104.8" y="-1062.25" rot="0" z="55" dx="0.5" dy="0.5" sx="1" sy="0.4545" image="backWood"/>
  <decor_31 x="2989.6" y="-1062.25" rot="0" z="56" dx="0.5" dy="0.5" sx="1" sy="0.4545" image="backWood"/>
  <decor_32 x="3410" y="-918" rot="44.7428" z="57" dx="0.5" dy="0.5" sx="1" sy="0.6958" image="backWood"/>
  <decor_33 x="3400.7" y="-1067.75" rot="134.7424" z="58" dx="0.5" dy="0.5" sx="1" sy="0.6958" image="backWood"/>
  <decor_34 x="3400.7" y="-1067.75" rot="134.7424" z="59" dx="0.5" dy="0.5" sx="1" sy="0.6958" image="backWood"/>
  <decor_35 x="3349.15" y="-1062.25" rot="0" z="60" dx="0.5" dy="0.5" sx="1" sy="0.4545" image="backWood"/>
  <decor_36 x="3407.6" y="-990.1" rot="-90" z="61" dx="0.5" dy="0.5" sx="1" sy="0.4545" image="backWood"/>
  <decor_37 x="3409.2" y="-1209.2" rot="41.5145" z="62" dx="0.5" dy="0.5" sx="1" sy="0.7442" image="backWood"/>
  <decor_38 x="3542.5" y="-1368" rot="-123.6406" z="63" dx="0.5" dy="0.5" sx="0.9999" sy="0.8156" image="backWood"/>
  <decor_39 x="3400.7" y="-1366.75" rot="134.7424" z="64" dx="0.5" dy="0.5" sx="1" sy="0.6958" image="backWood"/>
  <decor_40 x="3465.25" y="-1214.35" rot="0" z="65" dx="0.5" dy="0.5" sx="1" sy="0.4545" image="backWood"/>
  <decor_41 x="3407.6" y="-1140.4" rot="-90" z="66" dx="0.5" dy="0.5" sx="1" sy="0.4545" image="backWood"/>
  <decor_42 x="3465.25" y="-1364.65" rot="0" z="67" dx="0.5" dy="0.5" sx="1" sy="0.4545" image="backWood"/>
  <decor_43 x="3871.4" y="-1367.65" rot="-123.6406" z="68" dx="0.5" dy="0.5" sx="0.9999" sy="0.8156" image="backWood"/>
  <decor_44 x="3949.1" y="-914.65" rot="0" z="69" dx="0.5" dy="0.5" sx="1" sy="0.4545" image="backWood"/>
  <decor_45 x="3999.3" y="-1255.6" rot="140.4563" z="70" dx="0.5" dy="0.5" sx="1" sy="0.6958" image="backWood"/>
  <decor_46 x="4005.8" y="-1250.75" rot="36.8055" z="71" dx="0.5" dy="0.5" sx="1" sy="0.6958" image="backWood"/>
  <decor_47 x="3999.3" y="-1362.2" rot="140.4563" z="72" dx="0.5" dy="0.5" sx="1" sy="0.6958" image="backWood"/>
  <decor_48 x="4001.05" y="-1359.85" rot="40.5105" z="73" dx="0.5" dy="0.5" sx="1" sy="0.6958" image="backWood"/>
  <decor_49 x="3949.1" y="-1364.65" rot="0" z="74" dx="0.5" dy="0.5" sx="1" sy="0.4545" image="backWood"/>
  <decor_50 x="3407.6" y="-1290.75" rot="-90" z="75" dx="0.5" dy="0.5" sx="1" sy="0.4545" image="backWood"/>
  <decor_51 x="4003.65" y="-1310.25" rot="-90" z="76" dx="0.5" dy="0.5" sx="1" sy="0.4545" image="backWood"/>
  <decor_52 x="3999.3" y="-920.2" rot="140.4563" z="77" dx="0.5" dy="0.5" sx="1" sy="0.6958" image="backWood"/>
  <decor_53 x="4005.8" y="-915.35" rot="36.8055" z="78" dx="0.5" dy="0.5" sx="1" sy="0.6958" image="backWood"/>
  <decor_54 x="3999.3" y="-1043.7" rot="140.4563" z="79" dx="0.5" dy="0.5" sx="1" sy="0.6958" image="backWood"/>
  <decor_55 x="4005.8" y="-1038.85" rot="36.8055" z="80" dx="0.5" dy="0.5" sx="1" sy="0.6958" image="backWood"/>
  <decor_56 x="4002.45" y="-854.8" rot="90" z="81" dx="0.5" dy="0.5" sx="1" sy="0.5465" image="backWood"/>
  <decor_57 x="4004.3" y="-976.8" rot="-90" z="82" dx="0.5" dy="0.5" sx="1" sy="0.4545" image="backWood"/>
  <decor_58 x="4001.9" y="-1146.1" rot="137.4874" z="83" dx="0.5" dy="0.5" sx="1" sy="0.6958" image="backWood"/>
  <decor_59 x="4002.35" y="-1141.8" rot="40.2421" z="84" dx="0.5" dy="0.5" sx="1" sy="0.6958" image="backWood"/>
  <decor_60 x="4003.65" y="-1199.75" rot="-90" z="85" dx="0.5" dy="0.5" sx="1" sy="0.4545" image="backWood"/>
  <decor_61 x="4003.65" y="-1095.75" rot="-90" z="86" dx="0.5" dy="0.5" sx="1" sy="0.4545" image="backWood"/>
  <decor_62 x="3702.5" y="-1369.25" rot="121.5645" z="87" dx="0.5" dy="0.5" sx="0.9999" sy="0.918" image="backWood"/>
  <decor_63 x="3618.25" y="-1364" rot="0" z="88" dx="0.5" dy="0.5" sx="1" sy="0.4545" image="backWood"/>
  <decor_64 x="3798.95" y="-1364.65" rot="0" z="89" dx="0.5" dy="0.5" sx="1" sy="0.4545" image="backWood"/>
  <decor_65 x="3542.5" y="-1069" rot="-123.6406" z="90" dx="0.5" dy="0.5" sx="0.9999" sy="0.8156" image="backWood"/>
  <decor_66 x="3465.25" y="-1062.25" rot="0" z="91" dx="0.5" dy="0.5" sx="1" sy="0.4545" image="backWood"/>
  <decor_67 x="3850.75" y="-1073.65" rot="-134.3803" z="92" dx="0.5" dy="0.5" sx="0.9999" sy="0.6735" image="backWood"/>
  <decor_68 x="3699" y="-1065.3" rot="118.3363" z="93" dx="0.5" dy="0.5" sx="0.9999" sy="0.9179" image="backWood"/>
  <decor_69 x="3852.3" y="-1208.85" rot="-44.3807" z="94" dx="0.5" dy="0.5" sx="0.9999" sy="0.7077" image="backWood"/>
  <decor_70 x="3539.35" y="-1216.8" rot="-54.1064" z="95" dx="0.5" dy="0.5" sx="0.9999" sy="0.7711" image="backWood"/>
  <decor_71 x="3714.15" y="-1218.95" rot="-119.6326" z="96" dx="0.5" dy="0.5" sx="0.9999" sy="0.8768" image="backWood"/>
  <decor_72 x="3856.75" y="-1143.2" rot="-90" z="97" dx="0.5" dy="0.5" sx="1" sy="0.4545" image="backWood"/>
  <decor_73 x="3798.95" y="-1062.25" rot="0" z="98" dx="0.5" dy="0.5" sx="1" sy="0.4545" image="backWood"/>
  <decor_74 x="3798.95" y="-1214.35" rot="0" z="99" dx="0.5" dy="0.5" sx="1" sy="0.4545" image="backWood"/>
  <decor_75 x="3618.25" y="-1062.25" rot="0" z="100" dx="0.5" dy="0.5" sx="1" sy="0.4545" image="backWood"/>
  <decor_76 x="3618.25" y="-1214.35" rot="0" z="101" dx="0.5" dy="0.5" sx="1" sy="0.4545" image="backWood"/>
  <decor_77 x="3869.6" y="-917.55" rot="-56.096" z="102" dx="0.5" dy="0.5" sx="0.9999" sy="0.7999" image="backWood"/>
  <decor_78 x="3539.35" y="-916.5" rot="-54.1064" z="103" dx="0.5" dy="0.5" sx="0.9999" sy="0.7711" image="backWood"/>
  <decor_79 x="3714.15" y="-918.65" rot="-119.6326" z="104" dx="0.5" dy="0.5" sx="0.9999" sy="0.8768" image="backWood"/>
  <decor_80 x="3465.25" y="-914.65" rot="0" z="105" dx="0.5" dy="0.5" sx="1" sy="0.4545" image="backWood"/>
  <decor_81 x="3618.25" y="-914.65" rot="0" z="106" dx="0.5" dy="0.5" sx="1" sy="0.4545" image="backWood"/>
  <decor_82 x="3798.95" y="-914.65" rot="0" z="107" dx="0.5" dy="0.5" sx="1" sy="0.4545" image="backWood"/>
  <decor_83 x="3621.25" y="-1261.05" rot="0" z="112" dx="0.5" dy="0.9569" sx="1" sy="1" image="bat_0004"/>
  <decor_84 x="2954" y="-1027.05" rot="0" z="113" dx="0.6288" dy="0.003" sx="1" sy="1" image="dangerPlate"/>
  <decor_85 x="3278.45" y="-1113.85" rot="0" z="114" dx="0.5054" dy="0.8987" sx="1" sy="1" image="chainA"/>
  <decor_86 x="3662.5" y="-956" rot="0" z="115" dx="0.5054" dy="0.8987" sx="1" sy="1" image="chainA"/>
  <decor_87 x="2299.55" y="-1079.4" rot="0" z="116" dx="0.6742" dy="0.5077" sx="1" sy="1" image="spiderNetB"/>
  <decor_88 x="3209.8" y="-1071.45" rot="0" z="117" dx="0.5036" dy="0.0217" sx="1" sy="1" image="chainB"/>
  <decor_89 x="3863" y="-960.6" rot="0" z="118" dx="0.5" dy="0.9569" sx="1" sy="1" image="bat_0004"/>
  <decor_90 x="3410.45" y="-1380.9" rot="0" z="119" dx="0.6742" dy="0.5077" sx="1" sy="1" image="spiderNetB"/>
  <decor_91 x="3712.5" y="-1375.55" rot="0" z="120" dx="0.5036" dy="0.0217" sx="1" sy="1" image="chainB"/>
  <decor_92 x="3781.1" y="-1416.9" rot="0" z="121" dx="0.5054" dy="0.8987" sx="1" sy="1" image="chainA"/>
  <decor_93 x="3687.85" y="-1376.9" rot="3.4675" z="122" dx="0.5036" dy="0.0217" sx="1" sy="1" image="chainB"/>
  <decor_94 x="3681.25" y="-969.9" rot="0" z="123" dx="0.5054" dy="0.8987" sx="1" sy="1" image="chainA"/>
  <decor_95 x="3046.05" y="-1323.25" rot="0" z="124" dx="0.5009" dy="0.5" sx="4.302" sy="4.1436" image="backShadow"/>
  <decor_96 x="4003.45" y="-795.25" rot="180" z="125" dx="0.5009" dy="0.5" sx="4.4175" sy="1.7204" image="backShadow"/>
  <decor_97 x="2917.15" y="-1122.65" rot="0" z="130" dx="0.5" dy="0.5" sx="1.1108" sy="1" image="woodStandart"/>
  <decor_98 x="2987.4" y="-1222.25" rot="-90" z="131" dx="0.5" dy="0.5" sx="1.5011" sy="1" image="woodStandart"/>
  <decor_99 x="2987.4" y="-1426.55" rot="-90" z="132" dx="0.5" dy="0.5" sx="1.3127" sy="1" image="woodStandart"/>
  <decor_100 x="3255.1" y="-1122.1" rot="0" z="133" dx="0.5" dy="0.5" sx="1.4095" sy="1" image="woodStandart"/>
  <decor_101 x="3194.2" y="-1122.1" rot="0" z="134" dx="0.5" dy="0.5" sx="1.4095" sy="1" image="woodStandart"/>
  <decor_102 x="3101.15" y="-1222.2" rot="90" z="135" dx="0.5" dy="0.5" sx="1.5011" sy="1" image="woodStandart"/>
  <decor_103 x="3101.15" y="-1427.1" rot="90" z="136" dx="0.5" dy="0.5" sx="1.3127" sy="1" image="woodStandart"/>
  <decor_104 x="3044.5" y="-1512.45" rot="0" z="137" dx="0.5" dy="0.5" sx="0.9308" sy="1" image="woodStandart"/>
  <decor_105 x="4062.9" y="-938.85" rot="90" z="138" dx="0.5" dy="0.5" sx="1" sy="1" image="woodStandart"/>
  <decor_106 x="4005.4" y="-715.25" rot="0" z="139" dx="0.5" dy="0.5" sx="1" sy="1" image="groundLong"/>
  <decor_107 x="4062.9" y="-791.9" rot="90" z="140" dx="0.5" dy="0.5" sx="1.0627" sy="1" image="woodStandart"/>
  <decor_108 x="3947.25" y="-791.3" rot="-90" z="141" dx="0.5" dy="0.5" sx="1.0627" sy="1" image="woodStandart"/>
  <decor_109 x="2298.4" y="-1014.8" rot="0" z="142" dx="0.5" dy="0.5" sx="1.0616" sy="1" image="groundLong"/>
  <decor_110 x="2386.8" y="-1014.8" rot="0" z="143" dx="0.5" dy="0.5" sx="1.0616" sy="1" image="groundShort"/>
  <decor_111 x="2428.8" y="-1014.8" rot="0" z="144" dx="0.5" dy="0.5" sx="1.0616" sy="1" image="groundShort"/>
  <decor_112 x="2238.35" y="-1073.25" rot="-90" z="145" dx="0.5" dy="0.5" sx="0.8255" sy="1" image="woodStandart"/>
  <decor_113 x="3404.55" y="-864.75" rot="0" z="146" dx="0.5" dy="0.5" sx="1.0616" sy="1" image="groundLong"/>
  <decor_114 x="3529.5" y="-864.75" rot="0" z="147" dx="0.5" dy="0.5" sx="1.0616" sy="1" image="groundLong"/>
  <decor_115 x="3653.9" y="-864.75" rot="0" z="148" dx="0.5" dy="0.5" sx="1.0616" sy="1" image="groundLong"/>
  <decor_116 x="2763.45" y="-1122.65" rot="0" z="149" dx="0.5" dy="0.5" sx="1" sy="1" image="woodStandart"/>
  <decor_117 x="2620.45" y="-1122.65" rot="0" z="150" dx="0.5" dy="0.5" sx="1" sy="1" image="woodStandart"/>
  <decor_118 x="2477.45" y="-1122.65" rot="0" z="151" dx="0.5" dy="0.5" sx="1" sy="1" image="woodStandart"/>
  <decor_119 x="2317.4" y="-1122.65" rot="0" z="152" dx="0.5" dy="0.5" sx="1.2274" sy="1" image="woodStandart"/>
  <decor_120 x="3704.55" y="-1122.1" rot="0" z="153" dx="0.5" dy="0.5" sx="1.4095" sy="1" image="woodStandart"/>
  <decor_121 x="3796.8" y="-1139.35" rot="-90" z="154" dx="0.5" dy="0.5" sx="0.4056" sy="1" image="woodStandart"/>
  <decor_122 x="3555.45" y="-1122.1" rot="0" z="155" dx="0.5" dy="0.5" sx="1.4095" sy="1" image="woodStandart"/>
  <decor_123 x="3347.8" y="-1337.45" rot="-90" z="156" dx="0.5" dy="0.5" sx="1.3127" sy="1" image="woodStandart"/>
  <decor_124 x="3347.8" y="-1222.25" rot="-90" z="157" dx="0.5" dy="0.5" sx="1.5011" sy="1" image="woodStandart"/>
  <decor_125 x="3404.7" y="-1422.9" rot="0" z="158" dx="0.5" dy="0.5" sx="0.9308" sy="1" image="woodStandart"/>
  <decor_126 x="3537.7" y="-1422.9" rot="0" z="159" dx="0.5" dy="0.5" sx="0.9308" sy="1" image="woodStandart"/>
  <decor_127 x="3670.7" y="-1422.9" rot="0" z="160" dx="0.5" dy="0.5" sx="0.9308" sy="1" image="woodStandart"/>
  <decor_128 x="3803.7" y="-1422.9" rot="0" z="161" dx="0.5" dy="0.5" sx="0.9308" sy="1" image="woodStandart"/>
  <decor_129 x="3874.4" y="-1422.9" rot="0" z="162" dx="0.5" dy="0.5" sx="0.9308" sy="1" image="woodStandart"/>
  <decor_130 x="4006.6" y="-1422.9" rot="0" z="163" dx="0.5" dy="0.5" sx="0.9211" sy="1" image="woodStandart"/>
  <decor_131 x="4062.9" y="-1083.85" rot="90" z="164" dx="0.5" dy="0.5" sx="1" sy="1" image="woodStandart"/>
  <decor_132 x="4062.9" y="-1227.85" rot="90" z="165" dx="0.5" dy="0.5" sx="1" sy="1" image="woodStandart"/>
  <decor_133 x="4062.9" y="-1361.05" rot="90" z="166" dx="0.5" dy="0.5" sx="1" sy="1" image="woodStandart"/>
  <decor_134 x="3821.4" y="-1272.85" rot="0" z="167" dx="0.5" dy="0.5" sx="1.355" sy="1" image="woodStandart"/>
  <decor_135 x="3555" y="-1272.85" rot="0" z="168" dx="0.5" dy="0.5" sx="1.4095" sy="1" image="woodStandart"/>
  <decor_136 x="3690.6" y="-1272.85" rot="0" z="169" dx="0.5" dy="0.5" sx="1.4095" sy="1" image="woodStandart"/>
  <decor_137 x="3550.4" y="-1014.9" rot="0" z="170" dx="0.5" dy="0.5" sx="1.0616" sy="1" image="groundLong"/>
  <decor_138 x="3674.8" y="-1014.9" rot="0" z="171" dx="0.5" dy="0.5" sx="1.0616" sy="1" image="groundLong"/>
  <decor_139 x="3891.05" y="-1014.9" rot="0" z="172" dx="0.5" dy="0.5" sx="1.0616" sy="1" image="groundShort"/>
  <decor_140 x="3798.45" y="-1014.9" rot="0" z="173" dx="0.5" dy="0.5" sx="1.0616" sy="1" image="groundLong"/>
  <decor_141 x="3912.15" y="-1123.15" rot="90" z="174" dx="0.5" dy="0.5" sx="1.4095" sy="1" image="woodStandart"/>
  <decor_142 x="3912.15" y="-1179.65" rot="90" z="175" dx="0.5" dy="0.5" sx="1.4095" sy="1" image="woodStandart"/>
  <decor_143 x="3859.65" y="-972.25" rot="0" z="176" dx="0.5" dy="0.5" sx="1.355" sy="1" image="woodStandart"/>
  <decor_144 x="3555" y="-972.25" rot="0" z="177" dx="0.5" dy="0.5" sx="1.4095" sy="1" image="woodStandart"/>
  <decor_145 x="3461.8" y="-989.55" rot="90" z="178" dx="0.5" dy="0.5" sx="0.4056" sy="1" image="woodStandart"/>
  <decor_146 x="3690.6" y="-972.25" rot="0" z="179" dx="0.5" dy="0.5" sx="1.4095" sy="1" image="woodStandart"/>
  <decor_147 x="3948.3" y="-1224.45" rot="-90" z="180" dx="0.5" dy="0.5" sx="1.3127" sy="1" image="woodStandart"/>
  <decor_148 x="3948.3" y="-1071.75" rot="-90" z="181" dx="0.5" dy="0.5" sx="1.5011" sy="1" image="woodStandart"/>
  <decor_149 x="3347.5" y="-944.4" rot="-90" z="182" dx="0.5" dy="0.5" sx="1.0121" sy="1" image="woodStandart"/>
  <decor_150 x="3870.15" y="-864.75" rot="0" z="183" dx="0.5" dy="0.5" sx="1.0616" sy="1" image="groundShort"/>
  <decor_151 x="3777.55" y="-864.75" rot="0" z="184" dx="0.5" dy="0.5" sx="1.0616" sy="1" image="groundLong"/>
  <decor_152 x="3461.8" y="-1139.35" rot="90" z="185" dx="0.5" dy="0.5" sx="0.4056" sy="1" image="woodStandart"/>
  <decor_153 x="3461.8" y="-1290.35" rot="90" z="186" dx="0.5" dy="0.5" sx="0.4056" sy="1" image="woodStandart"/>
  <decor_154 x="3564" y="-1164.9" rot="0" z="187" dx="0.5" dy="0.5" sx="1.0616" sy="1" image="groundLong"/>
  <decor_155 x="3688.4" y="-1164.9" rot="0" z="188" dx="0.5" dy="0.5" sx="1.0616" sy="1" image="groundLong"/>
  <decor_156 x="3560.05" y="-1314.9" rot="0" z="189" dx="0.5" dy="0.5" sx="0.9944" sy="1" image="groundLong"/>
  <decor_157 x="3676.55" y="-1314.9" rot="0" z="190" dx="0.5" dy="0.5" sx="0.9944" sy="1" image="groundLong"/>
  <decor_158 x="3792.7" y="-1314.9" rot="0" z="191" dx="0.5" dy="0.5" sx="0.9944" sy="1" image="groundLong"/>
  <decor_159 x="3880.4" y="-1314.9" rot="0" z="192" dx="0.5" dy="0.5" sx="1.0616" sy="1" image="groundShort"/>
  <decor_160 x="3110.45" y="-1014.8" rot="0" z="193" dx="0.5" dy="0.5" sx="1.1274" sy="1" image="groundLong"/>
  <decor_161 x="3238.8" y="-1014.8" rot="0" z="194" dx="0.5" dy="0.5" sx="1.0616" sy="1" image="groundLong"/>
  <decor_162 x="2541.35" y="-895.85" rot="0" z="195" dx="0.5" dy="0.5" sx="1.0374" sy="1" image="groundLong"/>
  <decor_163 x="2659.6" y="-895.85" rot="0" z="196" dx="0.5" dy="0.5" sx="1.0374" sy="1" image="groundLong"/>
  <decor_164 x="2777.85" y="-895.85" rot="0" z="197" dx="0.5" dy="0.5" sx="1.0374" sy="1" image="groundLong"/>
  <decor_165 x="2865" y="-895.85" rot="0" z="198" dx="0.5" dy="0.5" sx="1.0374" sy="1" image="groundShort"/>
  <decor_166 x="2976.65" y="-1014.8" rot="0" z="199" dx="0.5" dy="0.5" sx="1.1274" sy="1" image="groundLong"/>
  <decor_167 x="2892.5" y="-944.75" rot="90" z="200" dx="0.5" dy="0.5" sx="0.6238" sy="1" image="woodStandart"/>
  <decor_168 x="2477.15" y="-944.8" rot="-90" z="201" dx="0.5" dy="0.5" sx="0.6238" sy="1" image="woodStandart"/>
  <decor_169 x="2987.4" y="-1325.2" rot="-90" z="270" dx="0.5001" dy="0.5" sx="2.6563" sy="1" image="woodShadow"/>
  <decor_170 x="3225.7" y="-1122.1" rot="0" z="271" dx="0.5001" dy="0.5" sx="1.5048" sy="1" image="woodShadow"/>
  <decor_171 x="3101.15" y="-1326.35" rot="90" z="272" dx="0.5001" dy="0.5" sx="2.6563" sy="1" image="woodShadow"/>
  <decor_172 x="3044.5" y="-1512.45" rot="0" z="273" dx="0.5002" dy="0.5" sx="0.9308" sy="1" image="woodShadow"/>
  <decor_173 x="4062.9" y="-1073.85" rot="90" z="274" dx="0.5002" dy="0.5" sx="4.8284" sy="1" image="woodShadow"/>
  <decor_174 x="3947.25" y="-791.3" rot="-90" z="275" dx="0.5002" dy="0.5" sx="1.0627" sy="1" image="woodShadow"/>
  <decor_175 x="2238.35" y="-1073.25" rot="-90" z="276" dx="0.5002" dy="0.5" sx="0.8255" sy="1" image="woodShadow"/>
  <decor_176 x="2601.5" y="-1122.65" rot="0" z="277" dx="0.5002" dy="0.5" sx="5.0158" sy="1" image="woodShadow"/>
  <decor_177 x="3796.8" y="-1139.35" rot="-90" z="278" dx="0.5004" dy="0.5" sx="0.4056" sy="1" image="woodShadow"/>
  <decor_178 x="3627.1" y="-1122.1" rot="0" z="279" dx="0.5002" dy="0.5" sx="2.0896" sy="1" image="woodShadow"/>
  <decor_179 x="3347.8" y="-1285.5" rot="-90" z="280" dx="0.5002" dy="0.5" sx="2.0056" sy="1" image="woodShadow"/>
  <decor_180 x="3705.5" y="-1422.9" rot="0" z="281" dx="0.5002" dy="0.5" sx="4.9418" sy="1" image="woodShadow"/>
  <decor_181 x="3697.55" y="-1272.85" rot="0" z="282" dx="0.5002" dy="0.5" sx="3.0082" sy="1" image="woodShadow"/>
  <decor_182 x="3912.15" y="-1151.35" rot="90" z="283" dx="0.5002" dy="0.5" sx="1.7865" sy="1" image="woodShadow"/>
  <decor_183 x="3461.8" y="-989.55" rot="90" z="284" dx="0.5004" dy="0.5" sx="0.4056" sy="1" image="woodShadow"/>
  <decor_184 x="3704.55" y="-972.25" rot="0" z="285" dx="0.5002" dy="0.5" sx="3.0927" sy="1" image="woodShadow"/>
  <decor_185 x="3948.3" y="-1131" rot="-90" z="286" dx="0.5001" dy="0.5" sx="2.2924" sy="1" image="woodShadow"/>
  <decor_186 x="3347.5" y="-944.4" rot="-90" z="287" dx="0.5002" dy="0.5" sx="1.0121" sy="1" image="woodShadow"/>
  <decor_187 x="3461.8" y="-1139.35" rot="90" z="288" dx="0.5004" dy="0.5" sx="0.4056" sy="1" image="woodShadow"/>
  <decor_188 x="3461.8" y="-1290.35" rot="90" z="289" dx="0.5004" dy="0.5" sx="0.4056" sy="1" image="woodShadow"/>
  <decor_189 x="2892.5" y="-944.75" rot="90" z="290" dx="0.5003" dy="0.5" sx="0.6238" sy="1" image="woodShadow"/>
  <decor_190 x="2477.15" y="-944.8" rot="-90" z="291" dx="0.5003" dy="0.5" sx="0.6238" sy="1" image="woodShadow"/>
  <decor_191 x="2459.15" y="-1014.75" rot="0" z="292" dx="0.3334" dy="0.5" sx="1.0616" sy="1" image="groundShortAngleA"/>
  <decor_192 x="2900.7" y="-1007.75" rot="0" z="293" dx="0.6" dy="0.43" sx="1.0616" sy="1" image="groundShortAngleB"/>
  <decor_193 x="3899.45" y="-864.75" rot="0" z="294" dx="0.5" dy="0.5" sx="1.0531" sy="1" image="groundRight"/>
  <decor_194 x="3511.9" y="-1014.9" rot="0" z="295" dx="0.5" dy="0.5" sx="1.0616" sy="1" image="groundLeft"/>
  <decor_195 x="3748.45" y="-1164.9" rot="0" z="296" dx="0.5" dy="0.5" sx="1.0616" sy="1" image="groundRight"/>
  <decor_196 x="3509.5" y="-1164.9" rot="0" z="297" dx="0.5" dy="0.5" sx="1.0616" sy="1" image="groundLeft"/>
  <decor_197 x="3899.65" y="-1314.9" rot="0" z="298" dx="0.5" dy="0.5" sx="1.0616" sy="1" image="groundRight"/>
  <decor_198 x="3509.5" y="-1314.9" rot="0" z="299" dx="0.5" dy="0.5" sx="1.0616" sy="1" image="groundLeft"/>
  <decor_199 x="3298.85" y="-1014.8" rot="0" z="300" dx="0.5" dy="0.5" sx="1.0616" sy="1" image="groundRight"/>
  <decor_200 x="2972.3" y="-1109.9" rot="-90" z="301" dx="0.0239" dy="0.9761" sx="1" sy="1" image="steelOver"/>
  <decor_201 x="3088.45" y="-1137.7" rot="0" z="302" dx="0.0239" dy="0.9761" sx="1" sy="1" image="steelOver"/>
  <decor_202 x="3332.55" y="-1109.45" rot="-90" z="303" dx="0.0239" dy="0.9761" sx="1" sy="1" image="steelOver"/>
  <decor_203 x="3448.8" y="-1137.1" rot="0" z="304" dx="0.0239" dy="0.9761" sx="1" sy="1" image="steelOver"/>
  <decor_204 x="3448.8" y="-1288.1" rot="0" z="305" dx="0.0239" dy="0.9761" sx="1" sy="1" image="steelOver"/>
  <decor_205 x="3448.8" y="-986.9" rot="0" z="306" dx="0.0239" dy="0.9761" sx="1" sy="1" image="steelOver"/>
  <decor_206 x="3782.05" y="-1109.1" rot="-90" z="307" dx="0.0239" dy="0.9761" sx="1" sy="1" image="steelOver"/>
  <decor_207 x="3933.2" y="-958.95" rot="-90" z="308" dx="0.0239" dy="0.9761" sx="1" sy="1" image="steelOver"/>
  <decor_208 x="3359.75" y="-976.5" rot="0" z="309" dx="0.4879" dy="0.4827" sx="1" sy="1" image="stairsA"/>
  <decor_209 x="3359.75" y="-932.7" rot="0" z="310" dx="0.4879" dy="0.4827" sx="1" sy="1" image="stairsA"/>
  <decor_210 x="3359.75" y="-888.5" rot="0" z="311" dx="0.4879" dy="0.4827" sx="1" sy="1" image="stairsA"/>
  <decor_211 x="3360.05" y="-999.9" rot="0" z="312" dx="0.483" dy="0.0652" sx="1" sy="1" image="stairsB"/>
  <decor_212 x="3360.4" y="-865.1" rot="0" z="313" dx="0.5" dy="0.5056" sx="1" sy="1" image="stairsC"/>
  <decor_213 x="3899" y="-1239.9" rot="0" z="314" dx="0.4879" dy="0.4827" sx="1" sy="1" image="stairsA"/>
  <decor_214 x="3899" y="-1174.6" rot="0" z="315" dx="0.4879" dy="0.4827" sx="1" sy="1" image="stairsA"/>
  <decor_215 x="3899" y="-1042.4" rot="0" z="316" dx="0.4879" dy="0.4827" sx="1" sy="1" image="stairsA"/>
  <decor_216 x="3899.3" y="-1263.3" rot="0" z="317" dx="0.483" dy="0.0652" sx="1" sy="1" image="stairsB"/>
  <decor_217 x="3899.65" y="-1019" rot="0" z="318" dx="0.5" dy="0.5056" sx="1" sy="1" image="stairsC"/>
  <decor_218 x="3899" y="-1130.9" rot="0" z="319" dx="0.4879" dy="0.4827" sx="1" sy="1" image="stairsA"/>
  <decor_219 x="3899" y="-1087.1" rot="0" z="320" dx="0.4879" dy="0.4827" sx="1" sy="1" image="stairsA"/>
  <decor_220 x="3899" y="-1194.6" rot="0" z="321" dx="0.4879" dy="0.4827" sx="1" sy="1" image="stairsA"/>
  <decor_221 x="4050" y="-1390.15" rot="0" z="322" dx="0.4879" dy="0.4827" sx="1" sy="1" image="stairsA"/>
  <decor_222 x="4050" y="-901.65" rot="0" z="323" dx="0.4879" dy="0.4827" sx="1" sy="1" image="stairsA"/>
  <decor_223 x="4050.3" y="-1413.55" rot="0" z="324" dx="0.483" dy="0.0652" sx="1" sy="1" image="stairsB"/>
  <decor_224 x="4050.65" y="-878.25" rot="0" z="325" dx="0.5" dy="0.5056" sx="1" sy="1" image="stairsC"/>
  <decor_225 x="4050" y="-1306.15" rot="0" z="326" dx="0.4879" dy="0.4827" sx="1" sy="1" image="stairsA"/>
  <decor_226 x="4050" y="-1262.35" rot="0" z="327" dx="0.4879" dy="0.4827" sx="1" sy="1" image="stairsA"/>
  <decor_227 x="4050" y="-1349.85" rot="0" z="328" dx="0.4879" dy="0.4827" sx="1" sy="1" image="stairsA"/>
  <decor_228 x="4050" y="-1220.15" rot="0" z="329" dx="0.4879" dy="0.4827" sx="1" sy="1" image="stairsA"/>
  <decor_229 x="4050" y="-1136.15" rot="0" z="330" dx="0.4879" dy="0.4827" sx="1" sy="1" image="stairsA"/>
  <decor_230 x="4050" y="-1092.35" rot="0" z="331" dx="0.4879" dy="0.4827" sx="1" sy="1" image="stairsA"/>
  <decor_231 x="4050" y="-1179.85" rot="0" z="332" dx="0.4879" dy="0.4827" sx="1" sy="1" image="stairsA"/>
  <decor_232 x="4050" y="-1050.15" rot="0" z="333" dx="0.4879" dy="0.4827" sx="1" sy="1" image="stairsA"/>
  <decor_233 x="4050" y="-966.15" rot="0" z="334" dx="0.4879" dy="0.4827" sx="1" sy="1" image="stairsA"/>
  <decor_234 x="4050" y="-921.6" rot="0" z="335" dx="0.4879" dy="0.4827" sx="1" sy="1" image="stairsA"/>
  <decor_235 x="4050" y="-1009.85" rot="0" z="336" dx="0.4879" dy="0.4827" sx="1" sy="1" image="stairsA"/>
  <decor_236 x="2231.7" y="-1011.85" rot="0" z="337" dx="0.5" dy="0.5" sx="1" sy="1" image="stonesOver"/>
  <decor_237 x="2469.1" y="-896.35" rot="0" z="338" dx="0.5" dy="0.5" sx="1" sy="1" image="stonesOver"/>
  <decor_238 x="2899.2" y="-895.35" rot="0" z="339" dx="0.5" dy="0.5" sx="1" sy="1" image="stonesOver2"/>
  <decor_239 x="3340.55" y="-865" rot="0" z="340" dx="0.5" dy="0.5" sx="1" sy="1" image="stonesOver"/>
  <decor_240 x="4065.9" y="-710.5" rot="180" z="341" dx="0.5" dy="0.5" sx="1" sy="1" image="stonesOver"/>
  <decor_241 x="3911.1" y="-1011.05" rot="0" z="342" dx="0.5" dy="0.5" sx="1" sy="1" image="stonesOver2"/>
  <decor_242 x="3944.7" y="-710.1" rot="0" z="343" dx="0.5" dy="0.5" sx="1" sy="1" image="stonesOver"/>
  <decor_243 x="2943.5" y="-1167.35" rot="0" z="344" dx="0.5007" dy="0.4993" sx="1" sy="1" image="darkStoneA"/>
  <decor_244 x="3295.65" y="-1239.8" rot="0" z="345" dx="0.5009" dy="0.4994" sx="1" sy="1" image="darkStoneB"/>
  <decor_245 x="2921.8" y="-1402.3" rot="0" z="346" dx="0.5003" dy="0.5" sx="1" sy="1" image="darkStoneC"/>
  <decor_246 x="2947.15" y="-1518.9" rot="0" z="347" dx="0.501" dy="0.5" sx="1" sy="1" image="darkStoneD"/>
  <decor_247 x="2241.3" y="-1153.25" rot="0" z="348" dx="0.5018" dy="0.4978" sx="1" sy="1" image="darkStoneE"/>
  <decor_248 x="3281.6" y="-1171.05" rot="0" z="349" dx="0.5003" dy="0.5" sx="1" sy="1" image="darkStoneC"/>
  <decor_249 x="3309.5" y="-1144.55" rot="0" z="350" dx="0.5018" dy="0.4978" sx="1" sy="1" image="darkStoneE"/>
  <decor_250 x="3127.1" y="-1532.2" rot="0" z="351" dx="0.5003" dy="0.5" sx="1" sy="1" image="darkStoneC"/>
  <decor_251 x="2422.55" y="-944.35" rot="0" z="352" dx="0.5003" dy="0.5" sx="1" sy="1" image="darkStoneC"/>
  <decor_252 x="3304.7" y="-1441.05" rot="0" z="353" dx="0.5003" dy="0.5" sx="1" sy="1" image="darkStoneC"/>
  <decor_253 x="3298.9" y="-1342.85" rot="0" z="354" dx="0.5007" dy="0.4993" sx="1" sy="1" image="darkStoneA"/>
  <decor_254 x="2924.7" y="-1322.95" rot="0" z="355" dx="0.5009" dy="0.4994" sx="1" sy="1" image="darkStoneB"/>
  <decor_255 x="2905.45" y="-1231.2" rot="0" z="356" dx="0.5003" dy="0.5" sx="1" sy="1" image="darkStoneC"/>
  <decor_256 x="3146.65" y="-1392.05" rot="0" z="357" dx="0.5007" dy="0.4993" sx="1" sy="1" image="darkStoneA"/>
  <decor_257 x="3154.7" y="-1171.05" rot="0" z="358" dx="0.5003" dy="0.5" sx="1" sy="1" image="darkStoneC"/>
  <decor_258 x="3145.65" y="-1293.5" rot="0" z="359" dx="0.5009" dy="0.4994" sx="1" sy="1" image="darkStoneB"/>
  <decor_259 x="2952.3" y="-955.2" rot="0" z="360" dx="0.5003" dy="0.5" sx="1" sy="1" image="darkStoneC"/>
  <decor_260 x="3286.55" y="-955.2" rot="0" z="361" dx="0.5003" dy="0.5" sx="1" sy="1" image="darkStoneC"/>
  <decor_261 x="2955.2" y="-884.45" rot="0" z="362" dx="0.5009" dy="0.4994" sx="1" sy="1" image="darkStoneB"/>
  <decor_262 x="2989.75" y="-931.7" rot="0" z="363" dx="0.501" dy="0.5" sx="1" sy="1" image="darkStoneD"/>
  <decor_263 x="3051.85" y="-948.5" rot="0" z="364" dx="0.5003" dy="0.5" sx="1" sy="1" image="darkStoneC"/>
  <decor_264 x="3369.5" y="-794.95" rot="0" z="365" dx="0.5003" dy="0.5" sx="1" sy="1" image="darkStoneC"/>
  <decor_265 x="3306.65" y="-888.8" rot="0" z="366" dx="0.5007" dy="0.4993" sx="1" sy="1" image="darkStoneA"/>
  <decor_266 x="4081.75" y="-1456.6" rot="0" z="367" dx="0.5009" dy="0.4994" sx="1" sy="1" image="darkStoneB"/>
  <decor_267 x="2414.5" y="-888.8" rot="0" z="368" dx="0.5007" dy="0.4993" sx="1" sy="1" image="darkStoneA"/>
  <decor_268 x="2291" y="-1173.1" rot="0" z="369" dx="0.5003" dy="0.5" sx="1" sy="1" image="darkStoneC"/>
  <decor_269 x="2390.15" y="-1163.15" rot="0" z="370" dx="0.5009" dy="0.4994" sx="1" sy="1" image="darkStoneB"/>
  <decor_270 x="2835.75" y="-1162.4" rot="0" z="371" dx="0.501" dy="0.5" sx="1" sy="1" image="darkStoneD"/>
  <decor_271 x="2215.75" y="-955.2" rot="0" z="372" dx="0.5003" dy="0.5" sx="1" sy="1" image="darkStoneC"/>
  <decor_272 x="2321.5" y="-952.45" rot="0" z="373" dx="0.5009" dy="0.4994" sx="1" sy="1" image="darkStoneB"/>
  <decor_273 x="2553.9" y="-1166.3" rot="0" z="374" dx="0.5003" dy="0.5" sx="1" sy="1" image="darkStoneC"/>
  <decor_274 x="2474.85" y="-1162.4" rot="0" z="375" dx="0.501" dy="0.5" sx="1" sy="1" image="darkStoneD"/>
  <decor_275 x="2203.45" y="-1120.4" rot="0" z="376" dx="0.5018" dy="0.4978" sx="1" sy="1" image="darkStoneE"/>
  <decor_276 x="2202.4" y="-1162.4" rot="0" z="377" dx="0.501" dy="0.5" sx="1" sy="1" image="darkStoneD"/>
  <decor_277 x="2683.8" y="-1165.65" rot="0" z="378" dx="0.5009" dy="0.4994" sx="1" sy="1" image="darkStoneB"/>
  <decor_278 x="2726.1" y="-831.25" rot="0" z="379" dx="0.5003" dy="0.5" sx="1" sy="1" image="darkStoneC"/>
  <decor_279 x="2635.25" y="-844.55" rot="0" z="380" dx="0.501" dy="0.5" sx="1" sy="1" image="darkStoneD"/>
  <decor_280 x="2877" y="-838.85" rot="0" z="381" dx="0.5009" dy="0.4994" sx="1" sy="1" image="darkStoneB"/>
  <decor_281 x="2553.9" y="-840.55" rot="0" z="382" dx="0.5003" dy="0.5" sx="1" sy="1" image="darkStoneC"/>
  <decor_282 x="3182.25" y="-954" rot="0" z="383" dx="0.5007" dy="0.4993" sx="1" sy="1" image="darkStoneA"/>
  <decor_283 x="3156.35" y="-1340.3" rot="0" z="384" dx="0.5018" dy="0.4978" sx="1" sy="1" image="darkStoneE"/>
  <decor_284 x="3309.5" y="-1404.3" rot="0" z="385" dx="0.5018" dy="0.4978" sx="1" sy="1" image="darkStoneE"/>
  <decor_285 x="3320.35" y="-1291.4" rot="0" z="386" dx="0.5018" dy="0.4978" sx="1" sy="1" image="darkStoneE"/>
  <decor_286 x="3885.3" y="-804.3" rot="0" z="387" dx="0.5003" dy="0.5" sx="1" sy="1" image="darkStoneC"/>
  <decor_287 x="3886.3" y="-730.15" rot="0" z="388" dx="0.5009" dy="0.4994" sx="1" sy="1" image="darkStoneB"/>
  <decor_288 x="4124.9" y="-722.3" rot="0" z="389" dx="0.5003" dy="0.5" sx="1" sy="1" image="darkStoneC"/>
  <decor_289 x="4062.6" y="-668.45" rot="0" z="390" dx="0.5009" dy="0.4994" sx="1" sy="1" image="darkStoneB"/>
  <decor_290 x="4006.65" y="-1480.55" rot="0" z="391" dx="0.5003" dy="0.5" sx="1" sy="1" image="darkStoneC"/>
  <decor_291 x="3389.7" y="-1475.75" rot="0" z="392" dx="0.5009" dy="0.4994" sx="1" sy="1" image="darkStoneB"/>
  <decor_292 x="3469.4" y="-1460" rot="0" z="393" dx="0.501" dy="0.5" sx="1" sy="1" image="darkStoneD"/>
  <decor_293 x="4124.9" y="-1373.65" rot="0" z="394" dx="0.5003" dy="0.5" sx="1" sy="1" image="darkStoneC"/>
  <decor_294 x="4124.9" y="-1138.2" rot="0" z="395" dx="0.5003" dy="0.5" sx="1" sy="1" image="darkStoneC"/>
  <decor_295 x="4112.9" y="-789.4" rot="0" z="396" dx="0.5007" dy="0.4993" sx="1" sy="1" image="darkStoneA"/>
  <decor_296 x="3461.6" y="-809.8" rot="0" z="397" dx="0.5007" dy="0.4993" sx="1" sy="1" image="darkStoneA"/>
  <decor_297 x="3643.65" y="-793.85" rot="0" z="398" dx="0.5003" dy="0.5" sx="1" sy="1" image="darkStoneC"/>
  <decor_298 x="3540.5" y="-797.7" rot="0" z="399" dx="0.5009" dy="0.4994" sx="1" sy="1" image="darkStoneB"/>
  <decor_299 x="3775.2" y="-797.7" rot="0" z="400" dx="0.5009" dy="0.4994" sx="1" sy="1" image="darkStoneB"/>
  <decor_300 x="3716.35" y="-817.3" rot="0" z="401" dx="0.501" dy="0.5" sx="1" sy="1" image="darkStoneD"/>
  <decor_301 x="4098" y="-853.85" rot="0" z="402" dx="0.501" dy="0.5" sx="1" sy="1" image="darkStoneD"/>
  <decor_302 x="4124.9" y="-903.75" rot="0" z="403" dx="0.5003" dy="0.5" sx="1" sy="1" image="darkStoneC"/>
  <decor_303 x="4112.9" y="-993.5" rot="0" z="404" dx="0.5007" dy="0.4993" sx="1" sy="1" image="darkStoneA"/>
  <decor_304 x="4106.55" y="-1075.65" rot="0" z="405" dx="0.5009" dy="0.4994" sx="1" sy="1" image="darkStoneB"/>
  <decor_305 x="3691" y="-1473" rot="0" z="406" dx="0.5003" dy="0.5" sx="1" sy="1" image="darkStoneC"/>
  <decor_306 x="3844.95" y="-1456.6" rot="0" z="407" dx="0.5009" dy="0.4994" sx="1" sy="1" image="darkStoneB"/>
  <decor_307 x="3929.3" y="-1459.7" rot="0" z="408" dx="0.501" dy="0.5" sx="1" sy="1" image="darkStoneD"/>
  <decor_308 x="3760.75" y="-1459.7" rot="0" z="409" dx="0.501" dy="0.5" sx="1" sy="1" image="darkStoneD"/>
  <decor_309 x="3562.1" y="-1451.6" rot="0" z="410" dx="0.5018" dy="0.4978" sx="1" sy="1" image="darkStoneE"/>
  <decor_310 x="3618.75" y="-1475.3" rot="0" z="411" dx="0.5018" dy="0.4978" sx="1" sy="1" image="darkStoneE"/>
  <decor_311 x="3653.75" y="-1449.6" rot="0" z="412" dx="0.5018" dy="0.4978" sx="1" sy="1" image="darkStoneE"/>
  <decor_312 x="4088.45" y="-1114.75" rot="0" z="413" dx="0.5018" dy="0.4978" sx="1" sy="1" image="darkStoneE"/>
  <decor_313 x="4138.85" y="-1307.5" rot="0" z="414" dx="0.5009" dy="0.4994" sx="1" sy="1" image="darkStoneB"/>
  <decor_314 x="4106.55" y="-1237.85" rot="0" z="415" dx="0.5009" dy="0.4994" sx="1" sy="1" image="darkStoneB"/>
  <decor_315 x="3127.1" y="-940.5" rot="53.4758" z="416" dx="0.5003" dy="0.5" sx="1" sy="1" image="darkStoneC"/>
  <decor_316 x="3229.2" y="-933.75" rot="0" z="417" dx="0.5009" dy="0.4994" sx="1" sy="1" image="darkStoneB"/>
  <decor_317 x="3224.55" y="-876.65" rot="0" z="418" dx="0.501" dy="0.5" sx="1" sy="1" image="darkStoneD"/>
  <decor_318 x="3021.5" y="-904.4" rot="0" z="419" dx="0.501" dy="0.5" sx="1" sy="1" image="darkStoneD"/>
  <decor_319 x="3080.65" y="-889.95" rot="0" z="420" dx="0.5007" dy="0.4993" sx="1" sy="1" image="darkStoneA"/>
  <decor_320 x="3213.65" y="-1154.8" rot="0" z="421" dx="0.5007" dy="0.4993" sx="1" sy="1" image="darkStoneA"/>
  <decor_321 x="3137.3" y="-1224.25" rot="0" z="422" dx="0.501" dy="0.5" sx="1" sy="1" image="darkStoneD"/>
  <decor_322 x="3207.95" y="-1230.4" rot="-42.9738" z="423" dx="0.5003" dy="0.5" sx="1" sy="1" image="darkStoneC"/>
  <decor_323 x="2462.65" y="-854.4" rot="0" z="424" dx="0.5007" dy="0.4993" sx="1" sy="1" image="darkStoneA"/>
  <decor_324 x="3238.45" y="-1307.15" rot="0" z="425" dx="0.5003" dy="0.5" sx="1" sy="1" image="darkStoneC"/>
  <decor_325 x="2767.05" y="-1175.35" rot="107.5267" z="426" dx="0.5003" dy="0.5" sx="1" sy="1" image="darkStoneC"/>
  <decor_326 x="3292.15" y="-830.1" rot="0" z="427" dx="0.5009" dy="0.4994" sx="1" sy="1" image="darkStoneB"/>
  <decor_327 x="3229.1" y="-1388.5" rot="-25.2251" z="428" dx="0.5009" dy="0.4994" sx="1" sy="1" image="darkStoneB"/>
  <decor_328 x="3832" y="-797.7" rot="0" z="429" dx="0.501" dy="0.5" sx="1" sy="1" image="darkStoneD"/>
  <decor_329 x="3920.25" y="-773.35" rot="0" z="430" dx="0.5007" dy="0.4993" sx="1" sy="1" image="darkStoneA"/>
  <decor_330 x="3941.45" y="-669.85" rot="0" z="431" dx="0.5003" dy="0.5" sx="1" sy="1" image="darkStoneC"/>
  <decor_331 x="3320.35" y="-929.05" rot="0" z="432" dx="0.5018" dy="0.4978" sx="1" sy="1" image="darkStoneE"/>
  <decor_332 x="3224.05" y="-966.85" rot="0" z="433" dx="0.5018" dy="0.4978" sx="1" sy="1" image="darkStoneE"/>
  <decor_333 x="3571.45" y="-832.7" rot="0" z="434" dx="0.5018" dy="0.4978" sx="1" sy="1" image="darkStoneE"/>
  <decor_334 x="3821.4" y="-825.85" rot="0" z="435" dx="0.5018" dy="0.4978" sx="1" sy="1" image="darkStoneE"/>
  <playerBall x="3043.15" y="-1380" rot="0" type="2" den="1" frc="0.15" rst="0" sens="false" geom="0" z="447" dx="0.4824" dy="0.2923" category="100" mask="65533">
    <radius>40</radius>
  </playerBall>
  <door0 x="4003.9" y="-869.8" rot="0" type="0" den="0" frc="0.4" rst="0" sens="false" geom="2" z="126" dx="0.5014" dy="0.9181" check="10">
    <p0>
      <v0 x="45" y="0"/>
      <v1 x="45" y="20"/>
      <v2 x="-45" y="20"/>
      <v3 x="-45" y="0"/>
    </p0>
  </door0>
  <key0 x="3405.5" y="-1367" rot="0" type="0" den="0" frc="0" rst="0" sens="true" geom="2" z="436" dx="0.5033" dy="0.4983">
    <p0>
      <v0 x="-18" y="18"/>
      <v1 x="-18" y="-18"/>
      <v2 x="18" y="-18"/>
      <v3 x="18" y="18"/>
    </p0>
  </key0>
  <star1 x="3539.85" y="-1049.5" rot="0" type="0" den="0" frc="0" rst="0" sens="true" geom="0" z="50" dx="0.494" dy="0.5008">
    <radius>20</radius>
  </star1>
  <star2 x="3689.85" y="-1049.65" rot="0" type="0" den="0" frc="0" rst="0" sens="true" geom="0" z="50" dx="0.494" dy="0.5008">
    <radius>20</radius>
  </star2>
  <star3 x="3539.85" y="-1199.35" rot="0" type="0" den="0" frc="0" rst="0" sens="true" geom="0" z="50" dx="0.494" dy="0.5008">
    <radius>20</radius>
  </star3>
  <star4 x="3689.85" y="-1197.5" rot="0" type="0" den="0" frc="0" rst="0" sens="true" geom="0" z="50" dx="0.494" dy="0.5008">
    <radius>20</radius>
  </star4>
  <star5 x="3854.2" y="-1140.25" rot="0" type="0" den="0" frc="0" rst="0" sens="true" geom="0" z="50" dx="0.494" dy="0.5008">
    <radius>20</radius>
  </star5>
  <star6 x="3995.7" y="-1290.45" rot="0" type="0" den="0" frc="0" rst="0" sens="true" geom="0" z="50" dx="0.494" dy="0.5008">
    <radius>20</radius>
  </star6>
  <star7 x="3995.7" y="-1140.45" rot="0" type="0" den="0" frc="0" rst="0" sens="true" geom="0" z="50" dx="0.494" dy="0.5008">
    <radius>20</radius>
  </star7>
  <star8 x="3995.7" y="-990.45" rot="0" type="0" den="0" frc="0" rst="0" sens="true" geom="0" z="50" dx="0.494" dy="0.5008">
    <radius>20</radius>
  </star8>
  <body_81 x="0" y="0" rot="0" type="0" den="0" frc="0.4" rst="0" sens="false" geom="1">
    <v0 x="3090" y="-1410"/>
    <v1 x="3090" y="-1110"/>
    <v2 x="3360" y="-1110"/>
    <v3 x="3360" y="-1410"/>
    <v4 x="4050" y="-1410"/>
    <v5 x="4050" y="-720"/>
    <v6 x="3960" y="-720"/>
    <v7 x="3960" y="-870"/>
    <v8 x="3360" y="-870"/>
    <v9 x="3360" y="-1020"/>
    <v10 x="2910" y="-1020"/>
    <v11 x="2880" y="-990"/>
    <v12 x="2880" y="-900"/>
    <v13 x="2490" y="-900"/>
    <v14 x="2490" y="-990"/>
    <v15 x="2460" y="-1020"/>
    <v16 x="2250" y="-1020"/>
    <v17 x="2250" y="-1110"/>
    <v18 x="3000" y="-1110"/>
    <v19 x="3000" y="-1410"/>
  </body_81>
  <body_82 x="0" y="0" rot="0" type="0" den="0" frc="0.4" rst="0" sens="false" geom="1">
    <v0 x="3960" y="-960"/>
    <v1 x="3450" y="-960"/>
    <v2 x="3450" y="-1020"/>
    <v3 x="3900" y="-1020"/>
    <v4 x="3900" y="-1260"/>
    <v5 x="3450" y="-1260"/>
    <v6 x="3450" y="-1320"/>
    <v7 x="3960" y="-1320"/>
  </body_82>
  <body_83 x="0" y="0" rot="0" type="0" den="0" frc="0.4" rst="0" sens="false" geom="1">
    <v0 x="3450" y="-1170"/>
    <v1 x="3810" y="-1170"/>
    <v2 x="3810" y="-1110"/>
    <v3 x="3450" y="-1110"/>
  </body_83>
  <door1 x="2684.65" y="-990.35" rot="89.9948" type="0" den="0" frc="0.4" rst="0" sens="false" geom="2" z="129" dx="0.1226" dy="0.4995" check="1">
    <p0>
      <v0 x="0" y="-194.15"/>
      <v1 x="16.45" y="-194.15"/>
      <v2 x="16.45" y="194.8"/>
      <v3 x="0" y="194.8"/>
    </p0>
  </door1>
  <key1a x="2599" y="-1020.05" rot="0" type="0" den="0" frc="0" rst="0" sens="true" geom="2" z="448" dx="0.5033" dy="0.4983">
    <p0>
      <v0 x="-10" y="10"/>
      <v1 x="-10" y="-10"/>
      <v2 x="10" y="-10"/>
      <v3 x="10" y="10"/>
    </p0>
  </key1a>
  <key1b x="2684.65" y="-1020.25" rot="0" type="0" den="0" frc="0" rst="0" sens="true" geom="2" z="450" dx="0.5033" dy="0.4983">
    <p0>
      <v0 x="-10" y="10"/>
      <v1 x="-10" y="-10"/>
      <v2 x="10" y="-10"/>
      <v3 x="10" y="10"/>
    </p0>
  </key1b>
  <key1c x="2769" y="-1020.05" rot="0" type="0" den="0" frc="0" rst="0" sens="true" geom="2" z="449" dx="0.5033" dy="0.4983">
    <p0>
      <v0 x="-10" y="10"/>
      <v1 x="-10" y="-10"/>
      <v2 x="10" y="-10"/>
      <v3 x="10" y="10"/>
    </p0>
  </key1c>
  <door2 x="3089.65" y="-1074.6" rot="0" type="0" den="0" frc="0.4" rst="0" sens="false" geom="2" z="202" dx="0.0137" dy="0.5009" check="1">
    <p0>
      <v0 x="0" y="-55"/>
      <v1 x="12" y="-55"/>
      <v2 x="12" y="55"/>
      <v3 x="0" y="55"/>
    </p0>
  </door2>
  <key2 x="2296.15" y="-1064.15" rot="0" type="0" den="0" frc="0" rst="0" sens="true" geom="2" z="452" dx="0.5033" dy="0.4983">
    <p0>
      <v0 x="-18" y="18"/>
      <v1 x="-18" y="-18"/>
      <v2 x="18" y="-18"/>
      <v3 x="18" y="18"/>
    </p0>
  </key2>
  <boom1 x="2400" y="-1039.35" rot="0" type="2" den="1" frc="0.5" rst="0" sens="false" geom="2" z="451" dx="0.5" dy="0.5" x1="0" x2="0" phase="2">
    <p0>
      <v0 x="12.25" y="-17.75"/>
      <v1 x="16.95" y="-16.95"/>
      <v2 x="17.75" y="-11.95"/>
      <v3 x="17.75" y="11.95"/>
      <v4 x="17" y="17.1"/>
      <v5 x="12.25" y="17.75"/>
      <v6 x="-12" y="17.75"/>
      <v7 x="-16.9" y="16.85"/>
      <v8 x="-17.75" y="12.4"/>
      <v9 x="-17.75" y="-12"/>
      <v10 x="-17.1" y="-17"/>
      <v11 x="-12.75" y="-17.75"/>
    </p0>
  </boom1>
  <boom2 x="3763.85" y="-1189" rot="0" type="2" den="1" frc="0.5" rst="0" sens="false" geom="2" z="438" dx="0.5" dy="0.5" x1="0" x2="0" phase="2">
    <p0>
      <v0 x="12.25" y="-17.75"/>
      <v1 x="16.95" y="-16.95"/>
      <v2 x="17.75" y="-11.95"/>
      <v3 x="17.75" y="11.95"/>
      <v4 x="17" y="17.1"/>
      <v5 x="12.25" y="17.75"/>
      <v6 x="-12" y="17.75"/>
      <v7 x="-16.9" y="16.85"/>
      <v8 x="-17.75" y="12.4"/>
      <v9 x="-17.75" y="-12"/>
      <v10 x="-17.1" y="-17"/>
      <v11 x="-12.75" y="-17.75"/>
    </p0>
  </boom2>
  <boom3 x="3513.2" y="-889" rot="0" type="2" den="1" frc="0.5" rst="0" sens="false" geom="2" z="440" dx="0.5" dy="0.5" x1="0" x2="0" phase="2">
    <p0>
      <v0 x="12.25" y="-17.75"/>
      <v1 x="16.95" y="-16.95"/>
      <v2 x="17.75" y="-11.95"/>
      <v3 x="17.75" y="11.95"/>
      <v4 x="17" y="17.1"/>
      <v5 x="12.25" y="17.75"/>
      <v6 x="-12" y="17.75"/>
      <v7 x="-16.9" y="16.85"/>
      <v8 x="-17.75" y="12.4"/>
      <v9 x="-17.75" y="-12"/>
      <v10 x="-17.1" y="-17"/>
      <v11 x="-12.75" y="-17.75"/>
    </p0>
  </boom3>
  <boom4 x="3915" y="-1339.05" rot="0" type="2" den="1" frc="0.5" rst="0" sens="false" geom="2" z="439" dx="0.5" dy="0.5" x1="0" x2="0" phase="2">
    <p0>
      <v0 x="12.25" y="-17.75"/>
      <v1 x="16.95" y="-16.95"/>
      <v2 x="17.75" y="-11.95"/>
      <v3 x="17.75" y="11.95"/>
      <v4 x="17" y="17.1"/>
      <v5 x="12.25" y="17.75"/>
      <v6 x="-12" y="17.75"/>
      <v7 x="-16.9" y="16.85"/>
      <v8 x="-17.75" y="12.4"/>
      <v9 x="-17.75" y="-12"/>
      <v10 x="-17.1" y="-17"/>
      <v11 x="-12.75" y="-17.75"/>
    </p0>
  </boom4>
  <door3 x="3406.65" y="-1122.6" rot="89.9948" type="0" den="0" frc="0.4" rst="0" sens="false" geom="2" z="128" dx="0.1297" dy="0.4982" check="2">
    <p0>
      <v0 x="0" y="-55"/>
      <v1 x="12" y="-55"/>
      <v2 x="12" y="55"/>
      <v3 x="0" y="55"/>
    </p0>
  </door3>
  <key3 x="3405.5" y="-1185" rot="0" type="0" den="0" frc="0" rst="0" sens="true" geom="2" z="437" dx="0.5033" dy="0.4983">
    <p0>
      <v0 x="-18" y="18"/>
      <v1 x="-18" y="-18"/>
      <v2 x="18" y="-18"/>
      <v3 x="18" y="18"/>
    </p0>
  </key3>
  <door4 x="3405.85" y="-1020.35" rot="89.9948" type="0" den="0" frc="0.4" rst="0" sens="false" geom="2" z="127" dx="0.1297" dy="0.4982" check="2">
    <p0>
      <v0 x="0" y="-55"/>
      <v1 x="12" y="-55"/>
      <v2 x="12" y="55"/>
      <v3 x="0" y="55"/>
    </p0>
  </door4>
  <stairs_0 x="0" y="0" rot="0" type="0" den="0" frc="0" rst="0" sens="true" geom="2">
    <p0>
      <v0 x="3360" y="-1020"/>
      <v1 x="3390" y="-1020"/>
      <v2 x="3390" y="-870"/>
      <v3 x="3360" y="-870"/>
    </p0>
  </stairs_0>
  <stairs_1 x="0" y="0" rot="0" type="0" den="0" frc="0" rst="0" sens="true" geom="2">
    <p0>
      <v0 x="3900" y="-1260"/>
      <v1 x="3900" y="-1020"/>
      <v2 x="3870" y="-1020"/>
      <v3 x="3870" y="-1260"/>
    </p0>
  </stairs_1>
  <stairs_2 x="0" y="0" rot="0" type="0" den="0" frc="0" rst="0" sens="true" geom="2">
    <p0>
      <v0 x="4020" y="-1410"/>
      <v1 x="4050" y="-1410"/>
      <v2 x="4050" y="-870"/>
      <v3 x="4020" y="-870"/>
    </p0>
  </stairs_2>
  <caveMask>
    <p0>
      <v0 x="3360" y="-1020"/>
      <v1 x="2910" y="-1020"/>
      <v2 x="2250" y="-1110"/>
      <v3 x="3360" y="-1110"/>
    </p0>
    <p1>
      <v0 x="2910" y="-1020"/>
      <v1 x="2880" y="-990"/>
      <v2 x="2250" y="-1110"/>
    </p1>
    <p2>
      <v0 x="2880" y="-990"/>
      <v1 x="2880" y="-900"/>
      <v2 x="2460" y="-1020"/>
      <v3 x="2250" y="-1110"/>
    </p2>
    <p3>
      <v0 x="2250" y="-1020"/>
      <v1 x="2250" y="-1110"/>
      <v2 x="2460" y="-1020"/>
    </p3>
    <p4>
      <v0 x="2460" y="-1020"/>
      <v1 x="2880" y="-900"/>
      <v2 x="2490" y="-990"/>
    </p4>
    <p5>
      <v0 x="2490" y="-900"/>
      <v1 x="2490" y="-990"/>
      <v2 x="2880" y="-900"/>
    </p5>
    <p6>
      <v0 x="3000" y="-1500"/>
      <v1 x="3090" y="-1500"/>
      <v2 x="3090" y="-1110"/>
      <v3 x="3000" y="-1110"/>
    </p6>
    <p7>
      <v0 x="3960" y="-960"/>
      <v1 x="3960" y="-870"/>
      <v2 x="3360" y="-870"/>
      <v3 x="3450" y="-960"/>
    </p7>
    <p8>
      <v0 x="3450" y="-1320"/>
      <v1 x="3450" y="-960"/>
      <v2 x="3360" y="-870"/>
      <v3 x="3360" y="-1410"/>
    </p8>
    <p9>
      <v0 x="3450" y="-1260"/>
      <v1 x="3900" y="-1260"/>
      <v2 x="3810" y="-1170"/>
      <v3 x="3450" y="-1170"/>
    </p9>
    <p10>
      <v0 x="3900" y="-1260"/>
      <v1 x="3900" y="-1020"/>
      <v2 x="3810" y="-1110"/>
      <v3 x="3810" y="-1170"/>
    </p10>
    <p11>
      <v0 x="3810" y="-1110"/>
      <v1 x="3900" y="-1020"/>
      <v2 x="3450" y="-1020"/>
      <v3 x="3450" y="-1110"/>
    </p11>
    <p12>
      <v0 x="3450" y="-1320"/>
      <v1 x="3360" y="-1410"/>
      <v2 x="4050" y="-1410"/>
      <v3 x="3960" y="-1320"/>
    </p12>
    <p13>
      <v0 x="3960" y="-720"/>
      <v1 x="3960" y="-1320"/>
      <v2 x="4050" y="-1410"/>
      <v3 x="4050" y="-720"/>
    </p13>
  </caveMask>
</level_68>
