<level_54>
  <checkPoints>
    <p0 x="-1240.55" y="-521"/>
    <p1 x="-40" y="25"/>
    <p2 x="960" y="25"/>
  </checkPoints>
  <viewPoints>
    <p0 x="-1480.2" f="0.2" h="41"/>
    <p1 x="-1142" f="0.2" h="41"/>
    <p2 x="-777" f="0.8" h="41"/>
    <p3 x="-520" f="0.5" h="41"/>
    <p4 x="1280.35" f="0.5" h="41"/>
  </viewPoints>
  <joints>
    <j1 type="2" bA="plat1" bB="ground" col="false">
      <anchor x="445.9969" y="48.252"/>
      <axis x="1" y="0"/>
      <force>100</force>
      <speed>-6.5</speed>
      <isMotor>true</isMotor>
      <isLimit>true</isLimit>
      <limitA>-10.4333</limitA>
      <limitB>10.5667</limitB>
    </j1>
  </joints>
  <frame x="-1480.2" y="-640.1" w="2760.55" h="921.1"/>
  <frameLeft x="0" y="0" rot="0" type="0" den="0" frc="0" rst="0" sens="false" geom="1" category="65535" mask="65535">
    <v0 x="-1480.2" y="-640.1"/>
    <v1 x="-1480.2" y="281"/>
  </frameLeft>
  <frameRight x="0" y="0" rot="0" type="0" den="0" frc="0" rst="0" sens="false" geom="1" category="65535" mask="65239">
    <v0 x="1280.35" y="281"/>
    <v1 x="1280.35" y="-640.1"/>
  </frameRight>
  <speedUp_1 x="-760" y="155" rot="-89.9948" type="0" den="0" frc="0" rst="0" sens="true" geom="2" z="7" dx="0.5" dy="0.5">
    <p0>
      <v0 x="-40" y="20"/>
      <v1 x="-40" y="-20"/>
      <v2 x="40" y="-20"/>
      <v3 x="40" y="20"/>
    </p0>
  </speedUp_1>
  <speedUp_2 x="-820" y="160" rot="-89.9948" type="0" den="0" frc="0" rst="0" sens="true" geom="2" z="8" dx="0.5" dy="0.5">
    <p0>
      <v0 x="-40" y="20"/>
      <v1 x="-40" y="-20"/>
      <v2 x="40" y="-20"/>
      <v3 x="40" y="20"/>
    </p0>
  </speedUp_2>
  <speedUp_3 x="-700" y="150" rot="-89.9948" type="0" den="0" frc="0" rst="0" sens="true" geom="2" z="9" dx="0.5" dy="0.5">
    <p0>
      <v0 x="-40" y="20"/>
      <v1 x="-40" y="-20"/>
      <v2 x="40" y="-20"/>
      <v3 x="40" y="20"/>
    </p0>
  </speedUp_3>
  <speedUp_4 x="-640" y="145" rot="-89.9948" type="0" den="0" frc="0" rst="0" sens="true" geom="2" z="10" dx="0.5" dy="0.5">
    <p0>
      <v0 x="-40" y="20"/>
      <v1 x="-40" y="-20"/>
      <v2 x="40" y="-20"/>
      <v3 x="40" y="20"/>
    </p0>
  </speedUp_4>
  <speedUp_5 x="-959.95" y="-97.5" rot="-89.9948" type="0" den="0" frc="0" rst="0" sens="true" geom="2" z="11" dx="0.5" dy="0.5">
    <p0>
      <v0 x="-40" y="20"/>
      <v1 x="-40" y="-20"/>
      <v2 x="40" y="-20"/>
      <v3 x="40" y="20"/>
    </p0>
  </speedUp_5>
  <speedUp_6 x="-959.95" y="-298.5" rot="-89.9948" type="0" den="0" frc="0" rst="0" sens="true" geom="2" z="12" dx="0.5" dy="0.5">
    <p0>
      <v0 x="-40" y="20"/>
      <v1 x="-40" y="-20"/>
      <v2 x="40" y="-20"/>
      <v3 x="40" y="20"/>
    </p0>
  </speedUp_6>
  <body_9 x="-1293.95" y="-391.4" rot="0" type="0" den="0" frc="0.4" rst="0" sens="false" geom="2" image="balk90_1" z="14" dx="0.5" dy="0.5">
    <p0>
      <v0 x="42.55" y="-5.15"/>
      <v1 x="44.05" y="-2"/>
      <v2 x="44.05" y="0.85"/>
      <v3 x="43.35" y="3.6"/>
      <v4 x="42.05" y="5.75"/>
      <v5 x="39.35" y="8"/>
      <v6 x="-40" y="8"/>
      <v7 x="-42" y="5.75"/>
      <v8 x="-43.3" y="3.6"/>
      <v9 x="-44" y="0.85"/>
      <v10 x="-44" y="-2"/>
      <v11 x="-42.5" y="-5.15"/>
      <v12 x="-39.45" y="-8"/>
      <v13 x="39.4" y="-8"/>
    </p0>
  </body_9>
  <body_10 x="-1211" y="-391.4" rot="0" type="0" den="0" frc="0.4" rst="0" sens="false" geom="2" image="balk90" z="15" dx="0.5" dy="0.5">
    <p0>
      <v0 x="42.55" y="-5.15"/>
      <v1 x="44.05" y="-2"/>
      <v2 x="44.05" y="0.85"/>
      <v3 x="43.35" y="3.6"/>
      <v4 x="42.05" y="5.75"/>
      <v5 x="39.35" y="8"/>
      <v6 x="-40" y="8"/>
      <v7 x="-42" y="5.75"/>
      <v8 x="-43.3" y="3.6"/>
      <v9 x="-44" y="0.85"/>
      <v10 x="-44" y="-2"/>
      <v11 x="-42.5" y="-5.15"/>
      <v12 x="-39.45" y="-8"/>
      <v13 x="39.4" y="-8"/>
    </p0>
  </body_10>
  <body_11 x="-1124" y="-391.4" rot="0" type="0" den="0" frc="0.4" rst="0" sens="false" geom="2" image="balk90_6" z="16" dx="0.5" dy="0.5">
    <p0>
      <v0 x="42.55" y="-5.15"/>
      <v1 x="44.05" y="-2"/>
      <v2 x="44.05" y="0.85"/>
      <v3 x="43.35" y="3.6"/>
      <v4 x="42.05" y="5.75"/>
      <v5 x="39.35" y="8"/>
      <v6 x="-40" y="8"/>
      <v7 x="-42" y="5.75"/>
      <v8 x="-43.3" y="3.6"/>
      <v9 x="-44" y="0.85"/>
      <v10 x="-44" y="-2"/>
      <v11 x="-42.5" y="-5.15"/>
      <v12 x="-39.45" y="-8"/>
      <v13 x="39.4" y="-8"/>
    </p0>
  </body_11>
  <body_12 x="-1167.9" y="-235.65" rot="-90.0052" type="0" den="0" frc="0.4" rst="0" sens="false" geom="2" image="balk90_1_cut1" z="18" dx="0.5" dy="0.5">
    <p0>
      <v0 x="42.55" y="-5.15"/>
      <v1 x="44.05" y="-2"/>
      <v2 x="44.05" y="0.85"/>
      <v3 x="43.35" y="3.6"/>
      <v4 x="42.05" y="5.75"/>
      <v5 x="39.35" y="8"/>
      <v6 x="-40" y="8"/>
      <v7 x="-42" y="5.75"/>
      <v8 x="-43.3" y="3.6"/>
      <v9 x="-44" y="0.85"/>
      <v10 x="-44" y="-2"/>
      <v11 x="-42.5" y="-5.15"/>
      <v12 x="-39.45" y="-8"/>
      <v13 x="39.4" y="-8"/>
    </p0>
  </body_12>
  <body_13 x="-1121.05" y="-191.5" rot="0" type="0" den="0" frc="0.4" rst="0" sens="false" geom="2" image="balk110_2" z="19" dx="0.5" dy="0.5">
    <p0>
      <v0 x="52.55" y="-5.15"/>
      <v1 x="54.05" y="-2"/>
      <v2 x="54.05" y="0.85"/>
      <v3 x="53.35" y="3.6"/>
      <v4 x="52.05" y="5.75"/>
      <v5 x="49.35" y="8"/>
      <v6 x="-50" y="8"/>
      <v7 x="-52" y="5.75"/>
      <v8 x="-53.3" y="3.6"/>
      <v9 x="-54" y="0.85"/>
      <v10 x="-54" y="-2"/>
      <v11 x="-52.5" y="-5.15"/>
      <v12 x="-49.45" y="-8"/>
      <v13 x="49.4" y="-8"/>
    </p0>
  </body_13>
  <body_14 x="-1167.9" y="-35.65" rot="-90.0052" type="0" den="0" frc="0.4" rst="0" sens="false" geom="2" image="balk90_1_cut1" z="21" dx="0.5" dy="0.5">
    <p0>
      <v0 x="42.55" y="-5.15"/>
      <v1 x="44.05" y="-2"/>
      <v2 x="44.05" y="0.85"/>
      <v3 x="43.35" y="3.6"/>
      <v4 x="42.05" y="5.75"/>
      <v5 x="39.35" y="8"/>
      <v6 x="-40" y="8"/>
      <v7 x="-42" y="5.75"/>
      <v8 x="-43.3" y="3.6"/>
      <v9 x="-44" y="0.85"/>
      <v10 x="-44" y="-2"/>
      <v11 x="-42.5" y="-5.15"/>
      <v12 x="-39.45" y="-8"/>
      <v13 x="39.4" y="-8"/>
    </p0>
  </body_14>
  <body_15 x="-1121.05" y="8.5" rot="0" type="0" den="0" frc="0.4" rst="0" sens="false" geom="2" image="balk110_2" z="22" dx="0.5" dy="0.5">
    <p0>
      <v0 x="52.55" y="-5.15"/>
      <v1 x="54.05" y="-2"/>
      <v2 x="54.05" y="0.85"/>
      <v3 x="53.35" y="3.6"/>
      <v4 x="52.05" y="5.75"/>
      <v5 x="49.35" y="8"/>
      <v6 x="-50" y="8"/>
      <v7 x="-52" y="5.75"/>
      <v8 x="-53.3" y="3.6"/>
      <v9 x="-54" y="0.85"/>
      <v10 x="-54" y="-2"/>
      <v11 x="-52.5" y="-5.15"/>
      <v12 x="-49.45" y="-8"/>
      <v13 x="49.4" y="-8"/>
    </p0>
  </body_15>
  <body_16 x="-750" y="-41" rot="-89.9948" type="0" den="0" frc="0.4" rst="0" sens="false" geom="2" image="balk90_6" z="23" dx="0.5" dy="0.5">
    <p0>
      <v0 x="42.55" y="-5.15"/>
      <v1 x="44.05" y="-2"/>
      <v2 x="44.05" y="0.85"/>
      <v3 x="43.35" y="3.6"/>
      <v4 x="42.05" y="5.75"/>
      <v5 x="39.35" y="8"/>
      <v6 x="-40" y="8"/>
      <v7 x="-42" y="5.75"/>
      <v8 x="-43.3" y="3.6"/>
      <v9 x="-44" y="0.85"/>
      <v10 x="-44" y="-2"/>
      <v11 x="-42.5" y="-5.15"/>
      <v12 x="-39.45" y="-8"/>
      <v13 x="39.4" y="-8"/>
    </p0>
  </body_16>
  <body_17 x="-796.7" y="8.15" rot="0" type="0" den="0" frc="0.4" rst="0" sens="false" geom="2" image="balk110_4" z="24" dx="0.5" dy="0.5">
    <p0>
      <v0 x="52.55" y="-5.15"/>
      <v1 x="54.05" y="-2"/>
      <v2 x="54.05" y="0.85"/>
      <v3 x="53.35" y="3.6"/>
      <v4 x="52.05" y="5.75"/>
      <v5 x="49.35" y="8"/>
      <v6 x="-50" y="8"/>
      <v7 x="-52" y="5.75"/>
      <v8 x="-53.3" y="3.6"/>
      <v9 x="-54" y="0.85"/>
      <v10 x="-54" y="-2"/>
      <v11 x="-52.5" y="-5.15"/>
      <v12 x="-49.45" y="-8"/>
      <v13 x="49.4" y="-8"/>
    </p0>
  </body_17>
  <body_18 x="-797.45" y="-191.45" rot="0" type="0" den="0" frc="0.4" rst="0" sens="false" geom="2" image="balk110" z="26" dx="0.5" dy="0.5">
    <p0>
      <v0 x="52.55" y="-5.15"/>
      <v1 x="54.05" y="-2"/>
      <v2 x="54.05" y="0.85"/>
      <v3 x="53.35" y="3.6"/>
      <v4 x="52.05" y="5.75"/>
      <v5 x="49.35" y="8"/>
      <v6 x="-50" y="8"/>
      <v7 x="-52" y="5.75"/>
      <v8 x="-53.3" y="3.6"/>
      <v9 x="-54" y="0.85"/>
      <v10 x="-54" y="-2"/>
      <v11 x="-52.5" y="-5.15"/>
      <v12 x="-49.45" y="-8"/>
      <v13 x="49.4" y="-8"/>
    </p0>
  </body_18>
  <body_19 x="-750" y="-135" rot="-89.9948" type="0" den="0" frc="0.4" rst="0" sens="false" geom="2" image="balk110_1" z="27" dx="0.5" dy="0.5">
    <p0>
      <v0 x="52.55" y="-5.15"/>
      <v1 x="54.05" y="-2"/>
      <v2 x="54.05" y="0.85"/>
      <v3 x="53.35" y="3.6"/>
      <v4 x="52.05" y="5.75"/>
      <v5 x="49.35" y="8"/>
      <v6 x="-50" y="8"/>
      <v7 x="-52" y="5.75"/>
      <v8 x="-53.3" y="3.6"/>
      <v9 x="-54" y="0.85"/>
      <v10 x="-54" y="-2"/>
      <v11 x="-52.5" y="-5.15"/>
      <v12 x="-49.45" y="-8"/>
      <v13 x="49.4" y="-8"/>
    </p0>
  </body_19>
  <body_20 x="48.45" y="12.4" rot="-89.9948" type="0" den="0" frc="0.4" rst="0" sens="false" geom="2" image="balk90_6_cut1" z="29" dx="0.5" dy="0.5">
    <p0>
      <v0 x="42.55" y="-5.15"/>
      <v1 x="44.05" y="-2"/>
      <v2 x="44.05" y="0.85"/>
      <v3 x="43.35" y="3.6"/>
      <v4 x="42.05" y="5.75"/>
      <v5 x="39.35" y="8"/>
      <v6 x="-40" y="8"/>
      <v7 x="-42" y="5.75"/>
      <v8 x="-43.3" y="3.6"/>
      <v9 x="-44" y="0.85"/>
      <v10 x="-44" y="-2"/>
      <v11 x="-42.5" y="-5.15"/>
      <v12 x="-39.45" y="-8"/>
      <v13 x="39.4" y="-8"/>
    </p0>
  </body_20>
  <body_21 x="-73.3" y="49.4" rot="0" type="0" den="0" frc="0.4" rst="0" sens="false" geom="2" image="balk90_1" z="30" dx="0.5" dy="0.5">
    <p0>
      <v0 x="42.55" y="-5.15"/>
      <v1 x="44.05" y="-2"/>
      <v2 x="44.05" y="0.85"/>
      <v3 x="43.35" y="3.6"/>
      <v4 x="42.05" y="5.75"/>
      <v5 x="39.35" y="8"/>
      <v6 x="-40" y="8"/>
      <v7 x="-42" y="5.75"/>
      <v8 x="-43.3" y="3.6"/>
      <v9 x="-44" y="0.85"/>
      <v10 x="-44" y="-2"/>
      <v11 x="-42.5" y="-5.15"/>
      <v12 x="-39.45" y="-8"/>
      <v13 x="39.4" y="-8"/>
    </p0>
  </body_21>
  <body_22 x="12.2" y="49.4" rot="0" type="0" den="0" frc="0.4" rst="0" sens="false" geom="2" image="balk90_3" z="31" dx="0.5" dy="0.5">
    <p0>
      <v0 x="42.55" y="-5.15"/>
      <v1 x="44.05" y="-2"/>
      <v2 x="44.05" y="0.85"/>
      <v3 x="43.35" y="3.6"/>
      <v4 x="42.05" y="5.75"/>
      <v5 x="39.35" y="8"/>
      <v6 x="-40" y="8"/>
      <v7 x="-42" y="5.75"/>
      <v8 x="-43.3" y="3.6"/>
      <v9 x="-44" y="0.85"/>
      <v10 x="-44" y="-2"/>
      <v11 x="-42.5" y="-5.15"/>
      <v12 x="-39.45" y="-8"/>
      <v13 x="39.4" y="-8"/>
    </p0>
  </body_22>
  <body_23 x="848.45" y="12.4" rot="-89.9948" type="0" den="0" frc="0.4" rst="0" sens="false" geom="2" image="balk90_6_cut1" z="34" dx="0.5" dy="0.5">
    <p0>
      <v0 x="42.55" y="-5.15"/>
      <v1 x="44.05" y="-2"/>
      <v2 x="44.05" y="0.85"/>
      <v3 x="43.35" y="3.6"/>
      <v4 x="42.05" y="5.75"/>
      <v5 x="39.35" y="8"/>
      <v6 x="-40" y="8"/>
      <v7 x="-42" y="5.75"/>
      <v8 x="-43.3" y="3.6"/>
      <v9 x="-44" y="0.85"/>
      <v10 x="-44" y="-2"/>
      <v11 x="-42.5" y="-5.15"/>
      <v12 x="-39.45" y="-8"/>
      <v13 x="39.4" y="-8"/>
    </p0>
  </body_23>
  <body_24 x="1057" y="48.25" rot="0" type="0" den="0" frc="0.4" rst="0" sens="false" geom="2" image="balk90" z="35" dx="0.5" dy="0.5">
    <p0>
      <v0 x="42.55" y="-5.15"/>
      <v1 x="44.05" y="-2"/>
      <v2 x="44.05" y="0.85"/>
      <v3 x="43.35" y="3.6"/>
      <v4 x="42.05" y="5.75"/>
      <v5 x="39.35" y="8"/>
      <v6 x="-40" y="8"/>
      <v7 x="-42" y="5.75"/>
      <v8 x="-43.3" y="3.6"/>
      <v9 x="-44" y="0.85"/>
      <v10 x="-44" y="-2"/>
      <v11 x="-42.5" y="-5.15"/>
      <v12 x="-39.45" y="-8"/>
      <v13 x="39.4" y="-8"/>
    </p0>
  </body_24>
  <body_25 x="971" y="48.25" rot="0" type="0" den="0" frc="0.4" rst="0" sens="false" geom="2" image="balk90" z="36" dx="0.5" dy="0.5">
    <p0>
      <v0 x="42.55" y="-5.15"/>
      <v1 x="44.05" y="-2"/>
      <v2 x="44.05" y="0.85"/>
      <v3 x="43.35" y="3.6"/>
      <v4 x="42.05" y="5.75"/>
      <v5 x="39.35" y="8"/>
      <v6 x="-40" y="8"/>
      <v7 x="-42" y="5.75"/>
      <v8 x="-43.3" y="3.6"/>
      <v9 x="-44" y="0.85"/>
      <v10 x="-44" y="-2"/>
      <v11 x="-42.5" y="-5.15"/>
      <v12 x="-39.45" y="-8"/>
      <v13 x="39.4" y="-8"/>
    </p0>
  </body_25>
  <body_26 x="885.5" y="48.25" rot="0" type="0" den="0" frc="0.4" rst="0" sens="false" geom="2" image="balk90_5" z="37" dx="0.5" dy="0.5">
    <p0>
      <v0 x="42.55" y="-5.15"/>
      <v1 x="44.05" y="-2"/>
      <v2 x="44.05" y="0.85"/>
      <v3 x="43.35" y="3.6"/>
      <v4 x="42.05" y="5.75"/>
      <v5 x="39.35" y="8"/>
      <v6 x="-40" y="8"/>
      <v7 x="-42" y="5.75"/>
      <v8 x="-43.3" y="3.6"/>
      <v9 x="-44" y="0.85"/>
      <v10 x="-44" y="-2"/>
      <v11 x="-42.5" y="-5.15"/>
      <v12 x="-39.45" y="-8"/>
      <v13 x="39.4" y="-8"/>
    </p0>
  </body_26>
  <body_27 x="1144" y="48.25" rot="0" type="0" den="0" frc="0.4" rst="0" sens="false" geom="2" image="balk90_6" z="42" dx="0.5" dy="0.5">
    <p0>
      <v0 x="42.55" y="-5.15"/>
      <v1 x="44.05" y="-2"/>
      <v2 x="44.05" y="0.85"/>
      <v3 x="43.35" y="3.6"/>
      <v4 x="42.05" y="5.75"/>
      <v5 x="39.35" y="8"/>
      <v6 x="-40" y="8"/>
      <v7 x="-42" y="5.75"/>
      <v8 x="-43.3" y="3.6"/>
      <v9 x="-44" y="0.85"/>
      <v10 x="-44" y="-2"/>
      <v11 x="-42.5" y="-5.15"/>
      <v12 x="-39.45" y="-8"/>
      <v13 x="39.4" y="-8"/>
    </p0>
  </body_27>
  <body_28 x="-750" y="-229.6" rot="-89.9948" type="0" den="0" frc="0.4" rst="0" sens="false" geom="2" image="balk90_6" z="43" dx="0.5" dy="0.5">
    <p0>
      <v0 x="42.55" y="-5.15"/>
      <v1 x="44.05" y="-2"/>
      <v2 x="44.05" y="0.85"/>
      <v3 x="43.35" y="3.6"/>
      <v4 x="42.05" y="5.75"/>
      <v5 x="39.35" y="8"/>
      <v6 x="-40" y="8"/>
      <v7 x="-42" y="5.75"/>
      <v8 x="-43.3" y="3.6"/>
      <v9 x="-44" y="0.85"/>
      <v10 x="-44" y="-2"/>
      <v11 x="-42.5" y="-5.15"/>
      <v12 x="-39.45" y="-8"/>
      <v13 x="39.4" y="-8"/>
    </p0>
  </body_28>
  <body_29 x="-750" y="-314.6" rot="-89.9948" type="0" den="0" frc="0.4" rst="0" sens="false" geom="2" image="balk90" z="44" dx="0.5" dy="0.5">
    <p0>
      <v0 x="42.55" y="-5.15"/>
      <v1 x="44.05" y="-2"/>
      <v2 x="44.05" y="0.85"/>
      <v3 x="43.35" y="3.6"/>
      <v4 x="42.05" y="5.75"/>
      <v5 x="39.35" y="8"/>
      <v6 x="-40" y="8"/>
      <v7 x="-42" y="5.75"/>
      <v8 x="-43.3" y="3.6"/>
      <v9 x="-44" y="0.85"/>
      <v10 x="-44" y="-2"/>
      <v11 x="-42.5" y="-5.15"/>
      <v12 x="-39.45" y="-8"/>
      <v13 x="39.4" y="-8"/>
    </p0>
  </body_29>
  <body_30 x="-750" y="-413" rot="-89.9948" type="0" den="0" frc="0.4" rst="0" sens="false" geom="2" image="balk110_1" z="45" dx="0.5" dy="0.5">
    <p0>
      <v0 x="52.55" y="-5.15"/>
      <v1 x="54.05" y="-2"/>
      <v2 x="54.05" y="0.85"/>
      <v3 x="53.35" y="3.6"/>
      <v4 x="52.05" y="5.75"/>
      <v5 x="49.35" y="8"/>
      <v6 x="-50" y="8"/>
      <v7 x="-52" y="5.75"/>
      <v8 x="-53.3" y="3.6"/>
      <v9 x="-54" y="0.85"/>
      <v10 x="-54" y="-2"/>
      <v11 x="-52.5" y="-5.15"/>
      <v12 x="-49.45" y="-8"/>
      <v13 x="49.4" y="-8"/>
    </p0>
  </body_30>
  <decor_1 x="-1275.25" y="-354.75" rot="0" z="46" dx="0.5131" dy="0.4127" image="decor_3"/>
  <decor_2 x="-732.6" y="-229.65" rot="-90" z="47" dx="0.5" dy="0.5" image="decor_2"/>
  <decor_3 x="26.15" y="86.25" rot="0" z="48" dx="0.5131" dy="0.4127" image="decor_3"/>
  <decor_4 x="-82.7" y="79.4" rot="0" z="49" dx="0.5487" dy="0.4659" image="decor_5"/>
  <decor_5 x="-1185.4" y="-232.05" rot="90" z="50" dx="0.5" dy="0.5" image="decor_2"/>
  <decor_6 x="886.45" y="84.9" rot="0" z="51" dx="0.5131" dy="0.4127" image="decor_3"/>
  <decor_7 x="1054.1" y="66.3" rot="0" z="52" dx="0.5" dy="0.5" image="decor_2"/>
  <decor_8 x="1163.55" y="66.35" rot="0" z="53" dx="0.5" dy="0.5" image="decor_2"/>
  <playerBall x="-1240.55" y="-521" rot="0" type="2" den="1" frc="0.15" rst="0" sens="false" geom="0" z="56" dx="0.4824" dy="0.3283" category="100" mask="65533">
    <radius>40</radius>
  </playerBall>
  <beginTeleport x="-1240.5" y="-520.15" rot="0" z="13" dx="0.5" dy="0.5"/>
  <star1 x="-800.15" y="-240" rot="0" type="0" den="0" frc="0" rst="0" sens="true" geom="0" z="50" dx="0.494" dy="0.5008">
    <radius>20</radius>
  </star1>
  <star2 x="-1120.15" y="-40" rot="0" type="0" den="0" frc="0" rst="0" sens="true" geom="0" z="50" dx="0.494" dy="0.5008">
    <radius>20</radius>
  </star2>
  <star3 x="-640.15" y="80" rot="0" type="0" den="0" frc="0" rst="0" sens="true" geom="0" z="50" dx="0.494" dy="0.5008">
    <radius>20</radius>
  </star3>
  <star4 x="-520.15" y="-47.8" rot="0" type="0" den="0" frc="0" rst="0" sens="true" geom="0" z="50" dx="0.494" dy="0.5008">
    <radius>20</radius>
  </star4>
  <star5 x="-360.15" y="-130" rot="0" type="0" den="0" frc="0" rst="0" sens="true" geom="0" z="50" dx="0.494" dy="0.5008">
    <radius>20</radius>
  </star5>
  <star6 x="273.05" y="21.2" rot="0" type="0" den="0" frc="0" rst="0" sens="true" geom="0" z="50" dx="0.494" dy="0.5008">
    <radius>20</radius>
  </star6>
  <star7 x="618.85" y="21.2" rot="0" type="0" den="0" frc="0" rst="0" sens="true" geom="0" z="50" dx="0.494" dy="0.5008">
    <radius>20</radius>
  </star7>
  <star8 x="1063.5" y="9.5" rot="0" type="0" den="0" frc="0" rst="0" sens="true" geom="0" z="50" dx="0.494" dy="0.5008">
    <radius>20</radius>
  </star8>
  <star9 x="1062.5" y="-67.95" rot="0" type="0" den="0" frc="0" rst="0" sens="true" geom="0" z="50" dx="0.494" dy="0.5008">
    <radius>20</radius>
  </star9>
  <star10 x="1142.8" y="-67.95" rot="0" type="0" den="0" frc="0" rst="0" sens="true" geom="0" z="50" dx="0.494" dy="0.5008">
    <radius>20</radius>
  </star10>
  <star11 x="1143.8" y="10.5" rot="0" type="0" den="0" frc="0" rst="0" sens="true" geom="0" z="50" dx="0.494" dy="0.5008">
    <radius>20</radius>
  </star11>
  <winTeleport x="-960" y="-520" rot="0" type="0" den="0" frc="0" rst="0" sens="true" geom="0" z="17" dx="0.5" dy="0.5">
    <radius>50</radius>
  </winTeleport>
  <exitLabel x="-295.4" y="10.5" rot="0" z="2" dx="0.5" dy="0.64"/>
  <alien1 x="-1122.25" y="-218" rot="0" type="2" den="1" frc="0.5" rst="0" sens="false" geom="2" z="20" dx="0.5" dy="0.5" x1="0" x2="0" phase="0">
    <p0>
      <v0 x="12.25" y="-17.75"/>
      <v1 x="16.95" y="-16.95"/>
      <v2 x="17.75" y="-11.95"/>
      <v3 x="17.75" y="11.95"/>
      <v4 x="17" y="17.1"/>
      <v5 x="12.25" y="17.75"/>
      <v6 x="-12" y="17.75"/>
      <v7 x="-16.9" y="16.85"/>
      <v8 x="-17.75" y="12.4"/>
      <v9 x="-17.75" y="-12"/>
      <v10 x="-17.1" y="-17"/>
      <v11 x="-12.75" y="-17.75"/>
    </p0>
  </alien1>
  <alien2 x="-797.15" y="-18.35" rot="0" type="2" den="1" frc="0.5" rst="0" sens="false" geom="2" z="25" dx="0.5" dy="0.5" x1="0" x2="0" phase="0">
    <p0>
      <v0 x="12.25" y="-17.75"/>
      <v1 x="16.95" y="-16.95"/>
      <v2 x="17.75" y="-11.95"/>
      <v3 x="17.75" y="11.95"/>
      <v4 x="17" y="17.1"/>
      <v5 x="12.25" y="17.75"/>
      <v6 x="-12" y="17.75"/>
      <v7 x="-16.9" y="16.85"/>
      <v8 x="-17.75" y="12.4"/>
      <v9 x="-17.75" y="-12"/>
      <v10 x="-17.1" y="-17"/>
      <v11 x="-12.75" y="-17.75"/>
    </p0>
  </alien2>
  <plat1 x="446" y="48.25" rot="0" type="2" den="1" frc="0.4" rst="0" sens="false" geom="2" z="32" dx="0.5007" dy="0.5061" orient="0" limitA="133" limitB="763" graph="balk140">
    <p0>
      <v0 x="67.55" y="-5.15"/>
      <v1 x="69.05" y="-2"/>
      <v2 x="69.05" y="0.85"/>
      <v3 x="68.35" y="3.6"/>
      <v4 x="67.05" y="5.75"/>
      <v5 x="64.35" y="8"/>
      <v6 x="-65" y="8"/>
      <v7 x="-67" y="5.75"/>
      <v8 x="-68.3" y="3.6"/>
      <v9 x="-69" y="0.85"/>
      <v10 x="-69" y="-2"/>
      <v11 x="-67.5" y="-5.15"/>
      <v12 x="-64.45" y="-8"/>
      <v13 x="64.4" y="-8"/>
    </p0>
  </plat1>
  <triangle1 x="100.3" y="-80" rot="0" type="0" den="0" frc="0" rst="0" sens="true" geom="0" z="5" dx="0.5153" dy="0.5036" fullDelay="2.5">
    <radius>30</radius>
  </triangle1>
  <triangle2 x="446.1" y="-80" rot="0" type="0" den="0" frc="0" rst="0" sens="true" geom="0" z="6" dx="0.5153" dy="0.5036" fullDelay="2.5">
    <radius>30</radius>
  </triangle2>
  <triangle3 x="792" y="-80" rot="0" type="0" den="0" frc="0" rst="0" sens="true" geom="0" z="4" dx="0.5153" dy="0.5036" fullDelay="2.5">
    <radius>30</radius>
  </triangle3>
  <laser_1 body="body_50">
    <emitter1/>
    <emitter2/>
  </laser_1>
  <emitter1 x="77.05" y="0.1" rot="0" z="28" dx="0.793" dy="0.5"/>
  <emitter2 x="819.2" y="0.15" rot="0" z="33" dx="0.207" dy="0.5"/>
  <body_50 x="0" y="0" rot="0" type="0" den="0" frc="0" rst="0" sens="true" geom="1">
    <v0 x="77.05" y="0.1"/>
    <v1 x="819.2" y="0.15"/>
  </body_50>
  <triangle4 x="1105.6" y="-30.25" rot="0" type="0" den="0" frc="0" rst="0" sens="true" geom="0" z="3" dx="0.5153" dy="0.5036" fullDelay="0">
    <radius>30</radius>
  </triangle4>
  <laser_2 body="body_52">
    <splash1/>
    <splash2/>
    <splash3/>
    <splash4/>
    <splash1/>
  </laser_2>
  <splash1 x="-1009.3" y="-469.95" rot="0" z="39" dx="0.5" dy="0.5"/>
  <splash2 x="-909.3" y="-469.95" rot="0" z="38" dx="0.5" dy="0.5"/>
  <splash3 x="-909.3" y="-569.95" rot="0" z="41" dx="0.5" dy="0.5"/>
  <splash4 x="-1009.3" y="-569.95" rot="0" z="40" dx="0.5" dy="0.5"/>
  <body_52 x="0" y="0" rot="0" type="0" den="0" frc="0" rst="0" sens="true" geom="1">
    <v0 x="-1009.3" y="-469.95"/>
    <v1 x="-909.3" y="-469.95"/>
    <v2 x="-909.3" y="-569.95"/>
    <v3 x="-1009.3" y="-569.95"/>
    <v4 x="-1009.3" y="-469.95"/>
  </body_52>
  <precipice1 x="0" y="0" rot="0" type="0" den="0" frc="0" rst="0" sens="true" geom="2">
    <p0>
      <v0 x="1320" y="101"/>
      <v1 x="1320" y="320"/>
      <v2 x="-560" y="240"/>
      <v3 x="-480" y="120"/>
      <v4 x="-120" y="101"/>
    </p0>
    <p1>
      <v0 x="-560" y="240"/>
      <v1 x="1320" y="320"/>
      <v2 x="-1520" y="320"/>
      <v3 x="-840" y="240"/>
    </p1>
    <p2>
      <v0 x="-1080" y="40"/>
      <v1 x="-840" y="240"/>
      <v2 x="-1520" y="320"/>
      <v3 x="-1520" y="40"/>
    </p2>
  </precipice1>
  <precipice2 x="0" y="0" rot="0" type="0" den="0" frc="0" rst="0" sens="true" geom="2">
    <p0>
      <v0 x="-440" y="-680"/>
      <v1 x="-440" y="-640"/>
      <v2 x="-1520" y="-640"/>
      <v3 x="-1520" y="-680"/>
    </p0>
  </precipice2>
</level_54>