{"skeleton":{"hash":"J773d8YuMaNQeLnmqYlZQYaG5CQ","spine":"3.8.99","x":-33.07,"y":-31.02,"width":66.13,"height":62.22,"images":"./Skins/","audio":"D:/01 JOB/01. ZEN STUDIO/24. RED BALL/ANIMATION/RollerBall_Anim_Enemy/Enemy01"},"bones":[{"name":"root"},{"name":"char","parent":"root","scaleX":0.17,"scaleY":0.17},{"name":"pelvid","parent":"char","color":"e84141ff"},{"name":"facial","parent":"pelvid","x":247.39,"y":100.83,"color":"e84141ff"},{"name":"Y black","parent":"facial","x":-2.21,"y":-21.34,"color":"e84141ff"},{"name":"Y","parent":"facial","x":-2.21,"y":-34.59,"color":"e84141ff"},{"name":"M","parent":"facial","x":-3.68,"y":-59.62,"color":"e84141ff"}],"slots":[{"name":"body","bone":"pelvid","attachment":"body"},{"name":"Y1","bone":"Y","attachment":"Y1"},{"name":"Ellipse 1","bone":"Y black","attachment":"Ellipse 1"},{"name":"M1","bone":"M","attachment":"M2"},{"name":"cheek","bone":"facial"},{"name":"cheek2","bone":"facial"}],"skins":[{"name":"EN_01","attachments":{"Ellipse 1":{"Ellipse 1":{"type":"mesh","path":"EN_01/images/Ellipse 1","uvs":[1,1,0,1,0,0,1,0],"triangles":[1,2,3,1,3,0],"vertices":[-157.66,-58.95,-327.66,-58.95,-327.66,-2.95,-157.66,-2.95],"hull":4,"edges":[0,2,2,4,4,6,0,6],"width":170,"height":56}},"M1":{"M1":{"type":"mesh","path":"EN_01/images/M1","uvs":[1,1,0,1,0,0,1,0],"triangles":[1,2,3,1,3,0],"vertices":[-96.19,-181.47,-394.19,-181.47,-394.19,-20.47,-96.19,-20.47],"hull":4,"edges":[0,2,2,4,4,6,0,6],"width":298,"height":161},"M2":{"type":"mesh","path":"EN_01/images/M2","uvs":[1,1,0,1,0,0,1,0],"triangles":[1,2,3,1,3,0],"vertices":[-70.08,-152.16,-410.08,-152.16,-410.08,-49.16,-70.08,-49.16],"hull":4,"edges":[0,2,2,4,4,6,0,6],"width":340,"height":103},"M3":{"type":"mesh","path":"EN_01/images/M3","uvs":[1,1,0,1,0,0,1,0],"triangles":[1,2,3,1,3,0],"vertices":[-203.79,-140.28,-283.79,-140.28,-283.79,-42.28,-203.79,-42.28],"hull":4,"edges":[0,2,2,4,4,6,0,6],"width":80,"height":98}},"Y1":{"Y1":{"type":"mesh","path":"EN_01/images/Y1","uvs":[1,1,0,1,0,0,1,0],"triangles":[1,2,3,1,3,0],"vertices":[-112.45,-80.49,-377.45,-80.49,-377.45,57.51,-112.45,57.51],"hull":4,"edges":[0,2,2,4,4,6,0,6],"width":265,"height":138},"Y2":{"type":"mesh","path":"EN_01/images/Y2","uvs":[1,1,0,1,0,0,1,0],"triangles":[1,2,3,1,3,0],"vertices":[-116.56,-79.84,-376.56,-79.84,-376.56,37.16,-116.56,37.16],"hull":4,"edges":[0,2,2,4,4,6,0,6],"width":260,"height":117},"Y3":{"type":"mesh","path":"EN_01/images/Y3","uvs":[1,1,0,1,0,0,1,0],"triangles":[1,2,3,1,3,0],"vertices":[-110.12,-79.33,-377.12,-79.33,-377.12,61.67,-110.12,61.67],"hull":4,"edges":[0,2,2,4,4,6,0,6],"width":267,"height":141}},"body":{"body":{"path":"EN_01/images/body","y":0.52,"width":389,"height":366}},"cheek":{"cheek":{"type":"mesh","path":"EN_01/images/cheek","uvs":[1,1,0,1,0,0,1,0],"triangles":[1,2,3,1,3,0],"vertices":[-273.82,-233.08,-413.82,-233.08,-413.82,-90.08,-273.82,-90.08],"hull":4,"edges":[0,2,2,4,4,6,0,6],"width":140,"height":143}},"cheek2":{"cheek":{"type":"mesh","path":"EN_01/images/cheek","uvs":[1,1,0,1,0,0,1,0],"triangles":[1,2,3,1,3,0],"vertices":[-82.06,-233.08,-222.06,-233.08,-222.06,-90.08,-82.06,-90.08],"hull":4,"edges":[0,2,2,4,4,6,0,6],"width":140,"height":143}}}},{"name":"EN_02","attachments":{"Ellipse 1":{"Ellipse 1":{"type":"linkedmesh","path":"EN_02/images/Ellipse 1","skin":"EN_01","parent":"Ellipse 1","width":170,"height":56}},"M1":{"M1":{"type":"linkedmesh","path":"EN_02/images/M1","skin":"EN_01","parent":"M1","width":298,"height":161},"M2":{"type":"linkedmesh","path":"EN_02/images/M2","skin":"EN_01","parent":"M2","width":340,"height":103},"M3":{"type":"linkedmesh","path":"EN_02/images/M3","skin":"EN_01","parent":"M3","width":78,"height":96}},"Y1":{"Y1":{"type":"linkedmesh","path":"EN_02/images/Y1","skin":"EN_01","parent":"Y1","width":265,"height":138},"Y2":{"type":"linkedmesh","path":"EN_02/images/Y2","skin":"EN_01","parent":"Y2","width":258,"height":115},"Y3":{"type":"linkedmesh","path":"EN_02/images/Y3","skin":"EN_01","parent":"Y3","width":267,"height":141}},"body":{"body":{"path":"EN_02/images/body","y":0.52,"width":389,"height":366}},"cheek":{"cheek":{"type":"linkedmesh","path":"EN_02/images/cheek","skin":"EN_01","parent":"cheek","width":138,"height":141}},"cheek2":{"cheek":{"type":"linkedmesh","path":"EN_02/images/cheek","skin":"EN_01","parent":"cheek","width":138,"height":141}}}},{"name":"EN_03","attachments":{"Ellipse 1":{"Ellipse 1":{"type":"linkedmesh","path":"EN_03/images/Ellipse 1","skin":"EN_01","parent":"Ellipse 1","width":170,"height":56}},"M1":{"M1":{"type":"linkedmesh","path":"EN_03/images/M1","skin":"EN_01","parent":"M1","width":298,"height":161},"M2":{"type":"linkedmesh","path":"EN_03/images/M2","skin":"EN_01","parent":"M2","width":340,"height":103},"M3":{"type":"linkedmesh","path":"EN_03/images/M3","skin":"EN_01","parent":"M3","width":79,"height":96}},"Y1":{"Y1":{"type":"linkedmesh","path":"EN_03/images/Y1","skin":"EN_01","parent":"Y1","width":263,"height":136},"Y2":{"type":"linkedmesh","path":"EN_03/images/Y2","skin":"EN_01","parent":"Y2","width":258,"height":115},"Y3":{"type":"linkedmesh","path":"EN_03/images/Y3","skin":"EN_01","parent":"Y3","width":265,"height":139}},"body":{"body":{"path":"EN_03/images/body","y":0.52,"width":389,"height":366}},"cheek":{"cheek":{"type":"linkedmesh","path":"EN_03/images/cheek","skin":"EN_01","parent":"cheek","width":138,"height":141}},"cheek2":{"cheek":{"type":"linkedmesh","path":"EN_03/images/cheek","skin":"EN_01","parent":"cheek","width":138,"height":141}}}},{"name":"EN_04","attachments":{"Ellipse 1":{"Ellipse 1":{"type":"linkedmesh","path":"EN_04/images/Ellipse 1","skin":"EN_01","parent":"Ellipse 1","width":170,"height":56}},"M1":{"M1":{"type":"linkedmesh","path":"EN_04/images/M1","skin":"EN_01","parent":"M1","width":298,"height":161},"M2":{"type":"linkedmesh","path":"EN_04/images/M2","skin":"EN_01","parent":"M2","width":340,"height":103},"M3":{"type":"linkedmesh","path":"EN_04/images/M3","skin":"EN_01","parent":"M3","width":78,"height":96}},"Y1":{"Y1":{"type":"linkedmesh","path":"EN_04/images/Y1","skin":"EN_01","parent":"Y1","width":265,"height":138},"Y2":{"type":"linkedmesh","path":"EN_04/images/Y2","skin":"EN_01","parent":"Y2","width":258,"height":115},"Y3":{"type":"linkedmesh","path":"EN_04/images/Y3","skin":"EN_01","parent":"Y3","width":267,"height":141}},"body":{"body":{"path":"EN_04/images/body","y":0.52,"width":389,"height":366}},"cheek":{"cheek":{"type":"linkedmesh","path":"EN_04/images/cheek","skin":"EN_01","parent":"cheek","width":138,"height":141}},"cheek2":{"cheek":{"type":"linkedmesh","path":"EN_04/images/cheek","skin":"EN_01","parent":"cheek","width":138,"height":141}}}},{"name":"EN_05","attachments":{"Ellipse 1":{"Ellipse 1":{"type":"linkedmesh","path":"EN_05/images/Ellipse 1","skin":"EN_01","parent":"Ellipse 1","width":170,"height":56}},"M1":{"M1":{"type":"linkedmesh","path":"EN_05/images/M1","skin":"EN_01","parent":"M1","width":298,"height":161},"M2":{"type":"mesh","path":"EN_05/images/M2","uvs":[1,1,0,1,0,0,1,0],"triangles":[1,2,3,1,3,0],"vertices":[-78.08,-152.16,-410.08,-152.16,-410.08,-49.16,-78.08,-49.16],"hull":4,"edges":[0,2,2,4,4,6,0,6],"width":340,"height":103},"M3":{"type":"linkedmesh","path":"EN_05/images/M3","skin":"EN_01","parent":"M3","width":78,"height":96}},"Y1":{"Y1":{"type":"linkedmesh","path":"EN_05/images/Y1","skin":"EN_01","parent":"Y1","width":265,"height":138},"Y2":{"type":"linkedmesh","path":"EN_05/images/Y2","skin":"EN_01","parent":"Y2","width":260,"height":117},"Y3":{"type":"linkedmesh","path":"EN_05/images/Y3","skin":"EN_01","parent":"Y3","width":267,"height":141}},"body":{"body":{"path":"EN_05/images/body","y":0.52,"width":389,"height":366}},"cheek":{"cheek":{"type":"linkedmesh","path":"EN_05/images/cheek","skin":"EN_01","parent":"cheek","width":138,"height":141}},"cheek2":{"cheek":{"type":"linkedmesh","path":"EN_05/images/cheek","skin":"EN_01","parent":"cheek","width":138,"height":141}}}}],"animations":{"01 Idle":{"slots":{"Ellipse 1":{"attachment":[{"time":0.4333,"name":null},{"time":0.5333,"name":"Ellipse 1"}]},"M1":{"attachment":[{"name":"M2"}]},"Y1":{"attachment":[{"time":0.4333,"name":"Y2"},{"time":0.5333,"name":"Y1"}]}},"bones":{"pelvid":{"scale":[{}]},"facial":{"translate":[{},{"time":0.5,"y":-3.68},{"time":1}]}},"deform":{"EN_01":{"Ellipse 1":{"Ellipse 1":[{"curve":"stepped"},{"time":1}]},"M1":{"M1":[{"curve":"stepped"},{"time":0.5}]}}}},"02 Alert":{"slots":{"Ellipse 1":{"attachment":[{"time":0.1,"name":null},{"time":0.1667,"name":"Ellipse 1"},{"time":0.4,"name":"Ellipse 1"},{"time":0.8333,"name":"Ellipse 1"},{"time":0.9333,"name":null},{"time":1,"name":"Ellipse 1"}]},"M1":{"attachment":[{"name":"M2"},{"time":0.2333,"name":"M1"},{"time":0.9333,"name":"M2"},{"time":1.0333,"name":"M1"}]},"Y1":{"attachment":[{"time":0.1,"name":"Y2"},{"time":0.1667,"name":"Y1"},{"time":0.4,"name":"Y1"},{"time":0.8333,"name":"Y1"},{"time":0.9333,"name":"Y2"},{"time":1,"name":"Y1"}]}},"bones":{"pelvid":{"scale":[{}]},"facial":{"translate":[{},{"time":0.1,"y":-3.68},{"time":0.2,"y":6.32},{"time":0.4,"y":-3.68,"curve":"stepped"},{"time":0.8333,"y":-3.68},{"time":0.9667,"x":15,"y":-3.68},{"time":1.0333,"x":15,"y":16.32},{"time":1.1667,"x":15,"y":3.32,"curve":"stepped"},{"time":1.5,"x":15,"y":3.32}]},"M":{"scale":[{"time":0.9333,"x":-1}]}},"deform":{"EN_01":{"Ellipse 1":{"Ellipse 1":[{},{"time":0.1667,"vertices":[-38.66583,-5.43908,-37.04608,17.97261,-29.33398,17.43909,-30.95383,-5.97261],"curve":"stepped"},{"time":0.4,"vertices":[-38.66583,-5.43908,-37.04608,17.97261,-29.33398,17.43909,-30.95383,-5.97261],"curve":"stepped"},{"time":0.8333,"vertices":[-38.66583,-5.43908,-37.04608,17.97261,-29.33398,17.43909,-30.95383,-5.97261]},{"time":0.9,"vertices":[-0.6416,20.61863,2.96404,-3.431,-4.95835,-4.61864,-8.56394,19.43096]},{"time":1,"vertices":[47.45091,25.38258,49.77277,-2.61781,40.54919,-3.38256,38.22713,24.61778]}]},"M1":{"M1":[{"curve":"stepped"},{"time":0.1667},{"time":0.2333,"vertices":[12.99997,-10.00003,12.99997,-10.00003,-18,-5.99995,-18,-5.99995],"curve":"stepped"},{"time":0.4,"vertices":[12.99997,-10.00003,12.99997,-10.00003,-18,-5.99995,-18,-5.99995],"curve":"stepped"},{"time":0.8333,"vertices":[12.99997,-10.00003,12.99997,-10.00003,-18,-5.99995,-18,-5.99995]},{"time":0.9333,"vertices":[-21.99998,11.00005,-21.99998,11.00005,-8.0E-5,-34,-8.0E-5,-34]},{"time":1.0333,"vertices":[517.9988,-33.00003,517.9988,-33.00003,479.9987,-10.99997,479.9987,-10.99997]},{"time":1.1,"vertices":[517.9988,-17,517.9988,-17,479.9987,-17,479.9987,-17],"curve":"stepped"},{"time":1.5,"vertices":[517.9988,-17,517.9988,-17,479.9987,-17,479.9987,-17]}],"M2":[{"curve":"stepped"},{"time":0.1},{"time":0.1333,"vertices":[2.83613,30.60154,4.63405,5.94315,-2.83612,-21.60156,-4.63398,3.05684]},{"time":0.1667,"vertices":[5.67226,25.20306,9.2681,-24.11371,-5.67224,-25.20305,-9.26796,24.11375],"curve":"stepped"},{"time":0.4,"vertices":[5.67226,25.20306,9.2681,-24.11371,-5.67224,-25.20305,-9.26796,24.11375],"curve":"stepped"},{"time":0.8333,"vertices":[5.67226,25.20306,9.2681,-24.11371,-5.67224,-25.20305,-9.26796,24.11375]},{"time":0.9333,"vertices":[519.67084,25.20306,523.26666,-24.11371,508.3264,-25.20305,504.73068,24.11375]}]},"Y1":{"Y1":[{"time":0.1667,"vertices":[-17.99997,7.99997,-17.99997,7.99997,-17.99997,7.99997,-17.99997,7.99997],"curve":"stepped"},{"time":0.4,"vertices":[-17.99997,7.99997,-17.99997,7.99997,-17.99997,7.99997,-17.99997,7.99997],"curve":"stepped"},{"time":0.8333,"vertices":[-17.99997,7.99997,-17.99997,7.99997,-17.99997,7.99997,-17.99997,7.99997],"curve":"stepped"},{"time":0.9,"vertices":[-17.99997,7.99997,-17.99997,7.99997,-17.99997,7.99997,-17.99997,7.99997]},{"time":1,"vertices":[-243.99979,7.99998,286,7.99998,286,7.99998,-243.99979,7.99998]}]}}}},"03 Hit":{"slots":{"Ellipse 1":{"attachment":[{"time":0.1333,"name":null},{"time":0.3,"name":"Ellipse 1"}]},"M1":{"attachment":[{"name":"M2"},{"time":0.1667,"name":"M1"}]},"Y1":{"attachment":[{"time":0.1333,"name":"Y2"},{"time":0.3,"name":"Y1"}]}},"bones":{"pelvid":{"scale":[{}]},"facial":{"translate":[{"curve":"stepped"},{"time":0.5}]},"Y black":{"translate":[{},{"time":0.1333,"y":-20.11},{"time":0.3,"curve":"stepped"},{"time":0.5}]},"Y":{"translate":[{},{"time":0.1333,"y":-20.11},{"time":0.3,"curve":"stepped"},{"time":0.5}]}},"deform":{"EN_01":{"Ellipse 1":{"Ellipse 1":[{"curve":"stepped"},{"time":0.5}]},"M1":{"M1":[{"time":0.1667,"offset":1,"vertices":[-25.99997,0,-25.99997,0,-25.99997,0,-25.99997]},{"time":0.3,"offset":1,"vertices":[18.00002,2.0E-5,18.00002,0,-25.99997,0,-25.99997]}],"M2":[{"time":0.0333},{"time":0.1333,"offset":1,"vertices":[-31.99998,-2.0E-5,-31.99998,0,-12.99998,0,-12.99998]}]}},"EN_05":{"M1":{"M2":[{"time":0.0333},{"time":0.1333,"offset":1,"vertices":[-31.99998,-2.0E-5,-31.99998,0,-12.99998,0,-12.99998]}]}}}},"04 Drown":{"slots":{"Ellipse 1":{"attachment":[{"name":"Ellipse 1"},{"time":0.8333,"name":"Ellipse 1"}]},"M1":{"attachment":[{"name":"M3"}]},"Y1":{"attachment":[{"name":"Y3"},{"time":0.8333,"name":"Y3"}]},"cheek":{"attachment":[{"name":"cheek"}]},"cheek2":{"attachment":[{"name":"cheek"}]}},"bones":{"pelvid":{"scale":[{}]},"facial":{"translate":[{},{"time":0.5,"y":-3.68},{"time":0.8333}]},"Y black":{"translate":[{"curve":"stepped"},{"time":0.8333}]},"Y":{"translate":[{"curve":"stepped"},{"time":0.8333}]}},"deform":{"EN_01":{"Ellipse 1":{"Ellipse 1":[{"offset":1,"vertices":[10.99997,0,10.99997,0,10.99997,0,10.99997],"curve":"stepped"},{"time":0.8333,"offset":1,"vertices":[10.99997,0,10.99997,0,10.99997,0,10.99997]}]},"M1":{"M3":[{},{"time":0.4333,"vertices":[-5.99715,7.34651,5.99713,7.34651,5.99719,-7.34651,-5.99715,-7.34651]},{"time":0.8333}]},"cheek":{"cheek":[{"vertices":[-7.39154,-12.59113,-32.04547,-12.59113,-32.04544,12.59113,-7.39151,12.59113]},{"time":0.3333},{"time":0.8333,"vertices":[-7.39154,-12.59113,-32.04547,-12.59113,-32.04544,12.59113,-7.39151,12.59113]}]},"cheek2":{"cheek":[{"vertices":[32.0455,-12.59113,7.39151,-12.59113,7.39151,12.59113,32.0455,12.59113]},{"time":0.3333},{"time":0.8333,"vertices":[32.0455,-12.59113,7.39151,-12.59113,7.39151,12.59113,32.0455,12.59113]}]}}}}}}