{"skeleton":{"hash":"tTywPd89nywpd5zeQJPy1ojwJ4Y","spine":"3.8.99","x":-84.95,"y":-84.92,"width":169.45,"height":169.16,"images":"./images/","audio":"D:/01 JOB/01. ZEN STUDIO/24. RED BALL/ANIMATION/RollerBall_Anim_Enemy/Enemy01"},"bones":[{"name":"root"},{"name":"char","parent":"root","y":-0.52,"scaleX":0.5,"scaleY":0.5},{"name":"pelvid","parent":"char","color":"e84141ff"},{"name":"facial","parent":"pelvid","x":247.39,"y":100.83,"color":"e84141ff"},{"name":"M","parent":"facial","x":-3.68,"y":-59.62,"color":"e84141ff"},{"name":"effect","parent":"root","x":-6.94,"y":-5.14,"scaleX":0.5,"scaleY":0.5},{"name":"Y","parent":"facial","x":-3.39,"y":-33.63,"color":"e84141ff"}],"slots":[{"name":"body","bone":"pelvid","attachment":"body"},{"name":"effect_body","bone":"effect","attachment":"effect_body"},{"name":"Y1","bone":"Y","attachment":"Y1"},{"name":"M1","bone":"M","attachment":"M2"},{"name":"icon_star","bone":"effect"},{"name":"Ellipse 1","bone":"Y","attachment":"Ellipse 1"}],"skins":[{"name":"default","attachments":{"Ellipse 1":{"Ellipse 1":{"type":"mesh","uvs":[1,1,0,1,0,0,1,0],"triangles":[1,2,3,1,3,0],"vertices":[-163.26,-45.24,-333.26,-45.24,-333.26,10.76,-163.26,10.76],"hull":4,"edges":[0,2,2,4,4,6,0,6],"width":170,"height":56}},"M1":{"M1":{"type":"mesh","uvs":[1,1,0,1,0,0,1,0],"triangles":[1,2,3,1,3,0],"vertices":[-93.59,-170.76,-391.59,-170.76,-391.59,-47.76,-93.59,-47.76],"hull":4,"edges":[0,2,2,4,4,6,0,6],"width":298,"height":123},"M2":{"type":"mesh","uvs":[1,1,0,1,0,0,1,0],"triangles":[1,2,3,1,3,0],"vertices":[-117.2,-146.41,-367.99,-146.41,-367.99,-69,-117.2,-69],"hull":4,"edges":[0,2,2,4,4,6,0,6],"width":267,"height":72}},"Y1":{"Y1":{"type":"mesh","uvs":[1,1,0,1,0,0,1,0],"triangles":[1,2,3,1,3,0],"vertices":[-114.68,-81.58,-379.68,-81.58,-379.68,56.42,-114.68,56.42],"hull":4,"edges":[0,2,2,4,4,6,0,6],"width":265,"height":138},"Y2":{"type":"mesh","uvs":[0.99625,1,0.00375,1,0.00375,0,0.99625,0],"triangles":[1,2,3,1,3,0],"vertices":[-114.68,-81.58,-379.68,-81.58,-379.68,56.42,-114.68,56.42],"hull":4,"edges":[0,2,2,4,4,6,0,6],"width":267,"height":126},"Y3":{"type":"mesh","uvs":[0.99625,0.98936,0.00375,0.98936,0.00375,0.01064,0.99625,0.01064],"triangles":[1,2,3,1,3,0],"vertices":[-114.68,-81.58,-379.68,-81.58,-379.68,56.42,-114.68,56.42],"hull":4,"edges":[0,2,2,4,4,6,0,6],"width":267,"height":141}},"body":{"body":{"type":"mesh","uvs":[1,1,0,1,0,0,1,0],"triangles":[1,2,3,1,3,0],"vertices":[169,-168.48,-169,-168.48,-169,169.52,169,169.52],"hull":4,"edges":[0,2,2,4,4,6,0,6],"width":338,"height":338}},"effect_body":{"effect_body":{"x":12.97,"y":9.45,"width":338,"height":338}},"icon_star":{"icon_star":{"type":"mesh","uvs":[1,1,0,1,0,0,1,0],"triangles":[1,2,3,1,3,0],"vertices":[-156.6,136.76,-229.6,136.76,-229.6,213.76,-156.6,213.76],"hull":4,"edges":[0,2,2,4,4,6,0,6],"width":73,"height":77}}}}],"animations":{"01 Idle":{"slots":{"effect_body":{"color":[{"color":"ffffffff","curve":0.25,"c3":0.75},{"time":0.2333,"color":"ffffff00","curve":0.25,"c3":0.75},{"time":0.4667,"color":"ffffffff","curve":0.25,"c3":0.75},{"time":0.7333,"color":"ffffff00","curve":0.25,"c3":0.75},{"time":1,"color":"ffffffff"}]}},"bones":{"pelvid":{"scale":[{}]},"facial":{"translate":[{},{"time":0.5,"y":-3.68},{"time":1}]}},"deform":{"default":{"M1":{"M2":[{"curve":0.25,"c3":0.75},{"time":0.6333,"offset":1,"vertices":[-10.01999,0,-10.01999,0,-10.01999,0,-10.01999],"curve":0.25,"c3":0.75},{"time":1}]}}}},"02 Hit":{"slots":{"Ellipse 1":{"attachment":[{"time":0.1333,"name":null},{"time":0.2333,"name":"Ellipse 1"}]},"M1":{"attachment":[{"time":0.1,"name":"M1"},{"time":0.2,"name":"M2"}]},"Y1":{"attachment":[{"time":0.1333,"name":"Y2"},{"time":0.2333,"name":"Y1"}]},"effect_body":{"color":[{"color":"ffffff00","curve":0.25,"c3":0.75},{"time":0.1,"color":"ffffffff","curve":0.25,"c3":0.75},{"time":0.2333,"color":"ffffff00","curve":"stepped"},{"time":0.3333,"color":"ffffff00"}]}},"bones":{"pelvid":{"scale":[{}]},"facial":{"translate":[{"curve":0.25,"c3":0.75},{"time":0.1333,"y":-18.96,"curve":0.25,"c3":0.75},{"time":0.3333}]}},"deform":{"default":{"M1":{"M1":[{"time":0.1,"vertices":[-19.25127,14.36663,22.41203,14.36663,22.412,-7.47066,-19.2513,-7.47066],"curve":0.25,"c3":0.75},{"time":0.1667,"vertices":[-16.37794,-5.0E-5,18.10205,-5.0E-5,18.10202,5.17201,-16.37798,5.17201]}]}}}},"03 Tired":{"slots":{"Ellipse 1":{"attachment":[{"name":"Ellipse 1"}]},"M1":{"attachment":[{"name":"M1"}]},"Y1":{"attachment":[{"name":"Y3"}]},"effect_body":{"attachment":[{"name":null}]},"icon_star":{"attachment":[{"name":"icon_star"}]}},"bones":{"pelvid":{"scale":[{"curve":"stepped"},{"time":1}]},"facial":{"translate":[{"curve":0.25,"c3":0.75},{"time":0.6,"y":-3.68,"curve":0.25,"c3":0.75},{"time":1}]}},"deform":{"default":{"Ellipse 1":{"Ellipse 1":[{"vertices":[-1.23596,9.88804,-1.23596,9.88804,-1.23596,9.88804,-1.23596,9.88804]}]},"M1":{"M2":[{"vertices":[-13.79198,0,12.06799,0,12.06799,-23.68802,-13.79198,-23.68802],"curve":0.25,"c3":0.75},{"time":0.5,"vertices":[-17.24002,0,17.23993,0,17.23993,-9.25804,-17.24002,-9.25804],"curve":0.25,"c3":0.75},{"time":1,"vertices":[-13.79198,0,12.06799,0,12.06799,-23.68802,-13.79198,-23.68802]}],"M1":[{"curve":0.25,"c3":0.75},{"time":0.5,"offset":1,"vertices":[-10.34398,0,-10.34398],"curve":0.25,"c3":0.75},{"time":1}]},"icon_star":{"icon_star":[{"vertices":[-9.90471,-7.4041,-7.92146,9.49605,9.90471,7.40413,7.92146,-9.49605],"curve":0.25,"c3":0.75},{"time":0.1,"vertices":[78.11401,-43.3663,79.49239,-29.24718,94.38516,-30.70108,93.00673,-44.82022],"curve":0.25,"c3":0.75},{"time":0.2333,"vertices":[201.24895,-46.61703,201.24895,-46.61703,201.24895,-46.61703,201.24895,-46.61703],"curve":0.25,"c3":0.75},{"time":0.4,"vertices":[318.76636,-21.20135,320.10056,-35.09423,305.44656,-36.50148,304.11224,-22.60859],"curve":0.25,"c3":0.75},{"time":0.5,"vertices":[390.5298,16.79529,396.02704,-10.99673,366.71222,-16.79529,361.21497,10.99675],"curve":0.25,"c3":0.75},{"time":0.6333,"vertices":[283.84137,40.18079,285.13797,26.48304,270.6897,25.11536,269.3931,38.8131],"curve":0.25,"c3":0.75},{"time":0.7333,"vertices":[201.24895,37.52103,201.24895,37.52103,201.24895,37.52103,201.24895,37.52103],"curve":0.25,"c3":0.75},{"time":0.9,"vertices":[67.26408,28.4446,68.66421,42.67344,83.67271,41.19657,82.27255,26.96772],"curve":0.25,"c3":0.75},{"time":1}]}}},"drawOrder":[{"time":0.5333,"offsets":[{"slot":"icon_star","offset":-4}]}]},"04 Attack":{"slots":{"M1":{"attachment":[{"name":"M1"}]},"effect_body":{"color":[{"color":"ffffffff","curve":0.25,"c3":0.75},{"time":0.2333,"color":"ffffff00","curve":0.25,"c3":0.75},{"time":0.4667,"color":"ffffffff","curve":0.25,"c3":0.75},{"time":0.7333,"color":"ffffff00","curve":0.25,"c3":0.75},{"time":1,"color":"ffffffff"}]}},"bones":{"pelvid":{"scale":[{}]},"facial":{"translate":[{},{"time":0.5,"y":-3.68},{"time":1}]}},"deform":{"default":{"M1":{"M1":[{"offset":1,"vertices":[9.88795,0,9.88795,0,-16.06798,0,-16.06798],"curve":0.25,"c3":0.75},{"time":0.5,"offset":1,"vertices":[-2.47201,-9.0E-5,-2.47201,-9.0E-5,-11.12389,-9.0E-5,-11.12389],"curve":0.25,"c3":0.75},{"time":1,"offset":1,"vertices":[9.88795,0,9.88795,0,-16.06798,0,-16.06798]}]}}}}}}