{"skeleton":{"hash":"kOheQ76uBvaXGBt4BmkgrR7Gw9A","spine":"3.8.99","x":-35.27,"y":-28.98,"width":69.02,"height":69.06,"images":"./images/","audio":"D:/01 JOB/01. ZEN STUDIO/24. RED BALL/ANIMATION/RollerBall_Anim_Enemy/Enemy01"},"bones":[{"name":"root"},{"name":"char","parent":"root","scaleX":0.17,"scaleY":0.17},{"name":"pelvid","parent":"char","color":"e84141ff"},{"name":"facial","parent":"pelvid","x":247.39,"y":100.83,"color":"e84141ff"},{"name":"Y black","parent":"facial","x":-2.21,"y":-21.34,"color":"e84141ff"},{"name":"Y","parent":"facial","x":-2.21,"y":-34.59,"color":"e84141ff"},{"name":"M","parent":"facial","x":-3.68,"y":-59.62,"color":"e84141ff"},{"name":"helmet","parent":"char"}],"slots":[{"name":"Helmet_back","bone":"helmet","attachment":"Helmet_back"},{"name":"body","bone":"pelvid","attachment":"body"},{"name":"Y1","bone":"Y","attachment":"Y1"},{"name":"Ellipse 1","bone":"Y black","attachment":"Ellipse 1"},{"name":"M1","bone":"M","attachment":"M2"},{"name":"cheek","bone":"facial"},{"name":"cheek2","bone":"facial"},{"name":"Helmet","bone":"helmet","attachment":"Helmet"}],"skins":[{"name":"default","attachments":{"Ellipse 1":{"Ellipse 1":{"type":"mesh","uvs":[1,1,0,1,0,0,1,0],"triangles":[1,2,3,1,3,0],"vertices":[-163.66,-58.95,-333.66,-58.95,-333.66,-2.95,-163.66,-2.95],"hull":4,"edges":[0,2,2,4,4,6,0,6],"width":170,"height":56}},"Helmet":{"Helmet":{"type":"mesh","uvs":[1,1,0,1,0,0,1,0],"triangles":[1,2,3,1,3,0],"vertices":[198.53,-145.25,-207.47,-145.25,-207.47,235.75,198.53,235.75],"hull":4,"edges":[0,2,2,4,4,6,0,6],"width":406,"height":381}},"Helmet_back":{"Helmet_back":{"type":"mesh","uvs":[1,1,0,1,0,0,1,0],"triangles":[1,2,3,1,3,0],"vertices":[198.53,-77.25,-206.47,-77.25,-206.47,235.75,198.53,235.75],"hull":4,"edges":[0,2,2,4,4,6,0,6],"width":405,"height":313}},"M1":{"M1":{"type":"mesh","uvs":[1,1,0,1,0,0,1,0],"triangles":[1,2,3,1,3,0],"vertices":[-96.19,-162.47,-394.19,-162.47,-394.19,-39.47,-96.19,-39.47],"hull":4,"edges":[0,2,2,4,4,6,0,6],"width":298,"height":123},"M2":{"type":"mesh","uvs":[1,1,0,1,0,0,1,0],"triangles":[1,2,3,1,3,0],"vertices":[-106.58,-127.66,-373.58,-127.66,-373.58,-55.66,-106.58,-55.66],"hull":4,"edges":[0,2,2,4,4,6,0,6],"width":267,"height":72},"M3":{"type":"mesh","uvs":[1,1,0,1,0,0,1,0],"triangles":[1,2,3,1,3,0],"vertices":[-203.79,-140.28,-283.79,-140.28,-283.79,-42.28,-203.79,-42.28],"hull":4,"edges":[0,2,2,4,4,6,0,6],"width":80,"height":98}},"Y1":{"Y1":{"type":"mesh","uvs":[1,1,0,1,0,0,1,0],"triangles":[1,2,3,1,3,0],"vertices":[-112.45,-80.49,-377.45,-80.49,-377.45,57.51,-112.45,57.51],"hull":4,"edges":[0,2,2,4,4,6,0,6],"width":265,"height":138},"Y2":{"type":"mesh","uvs":[1,1,0,1,0,0,1,0],"triangles":[1,2,3,1,3,0],"vertices":[-116.56,-79.84,-376.56,-79.84,-376.56,37.16,-116.56,37.16],"hull":4,"edges":[0,2,2,4,4,6,0,6],"width":260,"height":117},"Y3":{"type":"mesh","uvs":[1,1,0,1,0,0,1,0],"triangles":[1,2,3,1,3,0],"vertices":[-110.12,-79.33,-377.12,-79.33,-377.12,61.67,-110.12,61.67],"hull":4,"edges":[0,2,2,4,4,6,0,6],"width":267,"height":141}},"body":{"body":{"y":0.52,"width":341,"height":342}},"cheek":{"cheek":{"type":"mesh","uvs":[1,1,0,1,0,0,1,0],"triangles":[1,2,3,1,3,0],"vertices":[-281.87,-233.08,-421.87,-233.08,-421.87,-90.08,-281.87,-90.08],"hull":4,"edges":[0,2,2,4,4,6,0,6],"width":140,"height":143}},"cheek2":{"cheek":{"type":"mesh","uvs":[1,1,0,1,0,0,1,0],"triangles":[1,2,3,1,3,0],"vertices":[-80.72,-233.08,-220.72,-233.08,-220.72,-90.08,-80.72,-90.08],"hull":4,"edges":[0,2,2,4,4,6,0,6],"width":140,"height":143}}}}],"animations":{"01 Idle":{"slots":{"Ellipse 1":{"attachment":[{"time":0.4333,"name":null},{"time":0.5333,"name":"Ellipse 1"}]},"Y1":{"attachment":[{"time":0.4333,"name":"Y2"},{"time":0.5333,"name":"Y1"}]}},"bones":{"pelvid":{"scale":[{}]},"facial":{"translate":[{},{"time":0.5,"y":-3.68},{"time":1}]}},"deform":{"default":{"Ellipse 1":{"Ellipse 1":[{"curve":"stepped"},{"time":1}]},"M1":{"M1":[{},{"time":0.6,"offset":1,"vertices":[-7.36,0,-7.36,0,1.472,0,1.472]},{"time":1}]}}}},"02 Alert":{"slots":{"Ellipse 1":{"attachment":[{"time":0.0667,"name":null},{"time":0.1333,"name":"Ellipse 1"},{"time":0.3667,"name":"Ellipse 1"},{"time":0.8,"name":"Ellipse 1"},{"time":0.9,"name":null},{"time":0.9667,"name":"Ellipse 1"},{"time":1.4333,"name":"Ellipse 1"}]},"M1":{"attachment":[{"name":"M2"},{"time":0.2,"name":"M1"},{"time":0.9,"name":"M2"},{"time":1,"name":"M1"},{"time":1.5,"name":"M2"}]},"Y1":{"attachment":[{"time":0.0667,"name":"Y2"},{"time":0.1333,"name":"Y1"},{"time":0.3667,"name":"Y1"},{"time":0.8,"name":"Y1"},{"time":0.9,"name":"Y2"},{"time":0.9667,"name":"Y1"}]}},"bones":{"pelvid":{"scale":[{"curve":"stepped"},{"time":1.5}]},"facial":{"translate":[{},{"time":0.0667,"y":-3.68},{"time":0.1667,"x":-26.59,"y":12.1},{"time":0.3,"x":-26.59,"y":6.32,"curve":"stepped"},{"time":0.8,"x":-26.59,"y":6.32},{"time":0.9333,"x":15,"y":-3.68},{"time":1,"x":15,"y":16.32},{"time":1.1333,"x":15,"y":3.32,"curve":"stepped"},{"time":1.4333,"x":15,"y":3.32},{"time":1.5}]},"M":{"scale":[{"time":0.9,"x":-1}]}},"deform":{"default":{"Ellipse 1":{"Ellipse 1":[{},{"time":0.1333,"vertices":[-29.00018,-15.9394,-25.77847,17.00066,-14.92767,15.93938,-18.14948,-17.00066],"curve":"stepped"},{"time":0.8,"vertices":[-29.00018,-15.9394,-25.77847,17.00066,-14.92767,15.93938,-18.14948,-17.00066]},{"time":0.9667,"vertices":[24.47665,15.88187,27.29675,-14.95305,17.13922,-15.8819,14.31921,14.95299],"curve":"stepped"},{"time":1.4333,"vertices":[24.47665,15.88187,27.29675,-14.95305,17.13922,-15.8819,14.31921,14.95299]},{"time":1.5}]},"M1":{"M1":[{"time":0.2,"vertices":[23.11996,-6.93603,23.11996,-6.93603,23.11996,-6.93603,23.11996,-6.93603],"curve":"stepped"},{"time":0.8,"vertices":[23.11996,-6.93603,23.11996,-6.93603,23.11996,-6.93603,23.11996,-6.93603]},{"time":0.9,"vertices":[3.46793,-6.93603,3.46793,-6.93603,3.46793,-6.93603,3.46793,-6.93603]},{"time":1,"vertices":[510.37674,-6.89717,510.37674,-6.89717,510.37674,-6.89717,510.37674,-6.89717]}],"M2":[{"time":0.9,"vertices":[491.98596,0,491.98596,0,491.98596,0,491.98596]}]}}}},"03 Hit":{"slots":{"Ellipse 1":{"attachment":[{"time":0.1333,"name":null},{"time":0.3,"name":"Ellipse 1"}]},"Helmet":{"color":[{"time":0.5,"color":"ffffffff"},{"time":0.6667,"color":"ffffff00"}]},"Helmet_back":{"color":[{"time":0.5,"color":"ffffffff"},{"time":0.6667,"color":"ffffff00"}]},"M1":{"attachment":[{"time":0.1333,"name":"M1"},{"time":0.4333,"name":"M2"}]},"Y1":{"attachment":[{"time":0.1333,"name":"Y2"},{"time":0.3,"name":"Y1"}]}},"bones":{"pelvid":{"scale":[{}]},"facial":{"translate":[{},{"time":0.5,"y":-3.68},{"time":0.8333}]},"Y black":{"translate":[{},{"time":0.1333,"y":-20.11},{"time":0.3,"curve":"stepped"},{"time":0.8333}]},"Y":{"translate":[{},{"time":0.1333,"y":-20.11},{"time":0.3,"curve":"stepped"},{"time":0.8333}]},"helmet":{"rotate":[{},{"time":0.1333,"angle":-18.23},{"time":0.3667,"angle":-120.95},{"time":0.6667,"angle":-177.15}],"translate":[{},{"time":0.1333,"x":34.54,"y":144.84},{"time":0.2333,"x":209.97,"y":220.62},{"time":0.3667,"x":384.9,"y":62.21},{"time":0.4333,"x":465.96,"y":103.93},{"time":0.5333,"x":543.86,"y":79.35},{"time":0.6,"x":574.34,"y":96.93},{"time":0.6667,"x":604.83,"y":71.6}]}},"deform":{"default":{"Ellipse 1":{"Ellipse 1":[{"curve":"stepped"},{"time":0.8333}]},"M1":{"M1":[{},{"time":0.1333,"offset":1,"vertices":[34.21098,0,34.21098,-1.4E-4,-38.75798,-1.4E-4,-38.75798]},{"time":0.2667,"offset":1,"vertices":[2.025,0,2.025,-1.4E-4,-20.36601,-1.4E-4,-20.36601]},{"time":0.3667,"offset":1,"vertices":[8.56468,0,8.56468,-1.7E-4,-30.56608,-1.7E-4,-30.56608]},{"time":0.4,"offset":1,"vertices":[33.24186,2.0E-5,33.24186,-1.6E-4,-46.77488,-1.6E-4,-46.77488]},{"time":0.8333}],"M2":[{"time":0.1}]}}}},"04 Drown":{"slots":{"Ellipse 1":{"attachment":[{"name":"Ellipse 1"},{"time":0.8333,"name":"Ellipse 1"}]},"M1":{"attachment":[{"name":"M3"}]},"Y1":{"attachment":[{"name":"Y3"},{"time":0.8333,"name":"Y3"}]},"cheek":{"attachment":[{"name":"cheek"},{"time":0.8333,"name":"cheek"}]},"cheek2":{"attachment":[{"name":"cheek"},{"time":0.8333,"name":"cheek"}]}},"bones":{"pelvid":{"scale":[{}]},"facial":{"translate":[{},{"time":0.5,"y":-3.68},{"time":0.8333}]},"Y black":{"translate":[{"curve":"stepped"},{"time":0.8333}]},"Y":{"translate":[{"curve":"stepped"},{"time":0.8333}]}},"deform":{"default":{"Ellipse 1":{"Ellipse 1":[{"vertices":[6.70496,13.41005,6.70496,13.41005,6.70496,13.41005,6.70496,13.41005],"curve":"stepped"},{"time":0.8333,"vertices":[6.70496,13.41005,6.70496,13.41005,6.70496,13.41005,6.70496,13.41005]}]},"M1":{"M1":[{"curve":"stepped"},{"time":0.8333}],"M3":[{},{"time":0.4333,"vertices":[-5.99715,7.34651,5.99713,7.34651,5.99719,-7.34651,-5.99715,-7.34651]},{"time":0.8333}]},"cheek":{"cheek":[{"vertices":[12.599,-5.03645,2.73743,-5.03645,2.73744,5.03645,12.59901,5.03645]},{"time":0.3333},{"time":0.8333,"vertices":[12.599,-5.03645,2.73743,-5.03645,2.73744,5.03645,12.59901,5.03645]}]},"cheek2":{"cheek":[{"vertices":[-0.81099,-5.03645,-10.67256,-5.03645,-10.67255,5.03645,-0.81097,5.03645]},{"time":0.3333},{"time":0.8333,"vertices":[-0.81099,-5.03645,-10.67256,-5.03645,-10.67255,5.03645,-0.81097,5.03645]}]}}}}}}